rag_place_id,source_path,backend_path,public_url,image_order,is_primary
AG_0009,E:/testmodelrag/smarttravel-rag-v2/data/image_pipeline/downloaded/optimized/AG_0009/AG_0009_01.webp,E:/testmodelrag/unutrip/backend/public/images/destinations/AG_0009/AG_0009_01.webp,/images/destinations/AG_0009/AG_0009_01.webp,1,1
AG_0009,E:/testmodelrag/smarttravel-rag-v2/data/image_pipeline/downloaded/optimized/AG_0009/AG_0009_02.webp,E:/testmodelrag/unutrip/backend/public/images/destinations/AG_0009/AG_0009_02.webp,/images/destinations/AG_0009/AG_0009_02.webp,2,0
AG_0009,E:/testmodelrag/smarttravel-rag-v2/data/image_pipeline/downloaded/optimized/AG_0009/AG_0009_03.webp,E:/testmodelrag/unutrip/backend/public/images/destinations/AG_0009/AG_0009_03.webp,/images/destinations/AG_0009/AG_0009_03.webp,3,0
AG_0009,E:/testmodelrag/smarttravel-rag-v2/data/image_pipeline/downloaded/optimized/AG_0009/AG_0009_04.webp,E:/testmodelrag/unutrip/backend/public/images/destinations/AG_0009/AG_0009_04.webp,/images/destinations/AG_0009/AG_0009_04.webp,4,0
AG_0018,E:/testmodelrag/smarttravel-rag-v2/data/image_pipeline/downloaded/optimized/AG_0018/AG_0018_01.webp,E:/testmodelrag/unutrip/backend/public/images/destinations/AG_0018/AG_0018_01.webp,/images/destinations/AG_0018/AG_0018_01.webp,1,1
AG_0018,E:/testmodelrag/smarttravel-rag-v2/data/image_pipeline/downloaded/optimized/AG_0018/AG_0018_02.webp,E:/testmodelrag/unutrip/backend/public/images/destinations/AG_0018/AG_0018_02.webp,/images/destinations/AG_0018/AG_0018_02.webp,2,0
AG_0018,E:/testmodelrag/smarttravel-rag-v2/data/image_pipeline/downloaded/optimized/AG_0018/AG_0018_03.webp,E:/testmodelrag/unutrip/backend/public/images/destinations/AG_0018/AG_0018_03.webp,/images/destinations/AG_0018/AG_0018_03.webp,3,0
AG_0018,E:/testmodelrag/smarttravel-rag-v2/data/image_pipeline/downloaded/optimized/AG_0018/AG_0018_04.webp,E:/testmodelrag/unutrip/backend/public/images/destinations/AG_0018/AG_0018_04.webp,/images/destinations/AG_0018/AG_0018_04.webp,4,0
AG_0047,E:/testmodelrag/smarttravel-rag-v2/data/image_pipeline/downloaded/optimized/AG_0047/AG_0047_01.webp,E:/testmodelrag/unutrip/backend/public/images/destinations/AG_0047/AG_0047_01.webp,/images/destinations/AG_0047/AG_0047_01.webp,1,1
AG_0047,E:/testmodelrag/smarttravel-rag-v2/data/image_pipeline/downloaded/optimized/AG_0047/AG_0047_02.webp,E:/testmodelrag/unutrip/backend/public/images/destinations/AG_0047/AG_0047_02.webp,/images/destinations/AG_0047/AG_0047_02.webp,2,0
BDI_0001,E:/testmodelrag/smarttravel-rag-v2/data/image_pipeline/downloaded/optimized/BDI_0001/BDI_0001_01.webp,E:/testmodelrag/unutrip/backend/public/images/destinations/BDI_0001/BDI_0001_01.webp,/images/destinations/BDI_0001/BDI_0001_01.webp,1,1
BDI_0001,E:/testmodelrag/smarttravel-rag-v2/data/image_pipeline/downloaded/optimized/BDI_0001/BDI_0001_02.webp,E:/testmodelrag/unutrip/backend/public/images/destinations/BDI_0001/BDI_0001_02.webp,/images/destinations/BDI_0001/BDI_0001_02.webp,2,0
BDI_0001,E:/testmodelrag/smarttravel-rag-v2/data/image_pipeline/downloaded/optimized/BDI_0001/BDI_0001_03.webp,E:/testmodelrag/unutrip/backend/public/images/destinations/BDI_0001/BDI_0001_03.webp,/images/destinations/BDI_0001/BDI_0001_03.webp,3,0
BDI_0002,E:/testmodelrag/smarttravel-rag-v2/data/image_pipeline/downloaded/optimized/BDI_0002/BDI_0002_01.webp,E:/testmodelrag/unutrip/backend/public/images/destinations/BDI_0002/BDI_0002_01.webp,/images/destinations/BDI_0002/BDI_0002_01.webp,1,1
BDI_0002,E:/testmodelrag/smarttravel-rag-v2/data/image_pipeline/downloaded/optimized/BDI_0002/BDI_0002_02.webp,E:/testmodelrag/unutrip/backend/public/images/destinations/BDI_0002/BDI_0002_02.webp,/images/destinations/BDI_0002/BDI_0002_02.webp,2,0
BDI_0002,E:/testmodelrag/smarttravel-rag-v2/data/image_pipeline/downloaded/optimized/BDI_0002/BDI_0002_03.webp,E:/testmodelrag/unutrip/backend/public/images/destinations/BDI_0002/BDI_0002_03.webp,/images/destinations/BDI_0002/BDI_0002_03.webp,3,0
BDI_0017,E:/testmodelrag/smarttravel-rag-v2/data/image_pipeline/downloaded/optimized/BDI_0017/BDI_0017_01.webp,E:/testmodelrag/unutrip/backend/public/images/destinations/BDI_0017/BDI_0017_01.webp,/images/destinations/BDI_0017/BDI_0017_01.webp,1,1
BDI_0017,E:/testmodelrag/smarttravel-rag-v2/data/image_pipeline/downloaded/optimized/BDI_0017/BDI_0017_02.webp,E:/testmodelrag/unutrip/backend/public/images/destinations/BDI_0017/BDI_0017_02.webp,/images/destinations/BDI_0017/BDI_0017_02.webp,2,0
BDI_0017,E:/testmodelrag/smarttravel-rag-v2/data/image_pipeline/downloaded/optimized/BDI_0017/BDI_0017_03.webp,E:/testmodelrag/unutrip/backend/public/images/destinations/BDI_0017/BDI_0017_03.webp,/images/destinations/BDI_0017/BDI_0017_03.webp,3,0
BDU_0008,E:/testmodelrag/smarttravel-rag-v2/data/image_pipeline/downloaded/optimized/BDU_0008/BDU_0008_01.webp,E:/testmodelrag/unutrip/backend/public/images/destinations/BDU_0008/BDU_0008_01.webp,/images/destinations/BDU_0008/BDU_0008_01.webp,1,1
BDU_0008,E:/testmodelrag/smarttravel-rag-v2/data/image_pipeline/downloaded/optimized/BDU_0008/BDU_0008_02.webp,E:/testmodelrag/unutrip/backend/public/images/destinations/BDU_0008/BDU_0008_02.webp,/images/destinations/BDU_0008/BDU_0008_02.webp,2,0
BDU_0010,E:/testmodelrag/smarttravel-rag-v2/data/image_pipeline/downloaded/optimized/BDU_0010/BDU_0010_01.webp,E:/testmodelrag/unutrip/backend/public/images/destinations/BDU_0010/BDU_0010_01.webp,/images/destinations/BDU_0010/BDU_0010_01.webp,1,1
BDU_0010,E:/testmodelrag/smarttravel-rag-v2/data/image_pipeline/downloaded/optimized/BDU_0010/BDU_0010_02.webp,E:/testmodelrag/unutrip/backend/public/images/destinations/BDU_0010/BDU_0010_02.webp,/images/destinations/BDU_0010/BDU_0010_02.webp,2,0
BDU_0010,E:/testmodelrag/smarttravel-rag-v2/data/image_pipeline/downloaded/optimized/BDU_0010/BDU_0010_03.webp,E:/testmodelrag/unutrip/backend/public/images/destinations/BDU_0010/BDU_0010_03.webp,/images/destinations/BDU_0010/BDU_0010_03.webp,3,0
BDU_0035,E:/testmodelrag/smarttravel-rag-v2/data/image_pipeline/downloaded/optimized/BDU_0035/BDU_0035_01.webp,E:/testmodelrag/unutrip/backend/public/images/destinations/BDU_0035/BDU_0035_01.webp,/images/destinations/BDU_0035/BDU_0035_01.webp,1,1
BDU_0035,E:/testmodelrag/smarttravel-rag-v2/data/image_pipeline/downloaded/optimized/BDU_0035/BDU_0035_02.webp,E:/testmodelrag/unutrip/backend/public/images/destinations/BDU_0035/BDU_0035_02.webp,/images/destinations/BDU_0035/BDU_0035_02.webp,2,0
BDU_0035,E:/testmodelrag/smarttravel-rag-v2/data/image_pipeline/downloaded/optimized/BDU_0035/BDU_0035_03.webp,E:/testmodelrag/unutrip/backend/public/images/destinations/BDU_0035/BDU_0035_03.webp,/images/destinations/BDU_0035/BDU_0035_03.webp,3,0
BDU_0035,E:/testmodelrag/smarttravel-rag-v2/data/image_pipeline/downloaded/optimized/BDU_0035/BDU_0035_04.webp,E:/testmodelrag/unutrip/backend/public/images/destinations/BDU_0035/BDU_0035_04.webp,/images/destinations/BDU_0035/BDU_0035_04.webp,4,0
BDU_0035,E:/testmodelrag/smarttravel-rag-v2/data/image_pipeline/downloaded/optimized/BDU_0035/BDU_0035_05.webp,E:/testmodelrag/unutrip/backend/public/images/destinations/BDU_0035/BDU_0035_05.webp,/images/destinations/BDU_0035/BDU_0035_05.webp,5,0
BK_0002,E:/testmodelrag/smarttravel-rag-v2/data/image_pipeline/downloaded/optimized/BK_0002/BK_0002_01.webp,E:/testmodelrag/unutrip/backend/public/images/destinations/BK_0002/BK_0002_01.webp,/images/destinations/BK_0002/BK_0002_01.webp,1,1
BK_0002,E:/testmodelrag/smarttravel-rag-v2/data/image_pipeline/downloaded/optimized/BK_0002/BK_0002_02.webp,E:/testmodelrag/unutrip/backend/public/images/destinations/BK_0002/BK_0002_02.webp,/images/destinations/BK_0002/BK_0002_02.webp,2,0
BK_0002,E:/testmodelrag/smarttravel-rag-v2/data/image_pipeline/downloaded/optimized/BK_0002/BK_0002_03.webp,E:/testmodelrag/unutrip/backend/public/images/destinations/BK_0002/BK_0002_03.webp,/images/destinations/BK_0002/BK_0002_03.webp,3,0
BRVT_0009,E:/testmodelrag/smarttravel-rag-v2/data/image_pipeline/downloaded/optimized/BRVT_0009/BRVT_0009_01.webp,E:/testmodelrag/unutrip/backend/public/images/destinations/BRVT_0009/BRVT_0009_01.webp,/images/destinations/BRVT_0009/BRVT_0009_01.webp,1,1
BRVT_0009,E:/testmodelrag/smarttravel-rag-v2/data/image_pipeline/downloaded/optimized/BRVT_0009/BRVT_0009_02.webp,E:/testmodelrag/unutrip/backend/public/images/destinations/BRVT_0009/BRVT_0009_02.webp,/images/destinations/BRVT_0009/BRVT_0009_02.webp,2,0
BRVT_0012,E:/testmodelrag/smarttravel-rag-v2/data/image_pipeline/downloaded/optimized/BRVT_0012/BRVT_0012_01.webp,E:/testmodelrag/unutrip/backend/public/images/destinations/BRVT_0012/BRVT_0012_01.webp,/images/destinations/BRVT_0012/BRVT_0012_01.webp,1,1
BRVT_0012,E:/testmodelrag/smarttravel-rag-v2/data/image_pipeline/downloaded/optimized/BRVT_0012/BRVT_0012_02.webp,E:/testmodelrag/unutrip/backend/public/images/destinations/BRVT_0012/BRVT_0012_02.webp,/images/destinations/BRVT_0012/BRVT_0012_02.webp,2,0
BRVT_0012,E:/testmodelrag/smarttravel-rag-v2/data/image_pipeline/downloaded/optimized/BRVT_0012/BRVT_0012_03.webp,E:/testmodelrag/unutrip/backend/public/images/destinations/BRVT_0012/BRVT_0012_03.webp,/images/destinations/BRVT_0012/BRVT_0012_03.webp,3,0
BRVT_0012,E:/testmodelrag/smarttravel-rag-v2/data/image_pipeline/downloaded/optimized/BRVT_0012/BRVT_0012_04.webp,E:/testmodelrag/unutrip/backend/public/images/destinations/BRVT_0012/BRVT_0012_04.webp,/images/destinations/BRVT_0012/BRVT_0012_04.webp,4,0
BRVT_0012,E:/testmodelrag/smarttravel-rag-v2/data/image_pipeline/downloaded/optimized/BRVT_0012/BRVT_0012_05.webp,E:/testmodelrag/unutrip/backend/public/images/destinations/BRVT_0012/BRVT_0012_05.webp,/images/destinations/BRVT_0012/BRVT_0012_05.webp,5,0
BRVT_0019,E:/testmodelrag/smarttravel-rag-v2/data/image_pipeline/downloaded/optimized/BRVT_0019/BRVT_0019_01.webp,E:/testmodelrag/unutrip/backend/public/images/destinations/BRVT_0019/BRVT_0019_01.webp,/images/destinations/BRVT_0019/BRVT_0019_01.webp,1,1
BRVT_0019,E:/testmodelrag/smarttravel-rag-v2/data/image_pipeline/downloaded/optimized/BRVT_0019/BRVT_0019_02.webp,E:/testmodelrag/unutrip/backend/public/images/destinations/BRVT_0019/BRVT_0019_02.webp,/images/destinations/BRVT_0019/BRVT_0019_02.webp,2,0
BRVT_0019,E:/testmodelrag/smarttravel-rag-v2/data/image_pipeline/downloaded/optimized/BRVT_0019/BRVT_0019_03.webp,E:/testmodelrag/unutrip/backend/public/images/destinations/BRVT_0019/BRVT_0019_03.webp,/images/destinations/BRVT_0019/BRVT_0019_03.webp,3,0
BRVT_0019,E:/testmodelrag/smarttravel-rag-v2/data/image_pipeline/downloaded/optimized/BRVT_0019/BRVT_0019_04.webp,E:/testmodelrag/unutrip/backend/public/images/destinations/BRVT_0019/BRVT_0019_04.webp,/images/destinations/BRVT_0019/BRVT_0019_04.webp,4,0
BRVT_0019,E:/testmodelrag/smarttravel-rag-v2/data/image_pipeline/downloaded/optimized/BRVT_0019/BRVT_0019_05.webp,E:/testmodelrag/unutrip/backend/public/images/destinations/BRVT_0019/BRVT_0019_05.webp,/images/destinations/BRVT_0019/BRVT_0019_05.webp,5,0
BRVT_0034,E:/testmodelrag/smarttravel-rag-v2/data/image_pipeline/downloaded/optimized/BRVT_0034/BRVT_0034_01.webp,E:/testmodelrag/unutrip/backend/public/images/destinations/BRVT_0034/BRVT_0034_01.webp,/images/destinations/BRVT_0034/BRVT_0034_01.webp,1,1
BRVT_0034,E:/testmodelrag/smarttravel-rag-v2/data/image_pipeline/downloaded/optimized/BRVT_0034/BRVT_0034_02.webp,E:/testmodelrag/unutrip/backend/public/images/destinations/BRVT_0034/BRVT_0034_02.webp,/images/destinations/BRVT_0034/BRVT_0034_02.webp,2,0
BRVT_0035,E:/testmodelrag/smarttravel-rag-v2/data/image_pipeline/downloaded/optimized/BRVT_0035/BRVT_0035_01.webp,E:/testmodelrag/unutrip/backend/public/images/destinations/BRVT_0035/BRVT_0035_01.webp,/images/destinations/BRVT_0035/BRVT_0035_01.webp,1,1
BRVT_0035,E:/testmodelrag/smarttravel-rag-v2/data/image_pipeline/downloaded/optimized/BRVT_0035/BRVT_0035_02.webp,E:/testmodelrag/unutrip/backend/public/images/destinations/BRVT_0035/BRVT_0035_02.webp,/images/destinations/BRVT_0035/BRVT_0035_02.webp,2,0
BRVT_0035,E:/testmodelrag/smarttravel-rag-v2/data/image_pipeline/downloaded/optimized/BRVT_0035/BRVT_0035_03.webp,E:/testmodelrag/unutrip/backend/public/images/destinations/BRVT_0035/BRVT_0035_03.webp,/images/destinations/BRVT_0035/BRVT_0035_03.webp,3,0
BRVT_0035,E:/testmodelrag/smarttravel-rag-v2/data/image_pipeline/downloaded/optimized/BRVT_0035/BRVT_0035_04.webp,E:/testmodelrag/unutrip/backend/public/images/destinations/BRVT_0035/BRVT_0035_04.webp,/images/destinations/BRVT_0035/BRVT_0035_04.webp,4,0
BRVT_0036,E:/testmodelrag/smarttravel-rag-v2/data/image_pipeline/downloaded/optimized/BRVT_0036/BRVT_0036_01.webp,E:/testmodelrag/unutrip/backend/public/images/destinations/BRVT_0036/BRVT_0036_01.webp,/images/destinations/BRVT_0036/BRVT_0036_01.webp,1,1
BRVT_0036,E:/testmodelrag/smarttravel-rag-v2/data/image_pipeline/downloaded/optimized/BRVT_0036/BRVT_0036_02.webp,E:/testmodelrag/unutrip/backend/public/images/destinations/BRVT_0036/BRVT_0036_02.webp,/images/destinations/BRVT_0036/BRVT_0036_02.webp,2,0
BRVT_0036,E:/testmodelrag/smarttravel-rag-v2/data/image_pipeline/downloaded/optimized/BRVT_0036/BRVT_0036_03.webp,E:/testmodelrag/unutrip/backend/public/images/destinations/BRVT_0036/BRVT_0036_03.webp,/images/destinations/BRVT_0036/BRVT_0036_03.webp,3,0
BRVT_0036,E:/testmodelrag/smarttravel-rag-v2/data/image_pipeline/downloaded/optimized/BRVT_0036/BRVT_0036_04.webp,E:/testmodelrag/unutrip/backend/public/images/destinations/BRVT_0036/BRVT_0036_04.webp,/images/destinations/BRVT_0036/BRVT_0036_04.webp,4,0
BRVT_0044,E:/testmodelrag/smarttravel-rag-v2/data/image_pipeline/downloaded/optimized/BRVT_0044/BRVT_0044_01.webp,E:/testmodelrag/unutrip/backend/public/images/destinations/BRVT_0044/BRVT_0044_01.webp,/images/destinations/BRVT_0044/BRVT_0044_01.webp,1,1
BRVT_0068,E:/testmodelrag/smarttravel-rag-v2/data/image_pipeline/downloaded/optimized/BRVT_0068/BRVT_0068_01.webp,E:/testmodelrag/unutrip/backend/public/images/destinations/BRVT_0068/BRVT_0068_01.webp,/images/destinations/BRVT_0068/BRVT_0068_01.webp,1,1
BT_0003,E:/testmodelrag/smarttravel-rag-v2/data/image_pipeline/downloaded/optimized/BT_0003/BT_0003_01.webp,E:/testmodelrag/unutrip/backend/public/images/destinations/BT_0003/BT_0003_01.webp,/images/destinations/BT_0003/BT_0003_01.webp,1,1
BT_0003,E:/testmodelrag/smarttravel-rag-v2/data/image_pipeline/downloaded/optimized/BT_0003/BT_0003_02.webp,E:/testmodelrag/unutrip/backend/public/images/destinations/BT_0003/BT_0003_02.webp,/images/destinations/BT_0003/BT_0003_02.webp,2,0
BT_0009,E:/testmodelrag/smarttravel-rag-v2/data/image_pipeline/downloaded/optimized/BT_0009/BT_0009_01.webp,E:/testmodelrag/unutrip/backend/public/images/destinations/BT_0009/BT_0009_01.webp,/images/destinations/BT_0009/BT_0009_01.webp,1,1
BT_0009,E:/testmodelrag/smarttravel-rag-v2/data/image_pipeline/downloaded/optimized/BT_0009/BT_0009_02.webp,E:/testmodelrag/unutrip/backend/public/images/destinations/BT_0009/BT_0009_02.webp,/images/destinations/BT_0009/BT_0009_02.webp,2,0
BT_0009,E:/testmodelrag/smarttravel-rag-v2/data/image_pipeline/downloaded/optimized/BT_0009/BT_0009_03.webp,E:/testmodelrag/unutrip/backend/public/images/destinations/BT_0009/BT_0009_03.webp,/images/destinations/BT_0009/BT_0009_03.webp,3,0
BT_0023,E:/testmodelrag/smarttravel-rag-v2/data/image_pipeline/downloaded/optimized/BT_0023/BT_0023_01.webp,E:/testmodelrag/unutrip/backend/public/images/destinations/BT_0023/BT_0023_01.webp,/images/destinations/BT_0023/BT_0023_01.webp,1,1
BTre_0001,E:/testmodelrag/smarttravel-rag-v2/data/image_pipeline/downloaded/optimized/BTre_0001/BTre_0001_01.webp,E:/testmodelrag/unutrip/backend/public/images/destinations/BTre_0001/BTre_0001_01.webp,/images/destinations/BTre_0001/BTre_0001_01.webp,1,1
CB_0001,E:/testmodelrag/smarttravel-rag-v2/data/image_pipeline/downloaded/optimized/CB_0001/CB_0001_01.webp,E:/testmodelrag/unutrip/backend/public/images/destinations/CB_0001/CB_0001_01.webp,/images/destinations/CB_0001/CB_0001_01.webp,1,1
CB_0001,E:/testmodelrag/smarttravel-rag-v2/data/image_pipeline/downloaded/optimized/CB_0001/CB_0001_02.webp,E:/testmodelrag/unutrip/backend/public/images/destinations/CB_0001/CB_0001_02.webp,/images/destinations/CB_0001/CB_0001_02.webp,2,0
CM_0001,E:/testmodelrag/smarttravel-rag-v2/data/image_pipeline/downloaded/optimized/CM_0001/CM_0001_01.webp,E:/testmodelrag/unutrip/backend/public/images/destinations/CM_0001/CM_0001_01.webp,/images/destinations/CM_0001/CM_0001_01.webp,1,1
CM_0001,E:/testmodelrag/smarttravel-rag-v2/data/image_pipeline/downloaded/optimized/CM_0001/CM_0001_02.webp,E:/testmodelrag/unutrip/backend/public/images/destinations/CM_0001/CM_0001_02.webp,/images/destinations/CM_0001/CM_0001_02.webp,2,0
CM_0001,E:/testmodelrag/smarttravel-rag-v2/data/image_pipeline/downloaded/optimized/CM_0001/CM_0001_03.webp,E:/testmodelrag/unutrip/backend/public/images/destinations/CM_0001/CM_0001_03.webp,/images/destinations/CM_0001/CM_0001_03.webp,3,0
CM_0001,E:/testmodelrag/smarttravel-rag-v2/data/image_pipeline/downloaded/optimized/CM_0001/CM_0001_04.webp,E:/testmodelrag/unutrip/backend/public/images/destinations/CM_0001/CM_0001_04.webp,/images/destinations/CM_0001/CM_0001_04.webp,4,0
CM_0019,E:/testmodelrag/smarttravel-rag-v2/data/image_pipeline/downloaded/optimized/CM_0019/CM_0019_01.webp,E:/testmodelrag/unutrip/backend/public/images/destinations/CM_0019/CM_0019_01.webp,/images/destinations/CM_0019/CM_0019_01.webp,1,1
CM_0019,E:/testmodelrag/smarttravel-rag-v2/data/image_pipeline/downloaded/optimized/CM_0019/CM_0019_02.webp,E:/testmodelrag/unutrip/backend/public/images/destinations/CM_0019/CM_0019_02.webp,/images/destinations/CM_0019/CM_0019_02.webp,2,0
CT_0031,E:/testmodelrag/smarttravel-rag-v2/data/image_pipeline/downloaded/optimized/CT_0031/CT_0031_01.webp,E:/testmodelrag/unutrip/backend/public/images/destinations/CT_0031/CT_0031_01.webp,/images/destinations/CT_0031/CT_0031_01.webp,1,1
CT_0031,E:/testmodelrag/smarttravel-rag-v2/data/image_pipeline/downloaded/optimized/CT_0031/CT_0031_02.webp,E:/testmodelrag/unutrip/backend/public/images/destinations/CT_0031/CT_0031_02.webp,/images/destinations/CT_0031/CT_0031_02.webp,2,0
CT_0031,E:/testmodelrag/smarttravel-rag-v2/data/image_pipeline/downloaded/optimized/CT_0031/CT_0031_03.webp,E:/testmodelrag/unutrip/backend/public/images/destinations/CT_0031/CT_0031_03.webp,/images/destinations/CT_0031/CT_0031_03.webp,3,0
CT_0031,E:/testmodelrag/smarttravel-rag-v2/data/image_pipeline/downloaded/optimized/CT_0031/CT_0031_04.webp,E:/testmodelrag/unutrip/backend/public/images/destinations/CT_0031/CT_0031_04.webp,/images/destinations/CT_0031/CT_0031_04.webp,4,0
DB_0001,E:/testmodelrag/smarttravel-rag-v2/data/image_pipeline/downloaded/optimized/DB_0001/DB_0001_01.webp,E:/testmodelrag/unutrip/backend/public/images/destinations/DB_0001/DB_0001_01.webp,/images/destinations/DB_0001/DB_0001_01.webp,1,1
DB_0001,E:/testmodelrag/smarttravel-rag-v2/data/image_pipeline/downloaded/optimized/DB_0001/DB_0001_02.webp,E:/testmodelrag/unutrip/backend/public/images/destinations/DB_0001/DB_0001_02.webp,/images/destinations/DB_0001/DB_0001_02.webp,2,0
DB_0001,E:/testmodelrag/smarttravel-rag-v2/data/image_pipeline/downloaded/optimized/DB_0001/DB_0001_03.webp,E:/testmodelrag/unutrip/backend/public/images/destinations/DB_0001/DB_0001_03.webp,/images/destinations/DB_0001/DB_0001_03.webp,3,0
DB_0001,E:/testmodelrag/smarttravel-rag-v2/data/image_pipeline/downloaded/optimized/DB_0001/DB_0001_04.webp,E:/testmodelrag/unutrip/backend/public/images/destinations/DB_0001/DB_0001_04.webp,/images/destinations/DB_0001/DB_0001_04.webp,4,0
DB_0002,E:/testmodelrag/smarttravel-rag-v2/data/image_pipeline/downloaded/optimized/DB_0002/DB_0002_01.webp,E:/testmodelrag/unutrip/backend/public/images/destinations/DB_0002/DB_0002_01.webp,/images/destinations/DB_0002/DB_0002_01.webp,1,1
DB_0002,E:/testmodelrag/smarttravel-rag-v2/data/image_pipeline/downloaded/optimized/DB_0002/DB_0002_02.webp,E:/testmodelrag/unutrip/backend/public/images/destinations/DB_0002/DB_0002_02.webp,/images/destinations/DB_0002/DB_0002_02.webp,2,0
DB_0002,E:/testmodelrag/smarttravel-rag-v2/data/image_pipeline/downloaded/optimized/DB_0002/DB_0002_03.webp,E:/testmodelrag/unutrip/backend/public/images/destinations/DB_0002/DB_0002_03.webp,/images/destinations/DB_0002/DB_0002_03.webp,3,0
DB_0003,E:/testmodelrag/smarttravel-rag-v2/data/image_pipeline/downloaded/optimized/DB_0003/DB_0003_01.webp,E:/testmodelrag/unutrip/backend/public/images/destinations/DB_0003/DB_0003_01.webp,/images/destinations/DB_0003/DB_0003_01.webp,1,1
DB_0003,E:/testmodelrag/smarttravel-rag-v2/data/image_pipeline/downloaded/optimized/DB_0003/DB_0003_02.webp,E:/testmodelrag/unutrip/backend/public/images/destinations/DB_0003/DB_0003_02.webp,/images/destinations/DB_0003/DB_0003_02.webp,2,0
DB_0008,E:/testmodelrag/smarttravel-rag-v2/data/image_pipeline/downloaded/optimized/DB_0008/DB_0008_01.webp,E:/testmodelrag/unutrip/backend/public/images/destinations/DB_0008/DB_0008_01.webp,/images/destinations/DB_0008/DB_0008_01.webp,1,1
DB_0008,E:/testmodelrag/smarttravel-rag-v2/data/image_pipeline/downloaded/optimized/DB_0008/DB_0008_02.webp,E:/testmodelrag/unutrip/backend/public/images/destinations/DB_0008/DB_0008_02.webp,/images/destinations/DB_0008/DB_0008_02.webp,2,0
DB_0008,E:/testmodelrag/smarttravel-rag-v2/data/image_pipeline/downloaded/optimized/DB_0008/DB_0008_03.webp,E:/testmodelrag/unutrip/backend/public/images/destinations/DB_0008/DB_0008_03.webp,/images/destinations/DB_0008/DB_0008_03.webp,3,0
DB_0008,E:/testmodelrag/smarttravel-rag-v2/data/image_pipeline/downloaded/optimized/DB_0008/DB_0008_04.webp,E:/testmodelrag/unutrip/backend/public/images/destinations/DB_0008/DB_0008_04.webp,/images/destinations/DB_0008/DB_0008_04.webp,4,0
DB_0012,E:/testmodelrag/smarttravel-rag-v2/data/image_pipeline/downloaded/optimized/DB_0012/DB_0012_01.webp,E:/testmodelrag/unutrip/backend/public/images/destinations/DB_0012/DB_0012_01.webp,/images/destinations/DB_0012/DB_0012_01.webp,1,1
DB_0012,E:/testmodelrag/smarttravel-rag-v2/data/image_pipeline/downloaded/optimized/DB_0012/DB_0012_02.webp,E:/testmodelrag/unutrip/backend/public/images/destinations/DB_0012/DB_0012_02.webp,/images/destinations/DB_0012/DB_0012_02.webp,2,0
DB_0035,E:/testmodelrag/smarttravel-rag-v2/data/image_pipeline/downloaded/optimized/DB_0035/DB_0035_01.webp,E:/testmodelrag/unutrip/backend/public/images/destinations/DB_0035/DB_0035_01.webp,/images/destinations/DB_0035/DB_0035_01.webp,1,1
DB_0035,E:/testmodelrag/smarttravel-rag-v2/data/image_pipeline/downloaded/optimized/DB_0035/DB_0035_02.webp,E:/testmodelrag/unutrip/backend/public/images/destinations/DB_0035/DB_0035_02.webp,/images/destinations/DB_0035/DB_0035_02.webp,2,0
DB_0035,E:/testmodelrag/smarttravel-rag-v2/data/image_pipeline/downloaded/optimized/DB_0035/DB_0035_03.webp,E:/testmodelrag/unutrip/backend/public/images/destinations/DB_0035/DB_0035_03.webp,/images/destinations/DB_0035/DB_0035_03.webp,3,0
DB_0035,E:/testmodelrag/smarttravel-rag-v2/data/image_pipeline/downloaded/optimized/DB_0035/DB_0035_04.webp,E:/testmodelrag/unutrip/backend/public/images/destinations/DB_0035/DB_0035_04.webp,/images/destinations/DB_0035/DB_0035_04.webp,4,0
DB_0058,E:/testmodelrag/smarttravel-rag-v2/data/image_pipeline/downloaded/optimized/DB_0058/DB_0058_01.webp,E:/testmodelrag/unutrip/backend/public/images/destinations/DB_0058/DB_0058_01.webp,/images/destinations/DB_0058/DB_0058_01.webp,1,1
DB_0058,E:/testmodelrag/smarttravel-rag-v2/data/image_pipeline/downloaded/optimized/DB_0058/DB_0058_02.webp,E:/testmodelrag/unutrip/backend/public/images/destinations/DB_0058/DB_0058_02.webp,/images/destinations/DB_0058/DB_0058_02.webp,2,0
DB_0058,E:/testmodelrag/smarttravel-rag-v2/data/image_pipeline/downloaded/optimized/DB_0058/DB_0058_03.webp,E:/testmodelrag/unutrip/backend/public/images/destinations/DB_0058/DB_0058_03.webp,/images/destinations/DB_0058/DB_0058_03.webp,3,0
DB_0075,E:/testmodelrag/smarttravel-rag-v2/data/image_pipeline/downloaded/optimized/DB_0075/DB_0075_01.webp,E:/testmodelrag/unutrip/backend/public/images/destinations/DB_0075/DB_0075_01.webp,/images/destinations/DB_0075/DB_0075_01.webp,1,1
DB_0075,E:/testmodelrag/smarttravel-rag-v2/data/image_pipeline/downloaded/optimized/DB_0075/DB_0075_02.webp,E:/testmodelrag/unutrip/backend/public/images/destinations/DB_0075/DB_0075_02.webp,/images/destinations/DB_0075/DB_0075_02.webp,2,0
DB_0075,E:/testmodelrag/smarttravel-rag-v2/data/image_pipeline/downloaded/optimized/DB_0075/DB_0075_03.webp,E:/testmodelrag/unutrip/backend/public/images/destinations/DB_0075/DB_0075_03.webp,/images/destinations/DB_0075/DB_0075_03.webp,3,0
DB_0075,E:/testmodelrag/smarttravel-rag-v2/data/image_pipeline/downloaded/optimized/DB_0075/DB_0075_04.webp,E:/testmodelrag/unutrip/backend/public/images/destinations/DB_0075/DB_0075_04.webp,/images/destinations/DB_0075/DB_0075_04.webp,4,0
DN_0001,E:/testmodelrag/smarttravel-rag-v2/data/image_pipeline/downloaded/optimized/DN_0001/DN_0001_01.webp,E:/testmodelrag/unutrip/backend/public/images/destinations/DN_0001/DN_0001_01.webp,/images/destinations/DN_0001/DN_0001_01.webp,1,1
DN_0001,E:/testmodelrag/smarttravel-rag-v2/data/image_pipeline/downloaded/optimized/DN_0001/DN_0001_02.webp,E:/testmodelrag/unutrip/backend/public/images/destinations/DN_0001/DN_0001_02.webp,/images/destinations/DN_0001/DN_0001_02.webp,2,0
DN_0001,E:/testmodelrag/smarttravel-rag-v2/data/image_pipeline/downloaded/optimized/DN_0001/DN_0001_03.webp,E:/testmodelrag/unutrip/backend/public/images/destinations/DN_0001/DN_0001_03.webp,/images/destinations/DN_0001/DN_0001_03.webp,3,0
DN_0001,E:/testmodelrag/smarttravel-rag-v2/data/image_pipeline/downloaded/optimized/DN_0001/DN_0001_04.webp,E:/testmodelrag/unutrip/backend/public/images/destinations/DN_0001/DN_0001_04.webp,/images/destinations/DN_0001/DN_0001_04.webp,4,0
DN_0007,E:/testmodelrag/smarttravel-rag-v2/data/image_pipeline/downloaded/optimized/DN_0007/DN_0007_01.webp,E:/testmodelrag/unutrip/backend/public/images/destinations/DN_0007/DN_0007_01.webp,/images/destinations/DN_0007/DN_0007_01.webp,1,1
DN_0007,E:/testmodelrag/smarttravel-rag-v2/data/image_pipeline/downloaded/optimized/DN_0007/DN_0007_02.webp,E:/testmodelrag/unutrip/backend/public/images/destinations/DN_0007/DN_0007_02.webp,/images/destinations/DN_0007/DN_0007_02.webp,2,0
DN_0007,E:/testmodelrag/smarttravel-rag-v2/data/image_pipeline/downloaded/optimized/DN_0007/DN_0007_03.webp,E:/testmodelrag/unutrip/backend/public/images/destinations/DN_0007/DN_0007_03.webp,/images/destinations/DN_0007/DN_0007_03.webp,3,0
DN_0007,E:/testmodelrag/smarttravel-rag-v2/data/image_pipeline/downloaded/optimized/DN_0007/DN_0007_04.webp,E:/testmodelrag/unutrip/backend/public/images/destinations/DN_0007/DN_0007_04.webp,/images/destinations/DN_0007/DN_0007_04.webp,4,0
DN_0019,E:/testmodelrag/smarttravel-rag-v2/data/image_pipeline/downloaded/optimized/DN_0019/DN_0019_01.webp,E:/testmodelrag/unutrip/backend/public/images/destinations/DN_0019/DN_0019_01.webp,/images/destinations/DN_0019/DN_0019_01.webp,1,1
DN_0019,E:/testmodelrag/smarttravel-rag-v2/data/image_pipeline/downloaded/optimized/DN_0019/DN_0019_02.webp,E:/testmodelrag/unutrip/backend/public/images/destinations/DN_0019/DN_0019_02.webp,/images/destinations/DN_0019/DN_0019_02.webp,2,0
DN_0028,E:/testmodelrag/smarttravel-rag-v2/data/image_pipeline/downloaded/optimized/DN_0028/DN_0028_01.webp,E:/testmodelrag/unutrip/backend/public/images/destinations/DN_0028/DN_0028_01.webp,/images/destinations/DN_0028/DN_0028_01.webp,1,1
DN_0053,E:/testmodelrag/smarttravel-rag-v2/data/image_pipeline/downloaded/optimized/DN_0053/DN_0053_01.webp,E:/testmodelrag/unutrip/backend/public/images/destinations/DN_0053/DN_0053_01.webp,/images/destinations/DN_0053/DN_0053_01.webp,1,1
DN_0053,E:/testmodelrag/smarttravel-rag-v2/data/image_pipeline/downloaded/optimized/DN_0053/DN_0053_02.webp,E:/testmodelrag/unutrip/backend/public/images/destinations/DN_0053/DN_0053_02.webp,/images/destinations/DN_0053/DN_0053_02.webp,2,0
DN_0053,E:/testmodelrag/smarttravel-rag-v2/data/image_pipeline/downloaded/optimized/DN_0053/DN_0053_03.webp,E:/testmodelrag/unutrip/backend/public/images/destinations/DN_0053/DN_0053_03.webp,/images/destinations/DN_0053/DN_0053_03.webp,3,0
DN_0053,E:/testmodelrag/smarttravel-rag-v2/data/image_pipeline/downloaded/optimized/DN_0053/DN_0053_04.webp,E:/testmodelrag/unutrip/backend/public/images/destinations/DN_0053/DN_0053_04.webp,/images/destinations/DN_0053/DN_0053_04.webp,4,0
DNai_0001,E:/testmodelrag/smarttravel-rag-v2/data/image_pipeline/downloaded/optimized/DNai_0001/DNai_0001_01.webp,E:/testmodelrag/unutrip/backend/public/images/destinations/DNai_0001/DNai_0001_01.webp,/images/destinations/DNai_0001/DNai_0001_01.webp,1,1
DNai_0026,E:/testmodelrag/smarttravel-rag-v2/data/image_pipeline/downloaded/optimized/DNai_0026/DNai_0026_01.webp,E:/testmodelrag/unutrip/backend/public/images/destinations/DNai_0026/DNai_0026_01.webp,/images/destinations/DNai_0026/DNai_0026_01.webp,1,1
DNai_0026,E:/testmodelrag/smarttravel-rag-v2/data/image_pipeline/downloaded/optimized/DNai_0026/DNai_0026_02.webp,E:/testmodelrag/unutrip/backend/public/images/destinations/DNai_0026/DNai_0026_02.webp,/images/destinations/DNai_0026/DNai_0026_02.webp,2,0
DNai_0026,E:/testmodelrag/smarttravel-rag-v2/data/image_pipeline/downloaded/optimized/DNai_0026/DNai_0026_03.webp,E:/testmodelrag/unutrip/backend/public/images/destinations/DNai_0026/DNai_0026_03.webp,/images/destinations/DNai_0026/DNai_0026_03.webp,3,0
DNai_0026,E:/testmodelrag/smarttravel-rag-v2/data/image_pipeline/downloaded/optimized/DNai_0026/DNai_0026_04.webp,E:/testmodelrag/unutrip/backend/public/images/destinations/DNai_0026/DNai_0026_04.webp,/images/destinations/DNai_0026/DNai_0026_04.webp,4,0
DNai_0027,E:/testmodelrag/smarttravel-rag-v2/data/image_pipeline/downloaded/optimized/DNai_0027/DNai_0027_01.webp,E:/testmodelrag/unutrip/backend/public/images/destinations/DNai_0027/DNai_0027_01.webp,/images/destinations/DNai_0027/DNai_0027_01.webp,1,1
DNai_0040,E:/testmodelrag/smarttravel-rag-v2/data/image_pipeline/downloaded/optimized/DNai_0040/DNai_0040_01.webp,E:/testmodelrag/unutrip/backend/public/images/destinations/DNai_0040/DNai_0040_01.webp,/images/destinations/DNai_0040/DNai_0040_01.webp,1,1
DNO_0001,E:/testmodelrag/smarttravel-rag-v2/data/image_pipeline/downloaded/optimized/DNO_0001/DNO_0001_01.webp,E:/testmodelrag/unutrip/backend/public/images/destinations/DNO_0001/DNO_0001_01.webp,/images/destinations/DNO_0001/DNO_0001_01.webp,1,1
DNO_0001,E:/testmodelrag/smarttravel-rag-v2/data/image_pipeline/downloaded/optimized/DNO_0001/DNO_0001_02.webp,E:/testmodelrag/unutrip/backend/public/images/destinations/DNO_0001/DNO_0001_02.webp,/images/destinations/DNO_0001/DNO_0001_02.webp,2,0
DNO_0001,E:/testmodelrag/smarttravel-rag-v2/data/image_pipeline/downloaded/optimized/DNO_0001/DNO_0001_03.webp,E:/testmodelrag/unutrip/backend/public/images/destinations/DNO_0001/DNO_0001_03.webp,/images/destinations/DNO_0001/DNO_0001_03.webp,3,0
DNO_0001,E:/testmodelrag/smarttravel-rag-v2/data/image_pipeline/downloaded/optimized/DNO_0001/DNO_0001_04.webp,E:/testmodelrag/unutrip/backend/public/images/destinations/DNO_0001/DNO_0001_04.webp,/images/destinations/DNO_0001/DNO_0001_04.webp,4,0
DNO_0001,E:/testmodelrag/smarttravel-rag-v2/data/image_pipeline/downloaded/optimized/DNO_0001/DNO_0001_05.webp,E:/testmodelrag/unutrip/backend/public/images/destinations/DNO_0001/DNO_0001_05.webp,/images/destinations/DNO_0001/DNO_0001_05.webp,5,0
ha-noi__chua-huong,E:/testmodelrag/smarttravel-rag-v2/data/image_pipeline/downloaded/optimized/ha-noi__chua-huong/ha-noi__chua-huong_01.webp,E:/testmodelrag/unutrip/backend/public/images/destinations/ha-noi__chua-huong/ha-noi__chua-huong_01.webp,/images/destinations/ha-noi__chua-huong/ha-noi__chua-huong_01.webp,1,1
ha-noi__chua-huong,E:/testmodelrag/smarttravel-rag-v2/data/image_pipeline/downloaded/optimized/ha-noi__chua-huong/ha-noi__chua-huong_02.webp,E:/testmodelrag/unutrip/backend/public/images/destinations/ha-noi__chua-huong/ha-noi__chua-huong_02.webp,/images/destinations/ha-noi__chua-huong/ha-noi__chua-huong_02.webp,2,0
ha-noi__chua-huong,E:/testmodelrag/smarttravel-rag-v2/data/image_pipeline/downloaded/optimized/ha-noi__chua-huong/ha-noi__chua-huong_03.webp,E:/testmodelrag/unutrip/backend/public/images/destinations/ha-noi__chua-huong/ha-noi__chua-huong_03.webp,/images/destinations/ha-noi__chua-huong/ha-noi__chua-huong_03.webp,3,0
ha-noi__chua-huong,E:/testmodelrag/smarttravel-rag-v2/data/image_pipeline/downloaded/optimized/ha-noi__chua-huong/ha-noi__chua-huong_04.webp,E:/testmodelrag/unutrip/backend/public/images/destinations/ha-noi__chua-huong/ha-noi__chua-huong_04.webp,/images/destinations/ha-noi__chua-huong/ha-noi__chua-huong_04.webp,4,0
ha-noi__chua-mot-cot,E:/testmodelrag/smarttravel-rag-v2/data/image_pipeline/downloaded/optimized/ha-noi__chua-mot-cot/ha-noi__chua-mot-cot_01.webp,E:/testmodelrag/unutrip/backend/public/images/destinations/ha-noi__chua-mot-cot/ha-noi__chua-mot-cot_01.webp,/images/destinations/ha-noi__chua-mot-cot/ha-noi__chua-mot-cot_01.webp,1,1
ha-noi__chua-tran-quoc,E:/testmodelrag/smarttravel-rag-v2/data/image_pipeline/downloaded/optimized/ha-noi__chua-tran-quoc/ha-noi__chua-tran-quoc_01.webp,E:/testmodelrag/unutrip/backend/public/images/destinations/ha-noi__chua-tran-quoc/ha-noi__chua-tran-quoc_01.webp,/images/destinations/ha-noi__chua-tran-quoc/ha-noi__chua-tran-quoc_01.webp,1,1
ha-noi__chua-tran-quoc,E:/testmodelrag/smarttravel-rag-v2/data/image_pipeline/downloaded/optimized/ha-noi__chua-tran-quoc/ha-noi__chua-tran-quoc_02.webp,E:/testmodelrag/unutrip/backend/public/images/destinations/ha-noi__chua-tran-quoc/ha-noi__chua-tran-quoc_02.webp,/images/destinations/ha-noi__chua-tran-quoc/ha-noi__chua-tran-quoc_02.webp,2,0
ha-noi__den-ngoc-son,E:/testmodelrag/smarttravel-rag-v2/data/image_pipeline/downloaded/optimized/ha-noi__den-ngoc-son/ha-noi__den-ngoc-son_01.webp,E:/testmodelrag/unutrip/backend/public/images/destinations/ha-noi__den-ngoc-son/ha-noi__den-ngoc-son_01.webp,/images/destinations/ha-noi__den-ngoc-son/ha-noi__den-ngoc-son_01.webp,1,1
ha-noi__ho-hoan-kiem,E:/testmodelrag/smarttravel-rag-v2/data/image_pipeline/downloaded/optimized/ha-noi__ho-hoan-kiem/ha-noi__ho-hoan-kiem_01.webp,E:/testmodelrag/unutrip/backend/public/images/destinations/ha-noi__ho-hoan-kiem/ha-noi__ho-hoan-kiem_01.webp,/images/destinations/ha-noi__ho-hoan-kiem/ha-noi__ho-hoan-kiem_01.webp,1,1
ha-noi__ho-hoan-kiem,E:/testmodelrag/smarttravel-rag-v2/data/image_pipeline/downloaded/optimized/ha-noi__ho-hoan-kiem/ha-noi__ho-hoan-kiem_02.webp,E:/testmodelrag/unutrip/backend/public/images/destinations/ha-noi__ho-hoan-kiem/ha-noi__ho-hoan-kiem_02.webp,/images/destinations/ha-noi__ho-hoan-kiem/ha-noi__ho-hoan-kiem_02.webp,2,0
ha-noi__ho-hoan-kiem,E:/testmodelrag/smarttravel-rag-v2/data/image_pipeline/downloaded/optimized/ha-noi__ho-hoan-kiem/ha-noi__ho-hoan-kiem_03.webp,E:/testmodelrag/unutrip/backend/public/images/destinations/ha-noi__ho-hoan-kiem/ha-noi__ho-hoan-kiem_03.webp,/images/destinations/ha-noi__ho-hoan-kiem/ha-noi__ho-hoan-kiem_03.webp,3,0
ha-noi__ho-hoan-kiem,E:/testmodelrag/smarttravel-rag-v2/data/image_pipeline/downloaded/optimized/ha-noi__ho-hoan-kiem/ha-noi__ho-hoan-kiem_04.webp,E:/testmodelrag/unutrip/backend/public/images/destinations/ha-noi__ho-hoan-kiem/ha-noi__ho-hoan-kiem_04.webp,/images/destinations/ha-noi__ho-hoan-kiem/ha-noi__ho-hoan-kiem_04.webp,4,0
ha-noi__ho-tay,E:/testmodelrag/smarttravel-rag-v2/data/image_pipeline/downloaded/optimized/ha-noi__ho-tay/ha-noi__ho-tay_01.webp,E:/testmodelrag/unutrip/backend/public/images/destinations/ha-noi__ho-tay/ha-noi__ho-tay_01.webp,/images/destinations/ha-noi__ho-tay/ha-noi__ho-tay_01.webp,1,1
ha-noi__hoang-thanh-thang-long,E:/testmodelrag/smarttravel-rag-v2/data/image_pipeline/downloaded/optimized/ha-noi__hoang-thanh-thang-long/ha-noi__hoang-thanh-thang-long_01.webp,E:/testmodelrag/unutrip/backend/public/images/destinations/ha-noi__hoang-thanh-thang-long/ha-noi__hoang-thanh-thang-long_01.webp,/images/destinations/ha-noi__hoang-thanh-thang-long/ha-noi__hoang-thanh-thang-long_01.webp,1,1
ha-noi__hoang-thanh-thang-long,E:/testmodelrag/smarttravel-rag-v2/data/image_pipeline/downloaded/optimized/ha-noi__hoang-thanh-thang-long/ha-noi__hoang-thanh-thang-long_02.webp,E:/testmodelrag/unutrip/backend/public/images/destinations/ha-noi__hoang-thanh-thang-long/ha-noi__hoang-thanh-thang-long_02.webp,/images/destinations/ha-noi__hoang-thanh-thang-long/ha-noi__hoang-thanh-thang-long_02.webp,2,0
ha-noi__lang-chu-tich-ho-chi-minh,E:/testmodelrag/smarttravel-rag-v2/data/image_pipeline/downloaded/optimized/ha-noi__lang-chu-tich-ho-chi-minh/ha-noi__lang-chu-tich-ho-chi-minh_01.webp,E:/testmodelrag/unutrip/backend/public/images/destinations/ha-noi__lang-chu-tich-ho-chi-minh/ha-noi__lang-chu-tich-ho-chi-minh_01.webp,/images/destinations/ha-noi__lang-chu-tich-ho-chi-minh/ha-noi__lang-chu-tich-ho-chi-minh_01.webp,1,1
ha-noi__lang-chu-tich-ho-chi-minh,E:/testmodelrag/smarttravel-rag-v2/data/image_pipeline/downloaded/optimized/ha-noi__lang-chu-tich-ho-chi-minh/ha-noi__lang-chu-tich-ho-chi-minh_02.webp,E:/testmodelrag/unutrip/backend/public/images/destinations/ha-noi__lang-chu-tich-ho-chi-minh/ha-noi__lang-chu-tich-ho-chi-minh_02.webp,/images/destinations/ha-noi__lang-chu-tich-ho-chi-minh/ha-noi__lang-chu-tich-ho-chi-minh_02.webp,2,0
ha-noi__lang-chu-tich-ho-chi-minh,E:/testmodelrag/smarttravel-rag-v2/data/image_pipeline/downloaded/optimized/ha-noi__lang-chu-tich-ho-chi-minh/ha-noi__lang-chu-tich-ho-chi-minh_03.webp,E:/testmodelrag/unutrip/backend/public/images/destinations/ha-noi__lang-chu-tich-ho-chi-minh/ha-noi__lang-chu-tich-ho-chi-minh_03.webp,/images/destinations/ha-noi__lang-chu-tich-ho-chi-minh/ha-noi__lang-chu-tich-ho-chi-minh_03.webp,3,0
ha-noi__lang-chu-tich-ho-chi-minh,E:/testmodelrag/smarttravel-rag-v2/data/image_pipeline/downloaded/optimized/ha-noi__lang-chu-tich-ho-chi-minh/ha-noi__lang-chu-tich-ho-chi-minh_04.webp,E:/testmodelrag/unutrip/backend/public/images/destinations/ha-noi__lang-chu-tich-ho-chi-minh/ha-noi__lang-chu-tich-ho-chi-minh_04.webp,/images/destinations/ha-noi__lang-chu-tich-ho-chi-minh/ha-noi__lang-chu-tich-ho-chi-minh_04.webp,4,0
ha-noi__lang-co-duong-lam,E:/testmodelrag/smarttravel-rag-v2/data/image_pipeline/downloaded/optimized/ha-noi__lang-co-duong-lam/ha-noi__lang-co-duong-lam_01.webp,E:/testmodelrag/unutrip/backend/public/images/destinations/ha-noi__lang-co-duong-lam/ha-noi__lang-co-duong-lam_01.webp,/images/destinations/ha-noi__lang-co-duong-lam/ha-noi__lang-co-duong-lam_01.webp,1,1
ha-noi__lang-co-duong-lam,E:/testmodelrag/smarttravel-rag-v2/data/image_pipeline/downloaded/optimized/ha-noi__lang-co-duong-lam/ha-noi__lang-co-duong-lam_02.webp,E:/testmodelrag/unutrip/backend/public/images/destinations/ha-noi__lang-co-duong-lam/ha-noi__lang-co-duong-lam_02.webp,/images/destinations/ha-noi__lang-co-duong-lam/ha-noi__lang-co-duong-lam_02.webp,2,0
ha-noi__lang-co-duong-lam,E:/testmodelrag/smarttravel-rag-v2/data/image_pipeline/downloaded/optimized/ha-noi__lang-co-duong-lam/ha-noi__lang-co-duong-lam_03.webp,E:/testmodelrag/unutrip/backend/public/images/destinations/ha-noi__lang-co-duong-lam/ha-noi__lang-co-duong-lam_03.webp,/images/destinations/ha-noi__lang-co-duong-lam/ha-noi__lang-co-duong-lam_03.webp,3,0
ha-noi__lang-co-duong-lam,E:/testmodelrag/smarttravel-rag-v2/data/image_pipeline/downloaded/optimized/ha-noi__lang-co-duong-lam/ha-noi__lang-co-duong-lam_04.webp,E:/testmodelrag/unutrip/backend/public/images/destinations/ha-noi__lang-co-duong-lam/ha-noi__lang-co-duong-lam_04.webp,/images/destinations/ha-noi__lang-co-duong-lam/ha-noi__lang-co-duong-lam_04.webp,4,0
ha-noi__pho-co-ha-noi,E:/testmodelrag/smarttravel-rag-v2/data/image_pipeline/downloaded/optimized/ha-noi__pho-co-ha-noi/ha-noi__pho-co-ha-noi_01.webp,E:/testmodelrag/unutrip/backend/public/images/destinations/ha-noi__pho-co-ha-noi/ha-noi__pho-co-ha-noi_01.webp,/images/destinations/ha-noi__pho-co-ha-noi/ha-noi__pho-co-ha-noi_01.webp,1,1
ha-noi__pho-co-ha-noi,E:/testmodelrag/smarttravel-rag-v2/data/image_pipeline/downloaded/optimized/ha-noi__pho-co-ha-noi/ha-noi__pho-co-ha-noi_02.webp,E:/testmodelrag/unutrip/backend/public/images/destinations/ha-noi__pho-co-ha-noi/ha-noi__pho-co-ha-noi_02.webp,/images/destinations/ha-noi__pho-co-ha-noi/ha-noi__pho-co-ha-noi_02.webp,2,0
ha-noi__pho-co-ha-noi,E:/testmodelrag/smarttravel-rag-v2/data/image_pipeline/downloaded/optimized/ha-noi__pho-co-ha-noi/ha-noi__pho-co-ha-noi_03.webp,E:/testmodelrag/unutrip/backend/public/images/destinations/ha-noi__pho-co-ha-noi/ha-noi__pho-co-ha-noi_03.webp,/images/destinations/ha-noi__pho-co-ha-noi/ha-noi__pho-co-ha-noi_03.webp,3,0
ha-noi__pho-co-ha-noi,E:/testmodelrag/smarttravel-rag-v2/data/image_pipeline/downloaded/optimized/ha-noi__pho-co-ha-noi/ha-noi__pho-co-ha-noi_04.webp,E:/testmodelrag/unutrip/backend/public/images/destinations/ha-noi__pho-co-ha-noi/ha-noi__pho-co-ha-noi_04.webp,/images/destinations/ha-noi__pho-co-ha-noi/ha-noi__pho-co-ha-noi_04.webp,4,0
ha-noi__thien-son-suoi-nga,E:/testmodelrag/smarttravel-rag-v2/data/image_pipeline/downloaded/optimized/ha-noi__thien-son-suoi-nga/ha-noi__thien-son-suoi-nga_01.webp,E:/testmodelrag/unutrip/backend/public/images/destinations/ha-noi__thien-son-suoi-nga/ha-noi__thien-son-suoi-nga_01.webp,/images/destinations/ha-noi__thien-son-suoi-nga/ha-noi__thien-son-suoi-nga_01.webp,1,1
ha-noi__van-mieu-quoc-tu-giam,E:/testmodelrag/smarttravel-rag-v2/data/image_pipeline/downloaded/optimized/ha-noi__van-mieu-quoc-tu-giam/ha-noi__van-mieu-quoc-tu-giam_01.webp,E:/testmodelrag/unutrip/backend/public/images/destinations/ha-noi__van-mieu-quoc-tu-giam/ha-noi__van-mieu-quoc-tu-giam_01.webp,/images/destinations/ha-noi__van-mieu-quoc-tu-giam/ha-noi__van-mieu-quoc-tu-giam_01.webp,1,1
ha-noi__van-mieu-quoc-tu-giam,E:/testmodelrag/smarttravel-rag-v2/data/image_pipeline/downloaded/optimized/ha-noi__van-mieu-quoc-tu-giam/ha-noi__van-mieu-quoc-tu-giam_02.webp,E:/testmodelrag/unutrip/backend/public/images/destinations/ha-noi__van-mieu-quoc-tu-giam/ha-noi__van-mieu-quoc-tu-giam_02.webp,/images/destinations/ha-noi__van-mieu-quoc-tu-giam/ha-noi__van-mieu-quoc-tu-giam_02.webp,2,0
ha-noi__van-mieu-quoc-tu-giam,E:/testmodelrag/smarttravel-rag-v2/data/image_pipeline/downloaded/optimized/ha-noi__van-mieu-quoc-tu-giam/ha-noi__van-mieu-quoc-tu-giam_03.webp,E:/testmodelrag/unutrip/backend/public/images/destinations/ha-noi__van-mieu-quoc-tu-giam/ha-noi__van-mieu-quoc-tu-giam_03.webp,/images/destinations/ha-noi__van-mieu-quoc-tu-giam/ha-noi__van-mieu-quoc-tu-giam_03.webp,3,0
ha-noi__van-mieu-quoc-tu-giam,E:/testmodelrag/smarttravel-rag-v2/data/image_pipeline/downloaded/optimized/ha-noi__van-mieu-quoc-tu-giam/ha-noi__van-mieu-quoc-tu-giam_04.webp,E:/testmodelrag/unutrip/backend/public/images/destinations/ha-noi__van-mieu-quoc-tu-giam/ha-noi__van-mieu-quoc-tu-giam_04.webp,/images/destinations/ha-noi__van-mieu-quoc-tu-giam/ha-noi__van-mieu-quoc-tu-giam_04.webp,4,0
ha-noi__vuon-quoc-gia-ba-vi,E:/testmodelrag/smarttravel-rag-v2/data/image_pipeline/downloaded/optimized/ha-noi__vuon-quoc-gia-ba-vi/ha-noi__vuon-quoc-gia-ba-vi_01.webp,E:/testmodelrag/unutrip/backend/public/images/destinations/ha-noi__vuon-quoc-gia-ba-vi/ha-noi__vuon-quoc-gia-ba-vi_01.webp,/images/destinations/ha-noi__vuon-quoc-gia-ba-vi/ha-noi__vuon-quoc-gia-ba-vi_01.webp,1,1
ha-noi__vuon-quoc-gia-ba-vi,E:/testmodelrag/smarttravel-rag-v2/data/image_pipeline/downloaded/optimized/ha-noi__vuon-quoc-gia-ba-vi/ha-noi__vuon-quoc-gia-ba-vi_02.webp,E:/testmodelrag/unutrip/backend/public/images/destinations/ha-noi__vuon-quoc-gia-ba-vi/ha-noi__vuon-quoc-gia-ba-vi_02.webp,/images/destinations/ha-noi__vuon-quoc-gia-ba-vi/ha-noi__vuon-quoc-gia-ba-vi_02.webp,2,0
ha-noi__vuon-quoc-gia-ba-vi,E:/testmodelrag/smarttravel-rag-v2/data/image_pipeline/downloaded/optimized/ha-noi__vuon-quoc-gia-ba-vi/ha-noi__vuon-quoc-gia-ba-vi_03.webp,E:/testmodelrag/unutrip/backend/public/images/destinations/ha-noi__vuon-quoc-gia-ba-vi/ha-noi__vuon-quoc-gia-ba-vi_03.webp,/images/destinations/ha-noi__vuon-quoc-gia-ba-vi/ha-noi__vuon-quoc-gia-ba-vi_03.webp,3,0
ha-noi__vuon-quoc-gia-ba-vi,E:/testmodelrag/smarttravel-rag-v2/data/image_pipeline/downloaded/optimized/ha-noi__vuon-quoc-gia-ba-vi/ha-noi__vuon-quoc-gia-ba-vi_04.webp,E:/testmodelrag/unutrip/backend/public/images/destinations/ha-noi__vuon-quoc-gia-ba-vi/ha-noi__vuon-quoc-gia-ba-vi_04.webp,/images/destinations/ha-noi__vuon-quoc-gia-ba-vi/ha-noi__vuon-quoc-gia-ba-vi_04.webp,4,0
HB_0004,E:/testmodelrag/smarttravel-rag-v2/data/image_pipeline/downloaded/optimized/HB_0004/HB_0004_01.webp,E:/testmodelrag/unutrip/backend/public/images/destinations/HB_0004/HB_0004_01.webp,/images/destinations/HB_0004/HB_0004_01.webp,1,1
HCM_0001,E:/testmodelrag/smarttravel-rag-v2/data/image_pipeline/downloaded/optimized/HCM_0001/HCM_0001_01.webp,E:/testmodelrag/unutrip/backend/public/images/destinations/HCM_0001/HCM_0001_01.webp,/images/destinations/HCM_0001/HCM_0001_01.webp,1,1
HCM_0001,E:/testmodelrag/smarttravel-rag-v2/data/image_pipeline/downloaded/optimized/HCM_0001/HCM_0001_02.webp,E:/testmodelrag/unutrip/backend/public/images/destinations/HCM_0001/HCM_0001_02.webp,/images/destinations/HCM_0001/HCM_0001_02.webp,2,0
HCM_0001,E:/testmodelrag/smarttravel-rag-v2/data/image_pipeline/downloaded/optimized/HCM_0001/HCM_0001_03.webp,E:/testmodelrag/unutrip/backend/public/images/destinations/HCM_0001/HCM_0001_03.webp,/images/destinations/HCM_0001/HCM_0001_03.webp,3,0
HCM_0002,E:/testmodelrag/smarttravel-rag-v2/data/image_pipeline/downloaded/optimized/HCM_0002/HCM_0002_01.webp,E:/testmodelrag/unutrip/backend/public/images/destinations/HCM_0002/HCM_0002_01.webp,/images/destinations/HCM_0002/HCM_0002_01.webp,1,1
HCM_0002,E:/testmodelrag/smarttravel-rag-v2/data/image_pipeline/downloaded/optimized/HCM_0002/HCM_0002_02.webp,E:/testmodelrag/unutrip/backend/public/images/destinations/HCM_0002/HCM_0002_02.webp,/images/destinations/HCM_0002/HCM_0002_02.webp,2,0
HCM_0003,E:/testmodelrag/smarttravel-rag-v2/data/image_pipeline/downloaded/optimized/HCM_0003/HCM_0003_01.webp,E:/testmodelrag/unutrip/backend/public/images/destinations/HCM_0003/HCM_0003_01.webp,/images/destinations/HCM_0003/HCM_0003_01.webp,1,1
HCM_0003,E:/testmodelrag/smarttravel-rag-v2/data/image_pipeline/downloaded/optimized/HCM_0003/HCM_0003_02.webp,E:/testmodelrag/unutrip/backend/public/images/destinations/HCM_0003/HCM_0003_02.webp,/images/destinations/HCM_0003/HCM_0003_02.webp,2,0
HCM_0003,E:/testmodelrag/smarttravel-rag-v2/data/image_pipeline/downloaded/optimized/HCM_0003/HCM_0003_03.webp,E:/testmodelrag/unutrip/backend/public/images/destinations/HCM_0003/HCM_0003_03.webp,/images/destinations/HCM_0003/HCM_0003_03.webp,3,0
HCM_0005,E:/testmodelrag/smarttravel-rag-v2/data/image_pipeline/downloaded/optimized/HCM_0005/HCM_0005_01.webp,E:/testmodelrag/unutrip/backend/public/images/destinations/HCM_0005/HCM_0005_01.webp,/images/destinations/HCM_0005/HCM_0005_01.webp,1,1
HCM_0005,E:/testmodelrag/smarttravel-rag-v2/data/image_pipeline/downloaded/optimized/HCM_0005/HCM_0005_02.webp,E:/testmodelrag/unutrip/backend/public/images/destinations/HCM_0005/HCM_0005_02.webp,/images/destinations/HCM_0005/HCM_0005_02.webp,2,0
HCM_0005,E:/testmodelrag/smarttravel-rag-v2/data/image_pipeline/downloaded/optimized/HCM_0005/HCM_0005_03.webp,E:/testmodelrag/unutrip/backend/public/images/destinations/HCM_0005/HCM_0005_03.webp,/images/destinations/HCM_0005/HCM_0005_03.webp,3,0
HCM_0006,E:/testmodelrag/smarttravel-rag-v2/data/image_pipeline/downloaded/optimized/HCM_0006/HCM_0006_01.webp,E:/testmodelrag/unutrip/backend/public/images/destinations/HCM_0006/HCM_0006_01.webp,/images/destinations/HCM_0006/HCM_0006_01.webp,1,1
HCM_0006,E:/testmodelrag/smarttravel-rag-v2/data/image_pipeline/downloaded/optimized/HCM_0006/HCM_0006_02.webp,E:/testmodelrag/unutrip/backend/public/images/destinations/HCM_0006/HCM_0006_02.webp,/images/destinations/HCM_0006/HCM_0006_02.webp,2,0
HCM_0008,E:/testmodelrag/smarttravel-rag-v2/data/image_pipeline/downloaded/optimized/HCM_0008/HCM_0008_01.webp,E:/testmodelrag/unutrip/backend/public/images/destinations/HCM_0008/HCM_0008_01.webp,/images/destinations/HCM_0008/HCM_0008_01.webp,1,1
HCM_0008,E:/testmodelrag/smarttravel-rag-v2/data/image_pipeline/downloaded/optimized/HCM_0008/HCM_0008_03.webp,E:/testmodelrag/unutrip/backend/public/images/destinations/HCM_0008/HCM_0008_03.webp,/images/destinations/HCM_0008/HCM_0008_03.webp,2,0
HCM_0008,E:/testmodelrag/smarttravel-rag-v2/data/image_pipeline/downloaded/optimized/HCM_0008/HCM_0008_04.webp,E:/testmodelrag/unutrip/backend/public/images/destinations/HCM_0008/HCM_0008_04.webp,/images/destinations/HCM_0008/HCM_0008_04.webp,3,0
HCM_0013,E:/testmodelrag/smarttravel-rag-v2/data/image_pipeline/downloaded/optimized/HCM_0013/HCM_0013_01.webp,E:/testmodelrag/unutrip/backend/public/images/destinations/HCM_0013/HCM_0013_01.webp,/images/destinations/HCM_0013/HCM_0013_01.webp,1,1
HCM_0013,E:/testmodelrag/smarttravel-rag-v2/data/image_pipeline/downloaded/optimized/HCM_0013/HCM_0013_03.webp,E:/testmodelrag/unutrip/backend/public/images/destinations/HCM_0013/HCM_0013_03.webp,/images/destinations/HCM_0013/HCM_0013_03.webp,2,0
HCM_0033,E:/testmodelrag/smarttravel-rag-v2/data/image_pipeline/downloaded/optimized/HCM_0033/HCM_0033_01.webp,E:/testmodelrag/unutrip/backend/public/images/destinations/HCM_0033/HCM_0033_01.webp,/images/destinations/HCM_0033/HCM_0033_01.webp,1,1
HCM_0052,E:/testmodelrag/smarttravel-rag-v2/data/image_pipeline/downloaded/optimized/HCM_0052/HCM_0052_02.webp,E:/testmodelrag/unutrip/backend/public/images/destinations/HCM_0052/HCM_0052_02.webp,/images/destinations/HCM_0052/HCM_0052_02.webp,1,1
HCM_0063,E:/testmodelrag/smarttravel-rag-v2/data/image_pipeline/downloaded/optimized/HCM_0063/HCM_0063_01.webp,E:/testmodelrag/unutrip/backend/public/images/destinations/HCM_0063/HCM_0063_01.webp,/images/destinations/HCM_0063/HCM_0063_01.webp,1,1
HCM_0063,E:/testmodelrag/smarttravel-rag-v2/data/image_pipeline/downloaded/optimized/HCM_0063/HCM_0063_02.webp,E:/testmodelrag/unutrip/backend/public/images/destinations/HCM_0063/HCM_0063_02.webp,/images/destinations/HCM_0063/HCM_0063_02.webp,2,0
HCM_0063,E:/testmodelrag/smarttravel-rag-v2/data/image_pipeline/downloaded/optimized/HCM_0063/HCM_0063_03.webp,E:/testmodelrag/unutrip/backend/public/images/destinations/HCM_0063/HCM_0063_03.webp,/images/destinations/HCM_0063/HCM_0063_03.webp,3,0
HCM_0063,E:/testmodelrag/smarttravel-rag-v2/data/image_pipeline/downloaded/optimized/HCM_0063/HCM_0063_04.webp,E:/testmodelrag/unutrip/backend/public/images/destinations/HCM_0063/HCM_0063_04.webp,/images/destinations/HCM_0063/HCM_0063_04.webp,4,0
HCM_0063,E:/testmodelrag/smarttravel-rag-v2/data/image_pipeline/downloaded/optimized/HCM_0063/HCM_0063_05.webp,E:/testmodelrag/unutrip/backend/public/images/destinations/HCM_0063/HCM_0063_05.webp,/images/destinations/HCM_0063/HCM_0063_05.webp,5,0
HCM_0074,E:/testmodelrag/smarttravel-rag-v2/data/image_pipeline/downloaded/optimized/HCM_0074/HCM_0074_01.webp,E:/testmodelrag/unutrip/backend/public/images/destinations/HCM_0074/HCM_0074_01.webp,/images/destinations/HCM_0074/HCM_0074_01.webp,1,1
HCM_0074,E:/testmodelrag/smarttravel-rag-v2/data/image_pipeline/downloaded/optimized/HCM_0074/HCM_0074_02.webp,E:/testmodelrag/unutrip/backend/public/images/destinations/HCM_0074/HCM_0074_02.webp,/images/destinations/HCM_0074/HCM_0074_02.webp,2,0
HCM_0074,E:/testmodelrag/smarttravel-rag-v2/data/image_pipeline/downloaded/optimized/HCM_0074/HCM_0074_03.webp,E:/testmodelrag/unutrip/backend/public/images/destinations/HCM_0074/HCM_0074_03.webp,/images/destinations/HCM_0074/HCM_0074_03.webp,3,0
HCM_0075,E:/testmodelrag/smarttravel-rag-v2/data/image_pipeline/downloaded/optimized/HCM_0075/HCM_0075_03.webp,E:/testmodelrag/unutrip/backend/public/images/destinations/HCM_0075/HCM_0075_03.webp,/images/destinations/HCM_0075/HCM_0075_03.webp,1,1
HCM_0088,E:/testmodelrag/smarttravel-rag-v2/data/image_pipeline/downloaded/optimized/HCM_0088/HCM_0088_01.webp,E:/testmodelrag/unutrip/backend/public/images/destinations/HCM_0088/HCM_0088_01.webp,/images/destinations/HCM_0088/HCM_0088_01.webp,1,1
HCM_0088,E:/testmodelrag/smarttravel-rag-v2/data/image_pipeline/downloaded/optimized/HCM_0088/HCM_0088_02.webp,E:/testmodelrag/unutrip/backend/public/images/destinations/HCM_0088/HCM_0088_02.webp,/images/destinations/HCM_0088/HCM_0088_02.webp,2,0
HCM_0088,E:/testmodelrag/smarttravel-rag-v2/data/image_pipeline/downloaded/optimized/HCM_0088/HCM_0088_03.webp,E:/testmodelrag/unutrip/backend/public/images/destinations/HCM_0088/HCM_0088_03.webp,/images/destinations/HCM_0088/HCM_0088_03.webp,3,0
HCM_0088,E:/testmodelrag/smarttravel-rag-v2/data/image_pipeline/downloaded/optimized/HCM_0088/HCM_0088_04.webp,E:/testmodelrag/unutrip/backend/public/images/destinations/HCM_0088/HCM_0088_04.webp,/images/destinations/HCM_0088/HCM_0088_04.webp,4,0
HCM_0088,E:/testmodelrag/smarttravel-rag-v2/data/image_pipeline/downloaded/optimized/HCM_0088/HCM_0088_05.webp,E:/testmodelrag/unutrip/backend/public/images/destinations/HCM_0088/HCM_0088_05.webp,/images/destinations/HCM_0088/HCM_0088_05.webp,5,0
HGI_0003,E:/testmodelrag/smarttravel-rag-v2/data/image_pipeline/downloaded/optimized/HGI_0003/HGI_0003_01.webp,E:/testmodelrag/unutrip/backend/public/images/destinations/HGI_0003/HGI_0003_01.webp,/images/destinations/HGI_0003/HGI_0003_01.webp,1,1
HGI_0003,E:/testmodelrag/smarttravel-rag-v2/data/image_pipeline/downloaded/optimized/HGI_0003/HGI_0003_02.webp,E:/testmodelrag/unutrip/backend/public/images/destinations/HGI_0003/HGI_0003_02.webp,/images/destinations/HGI_0003/HGI_0003_02.webp,2,0
HGI_0005,E:/testmodelrag/smarttravel-rag-v2/data/image_pipeline/downloaded/optimized/HGI_0005/HGI_0005_01.webp,E:/testmodelrag/unutrip/backend/public/images/destinations/HGI_0005/HGI_0005_01.webp,/images/destinations/HGI_0005/HGI_0005_01.webp,1,1
HGI_0005,E:/testmodelrag/smarttravel-rag-v2/data/image_pipeline/downloaded/optimized/HGI_0005/HGI_0005_02.webp,E:/testmodelrag/unutrip/backend/public/images/destinations/HGI_0005/HGI_0005_02.webp,/images/destinations/HGI_0005/HGI_0005_02.webp,2,0
HGI_0020,E:/testmodelrag/smarttravel-rag-v2/data/image_pipeline/downloaded/optimized/HGI_0020/HGI_0020_01.webp,E:/testmodelrag/unutrip/backend/public/images/destinations/HGI_0020/HGI_0020_01.webp,/images/destinations/HGI_0020/HGI_0020_01.webp,1,1
HGI_0020,E:/testmodelrag/smarttravel-rag-v2/data/image_pipeline/downloaded/optimized/HGI_0020/HGI_0020_02.webp,E:/testmodelrag/unutrip/backend/public/images/destinations/HGI_0020/HGI_0020_02.webp,/images/destinations/HGI_0020/HGI_0020_02.webp,2,0
HGI_0022,E:/testmodelrag/smarttravel-rag-v2/data/image_pipeline/downloaded/optimized/HGI_0022/HGI_0022_01.webp,E:/testmodelrag/unutrip/backend/public/images/destinations/HGI_0022/HGI_0022_01.webp,/images/destinations/HGI_0022/HGI_0022_01.webp,1,1
HGI_0022,E:/testmodelrag/smarttravel-rag-v2/data/image_pipeline/downloaded/optimized/HGI_0022/HGI_0022_02.webp,E:/testmodelrag/unutrip/backend/public/images/destinations/HGI_0022/HGI_0022_02.webp,/images/destinations/HGI_0022/HGI_0022_02.webp,2,0
HGI_0022,E:/testmodelrag/smarttravel-rag-v2/data/image_pipeline/downloaded/optimized/HGI_0022/HGI_0022_03.webp,E:/testmodelrag/unutrip/backend/public/images/destinations/HGI_0022/HGI_0022_03.webp,/images/destinations/HGI_0022/HGI_0022_03.webp,3,0
HGI_0081,E:/testmodelrag/smarttravel-rag-v2/data/image_pipeline/downloaded/optimized/HGI_0081/HGI_0081_01.webp,E:/testmodelrag/unutrip/backend/public/images/destinations/HGI_0081/HGI_0081_01.webp,/images/destinations/HGI_0081/HGI_0081_01.webp,1,1
HGI_0081,E:/testmodelrag/smarttravel-rag-v2/data/image_pipeline/downloaded/optimized/HGI_0081/HGI_0081_02.webp,E:/testmodelrag/unutrip/backend/public/images/destinations/HGI_0081/HGI_0081_02.webp,/images/destinations/HGI_0081/HGI_0081_02.webp,2,0
HGI_0081,E:/testmodelrag/smarttravel-rag-v2/data/image_pipeline/downloaded/optimized/HGI_0081/HGI_0081_03.webp,E:/testmodelrag/unutrip/backend/public/images/destinations/HGI_0081/HGI_0081_03.webp,/images/destinations/HGI_0081/HGI_0081_03.webp,3,0
HGI_0081,E:/testmodelrag/smarttravel-rag-v2/data/image_pipeline/downloaded/optimized/HGI_0081/HGI_0081_04.webp,E:/testmodelrag/unutrip/backend/public/images/destinations/HGI_0081/HGI_0081_04.webp,/images/destinations/HGI_0081/HGI_0081_04.webp,4,0
HGI_0081,E:/testmodelrag/smarttravel-rag-v2/data/image_pipeline/downloaded/optimized/HGI_0081/HGI_0081_05.webp,E:/testmodelrag/unutrip/backend/public/images/destinations/HGI_0081/HGI_0081_05.webp,/images/destinations/HGI_0081/HGI_0081_05.webp,5,0
HPH_0051,E:/testmodelrag/smarttravel-rag-v2/data/image_pipeline/downloaded/optimized/HPH_0051/HPH_0051_01.webp,E:/testmodelrag/unutrip/backend/public/images/destinations/HPH_0051/HPH_0051_01.webp,/images/destinations/HPH_0051/HPH_0051_01.webp,1,1
HPH_0051,E:/testmodelrag/smarttravel-rag-v2/data/image_pipeline/downloaded/optimized/HPH_0051/HPH_0051_02.webp,E:/testmodelrag/unutrip/backend/public/images/destinations/HPH_0051/HPH_0051_02.webp,/images/destinations/HPH_0051/HPH_0051_02.webp,2,0
HPH_0052,E:/testmodelrag/smarttravel-rag-v2/data/image_pipeline/downloaded/optimized/HPH_0052/HPH_0052_01.webp,E:/testmodelrag/unutrip/backend/public/images/destinations/HPH_0052/HPH_0052_01.webp,/images/destinations/HPH_0052/HPH_0052_01.webp,1,1
HPH_0052,E:/testmodelrag/smarttravel-rag-v2/data/image_pipeline/downloaded/optimized/HPH_0052/HPH_0052_02.webp,E:/testmodelrag/unutrip/backend/public/images/destinations/HPH_0052/HPH_0052_02.webp,/images/destinations/HPH_0052/HPH_0052_02.webp,2,0
KG_0001,E:/testmodelrag/smarttravel-rag-v2/data/image_pipeline/downloaded/optimized/KG_0001/KG_0001_01.webp,E:/testmodelrag/unutrip/backend/public/images/destinations/KG_0001/KG_0001_01.webp,/images/destinations/KG_0001/KG_0001_01.webp,1,1
KG_0001,E:/testmodelrag/smarttravel-rag-v2/data/image_pipeline/downloaded/optimized/KG_0001/KG_0001_02.webp,E:/testmodelrag/unutrip/backend/public/images/destinations/KG_0001/KG_0001_02.webp,/images/destinations/KG_0001/KG_0001_02.webp,2,0
KG_0001,E:/testmodelrag/smarttravel-rag-v2/data/image_pipeline/downloaded/optimized/KG_0001/KG_0001_03.webp,E:/testmodelrag/unutrip/backend/public/images/destinations/KG_0001/KG_0001_03.webp,/images/destinations/KG_0001/KG_0001_03.webp,3,0
KG_0002,E:/testmodelrag/smarttravel-rag-v2/data/image_pipeline/downloaded/optimized/KG_0002/KG_0002_01.webp,E:/testmodelrag/unutrip/backend/public/images/destinations/KG_0002/KG_0002_01.webp,/images/destinations/KG_0002/KG_0002_01.webp,1,1
KG_0002,E:/testmodelrag/smarttravel-rag-v2/data/image_pipeline/downloaded/optimized/KG_0002/KG_0002_02.webp,E:/testmodelrag/unutrip/backend/public/images/destinations/KG_0002/KG_0002_02.webp,/images/destinations/KG_0002/KG_0002_02.webp,2,0
KG_0002,E:/testmodelrag/smarttravel-rag-v2/data/image_pipeline/downloaded/optimized/KG_0002/KG_0002_03.webp,E:/testmodelrag/unutrip/backend/public/images/destinations/KG_0002/KG_0002_03.webp,/images/destinations/KG_0002/KG_0002_03.webp,3,0
KG_0029,E:/testmodelrag/smarttravel-rag-v2/data/image_pipeline/downloaded/optimized/KG_0029/KG_0029_01.webp,E:/testmodelrag/unutrip/backend/public/images/destinations/KG_0029/KG_0029_01.webp,/images/destinations/KG_0029/KG_0029_01.webp,1,1
KG_0029,E:/testmodelrag/smarttravel-rag-v2/data/image_pipeline/downloaded/optimized/KG_0029/KG_0029_02.webp,E:/testmodelrag/unutrip/backend/public/images/destinations/KG_0029/KG_0029_02.webp,/images/destinations/KG_0029/KG_0029_02.webp,2,0
KG_0029,E:/testmodelrag/smarttravel-rag-v2/data/image_pipeline/downloaded/optimized/KG_0029/KG_0029_03.webp,E:/testmodelrag/unutrip/backend/public/images/destinations/KG_0029/KG_0029_03.webp,/images/destinations/KG_0029/KG_0029_03.webp,3,0
KG_0030,E:/testmodelrag/smarttravel-rag-v2/data/image_pipeline/downloaded/optimized/KG_0030/KG_0030_01.webp,E:/testmodelrag/unutrip/backend/public/images/destinations/KG_0030/KG_0030_01.webp,/images/destinations/KG_0030/KG_0030_01.webp,1,1
KG_0030,E:/testmodelrag/smarttravel-rag-v2/data/image_pipeline/downloaded/optimized/KG_0030/KG_0030_02.webp,E:/testmodelrag/unutrip/backend/public/images/destinations/KG_0030/KG_0030_02.webp,/images/destinations/KG_0030/KG_0030_02.webp,2,0
KG_0030,E:/testmodelrag/smarttravel-rag-v2/data/image_pipeline/downloaded/optimized/KG_0030/KG_0030_03.webp,E:/testmodelrag/unutrip/backend/public/images/destinations/KG_0030/KG_0030_03.webp,/images/destinations/KG_0030/KG_0030_03.webp,3,0
KG_0036,E:/testmodelrag/smarttravel-rag-v2/data/image_pipeline/downloaded/optimized/KG_0036/KG_0036_01.webp,E:/testmodelrag/unutrip/backend/public/images/destinations/KG_0036/KG_0036_01.webp,/images/destinations/KG_0036/KG_0036_01.webp,1,1
KG_0036,E:/testmodelrag/smarttravel-rag-v2/data/image_pipeline/downloaded/optimized/KG_0036/KG_0036_02.webp,E:/testmodelrag/unutrip/backend/public/images/destinations/KG_0036/KG_0036_02.webp,/images/destinations/KG_0036/KG_0036_02.webp,2,0
KG_0036,E:/testmodelrag/smarttravel-rag-v2/data/image_pipeline/downloaded/optimized/KG_0036/KG_0036_03.webp,E:/testmodelrag/unutrip/backend/public/images/destinations/KG_0036/KG_0036_03.webp,/images/destinations/KG_0036/KG_0036_03.webp,3,0
KG_0058,E:/testmodelrag/smarttravel-rag-v2/data/image_pipeline/downloaded/optimized/KG_0058/KG_0058_01.webp,E:/testmodelrag/unutrip/backend/public/images/destinations/KG_0058/KG_0058_01.webp,/images/destinations/KG_0058/KG_0058_01.webp,1,1
KG_0058,E:/testmodelrag/smarttravel-rag-v2/data/image_pipeline/downloaded/optimized/KG_0058/KG_0058_02.webp,E:/testmodelrag/unutrip/backend/public/images/destinations/KG_0058/KG_0058_02.webp,/images/destinations/KG_0058/KG_0058_02.webp,2,0
KG_0058,E:/testmodelrag/smarttravel-rag-v2/data/image_pipeline/downloaded/optimized/KG_0058/KG_0058_03.webp,E:/testmodelrag/unutrip/backend/public/images/destinations/KG_0058/KG_0058_03.webp,/images/destinations/KG_0058/KG_0058_03.webp,3,0
KG_0058,E:/testmodelrag/smarttravel-rag-v2/data/image_pipeline/downloaded/optimized/KG_0058/KG_0058_04.webp,E:/testmodelrag/unutrip/backend/public/images/destinations/KG_0058/KG_0058_04.webp,/images/destinations/KG_0058/KG_0058_04.webp,4,0
KH_0001,E:/testmodelrag/smarttravel-rag-v2/data/image_pipeline/downloaded/optimized/KH_0001/KH_0001_01.webp,E:/testmodelrag/unutrip/backend/public/images/destinations/KH_0001/KH_0001_01.webp,/images/destinations/KH_0001/KH_0001_01.webp,1,1
KH_0022,E:/testmodelrag/smarttravel-rag-v2/data/image_pipeline/downloaded/optimized/KH_0022/KH_0022_01.webp,E:/testmodelrag/unutrip/backend/public/images/destinations/KH_0022/KH_0022_01.webp,/images/destinations/KH_0022/KH_0022_01.webp,1,1
KH_0022,E:/testmodelrag/smarttravel-rag-v2/data/image_pipeline/downloaded/optimized/KH_0022/KH_0022_02.webp,E:/testmodelrag/unutrip/backend/public/images/destinations/KH_0022/KH_0022_02.webp,/images/destinations/KH_0022/KH_0022_02.webp,2,0
KH_0022,E:/testmodelrag/smarttravel-rag-v2/data/image_pipeline/downloaded/optimized/KH_0022/KH_0022_03.webp,E:/testmodelrag/unutrip/backend/public/images/destinations/KH_0022/KH_0022_03.webp,/images/destinations/KH_0022/KH_0022_03.webp,3,0
KH_0026,E:/testmodelrag/smarttravel-rag-v2/data/image_pipeline/downloaded/optimized/KH_0026/KH_0026_01.webp,E:/testmodelrag/unutrip/backend/public/images/destinations/KH_0026/KH_0026_01.webp,/images/destinations/KH_0026/KH_0026_01.webp,1,1
KH_0026,E:/testmodelrag/smarttravel-rag-v2/data/image_pipeline/downloaded/optimized/KH_0026/KH_0026_02.webp,E:/testmodelrag/unutrip/backend/public/images/destinations/KH_0026/KH_0026_02.webp,/images/destinations/KH_0026/KH_0026_02.webp,2,0
KH_0042,E:/testmodelrag/smarttravel-rag-v2/data/image_pipeline/downloaded/optimized/KH_0042/KH_0042_01.webp,E:/testmodelrag/unutrip/backend/public/images/destinations/KH_0042/KH_0042_01.webp,/images/destinations/KH_0042/KH_0042_01.webp,1,1
KH_0042,E:/testmodelrag/smarttravel-rag-v2/data/image_pipeline/downloaded/optimized/KH_0042/KH_0042_02.webp,E:/testmodelrag/unutrip/backend/public/images/destinations/KH_0042/KH_0042_02.webp,/images/destinations/KH_0042/KH_0042_02.webp,2,0
KH_0042,E:/testmodelrag/smarttravel-rag-v2/data/image_pipeline/downloaded/optimized/KH_0042/KH_0042_03.webp,E:/testmodelrag/unutrip/backend/public/images/destinations/KH_0042/KH_0042_03.webp,/images/destinations/KH_0042/KH_0042_03.webp,3,0
KH_0061,E:/testmodelrag/smarttravel-rag-v2/data/image_pipeline/downloaded/optimized/KH_0061/KH_0061_01.webp,E:/testmodelrag/unutrip/backend/public/images/destinations/KH_0061/KH_0061_01.webp,/images/destinations/KH_0061/KH_0061_01.webp,1,1
KH_0061,E:/testmodelrag/smarttravel-rag-v2/data/image_pipeline/downloaded/optimized/KH_0061/KH_0061_02.webp,E:/testmodelrag/unutrip/backend/public/images/destinations/KH_0061/KH_0061_02.webp,/images/destinations/KH_0061/KH_0061_02.webp,2,0
KH_0061,E:/testmodelrag/smarttravel-rag-v2/data/image_pipeline/downloaded/optimized/KH_0061/KH_0061_03.webp,E:/testmodelrag/unutrip/backend/public/images/destinations/KH_0061/KH_0061_03.webp,/images/destinations/KH_0061/KH_0061_03.webp,3,0
KH_0066,E:/testmodelrag/smarttravel-rag-v2/data/image_pipeline/downloaded/optimized/KH_0066/KH_0066_01.webp,E:/testmodelrag/unutrip/backend/public/images/destinations/KH_0066/KH_0066_01.webp,/images/destinations/KH_0066/KH_0066_01.webp,1,1
KH_0066,E:/testmodelrag/smarttravel-rag-v2/data/image_pipeline/downloaded/optimized/KH_0066/KH_0066_02.webp,E:/testmodelrag/unutrip/backend/public/images/destinations/KH_0066/KH_0066_02.webp,/images/destinations/KH_0066/KH_0066_02.webp,2,0
KH_0066,E:/testmodelrag/smarttravel-rag-v2/data/image_pipeline/downloaded/optimized/KH_0066/KH_0066_03.webp,E:/testmodelrag/unutrip/backend/public/images/destinations/KH_0066/KH_0066_03.webp,/images/destinations/KH_0066/KH_0066_03.webp,3,0
KH_0072,E:/testmodelrag/smarttravel-rag-v2/data/image_pipeline/downloaded/optimized/KH_0072/KH_0072_01.webp,E:/testmodelrag/unutrip/backend/public/images/destinations/KH_0072/KH_0072_01.webp,/images/destinations/KH_0072/KH_0072_01.webp,1,1
KH_0072,E:/testmodelrag/smarttravel-rag-v2/data/image_pipeline/downloaded/optimized/KH_0072/KH_0072_02.webp,E:/testmodelrag/unutrip/backend/public/images/destinations/KH_0072/KH_0072_02.webp,/images/destinations/KH_0072/KH_0072_02.webp,2,0
KH_0072,E:/testmodelrag/smarttravel-rag-v2/data/image_pipeline/downloaded/optimized/KH_0072/KH_0072_03.webp,E:/testmodelrag/unutrip/backend/public/images/destinations/KH_0072/KH_0072_03.webp,/images/destinations/KH_0072/KH_0072_03.webp,3,0
KH_0072,E:/testmodelrag/smarttravel-rag-v2/data/image_pipeline/downloaded/optimized/KH_0072/KH_0072_04.webp,E:/testmodelrag/unutrip/backend/public/images/destinations/KH_0072/KH_0072_04.webp,/images/destinations/KH_0072/KH_0072_04.webp,4,0
LC_0001,E:/testmodelrag/smarttravel-rag-v2/data/image_pipeline/downloaded/optimized/LC_0001/LC_0001_01.webp,E:/testmodelrag/unutrip/backend/public/images/destinations/LC_0001/LC_0001_01.webp,/images/destinations/LC_0001/LC_0001_01.webp,1,1
LC_0001,E:/testmodelrag/smarttravel-rag-v2/data/image_pipeline/downloaded/optimized/LC_0001/LC_0001_02.webp,E:/testmodelrag/unutrip/backend/public/images/destinations/LC_0001/LC_0001_02.webp,/images/destinations/LC_0001/LC_0001_02.webp,2,0
LC_0001,E:/testmodelrag/smarttravel-rag-v2/data/image_pipeline/downloaded/optimized/LC_0001/LC_0001_03.webp,E:/testmodelrag/unutrip/backend/public/images/destinations/LC_0001/LC_0001_03.webp,/images/destinations/LC_0001/LC_0001_03.webp,3,0
LC_0010,E:/testmodelrag/smarttravel-rag-v2/data/image_pipeline/downloaded/optimized/LC_0010/LC_0010_01.webp,E:/testmodelrag/unutrip/backend/public/images/destinations/LC_0010/LC_0010_01.webp,/images/destinations/LC_0010/LC_0010_01.webp,1,1
LC_0014,E:/testmodelrag/smarttravel-rag-v2/data/image_pipeline/downloaded/optimized/LC_0014/LC_0014_01.webp,E:/testmodelrag/unutrip/backend/public/images/destinations/LC_0014/LC_0014_01.webp,/images/destinations/LC_0014/LC_0014_01.webp,1,1
LC_0017,E:/testmodelrag/smarttravel-rag-v2/data/image_pipeline/downloaded/optimized/LC_0017/LC_0017_02.webp,E:/testmodelrag/unutrip/backend/public/images/destinations/LC_0017/LC_0017_02.webp,/images/destinations/LC_0017/LC_0017_02.webp,1,1
LC_0017,E:/testmodelrag/smarttravel-rag-v2/data/image_pipeline/downloaded/optimized/LC_0017/LC_0017_03.webp,E:/testmodelrag/unutrip/backend/public/images/destinations/LC_0017/LC_0017_03.webp,/images/destinations/LC_0017/LC_0017_03.webp,2,0
LC_0017,E:/testmodelrag/smarttravel-rag-v2/data/image_pipeline/downloaded/optimized/LC_0017/LC_0017_04.webp,E:/testmodelrag/unutrip/backend/public/images/destinations/LC_0017/LC_0017_04.webp,/images/destinations/LC_0017/LC_0017_04.webp,3,0
LC_0021,E:/testmodelrag/smarttravel-rag-v2/data/image_pipeline/downloaded/optimized/LC_0021/LC_0021_01.webp,E:/testmodelrag/unutrip/backend/public/images/destinations/LC_0021/LC_0021_01.webp,/images/destinations/LC_0021/LC_0021_01.webp,1,1
LC_0021,E:/testmodelrag/smarttravel-rag-v2/data/image_pipeline/downloaded/optimized/LC_0021/LC_0021_02.webp,E:/testmodelrag/unutrip/backend/public/images/destinations/LC_0021/LC_0021_02.webp,/images/destinations/LC_0021/LC_0021_02.webp,2,0
LC_0021,E:/testmodelrag/smarttravel-rag-v2/data/image_pipeline/downloaded/optimized/LC_0021/LC_0021_03.webp,E:/testmodelrag/unutrip/backend/public/images/destinations/LC_0021/LC_0021_03.webp,/images/destinations/LC_0021/LC_0021_03.webp,3,0
LC_0021,E:/testmodelrag/smarttravel-rag-v2/data/image_pipeline/downloaded/optimized/LC_0021/LC_0021_04.webp,E:/testmodelrag/unutrip/backend/public/images/destinations/LC_0021/LC_0021_04.webp,/images/destinations/LC_0021/LC_0021_04.webp,4,0
LCI_0001,E:/testmodelrag/smarttravel-rag-v2/data/image_pipeline/downloaded/optimized/LCI_0001/LCI_0001_01.webp,E:/testmodelrag/unutrip/backend/public/images/destinations/LCI_0001/LCI_0001_01.webp,/images/destinations/LCI_0001/LCI_0001_01.webp,1,1
LCI_0001,E:/testmodelrag/smarttravel-rag-v2/data/image_pipeline/downloaded/optimized/LCI_0001/LCI_0001_02.webp,E:/testmodelrag/unutrip/backend/public/images/destinations/LCI_0001/LCI_0001_02.webp,/images/destinations/LCI_0001/LCI_0001_02.webp,2,0
LCI_0002,E:/testmodelrag/smarttravel-rag-v2/data/image_pipeline/downloaded/optimized/LCI_0002/LCI_0002_01.webp,E:/testmodelrag/unutrip/backend/public/images/destinations/LCI_0002/LCI_0002_01.webp,/images/destinations/LCI_0002/LCI_0002_01.webp,1,1
LCI_0002,E:/testmodelrag/smarttravel-rag-v2/data/image_pipeline/downloaded/optimized/LCI_0002/LCI_0002_02.webp,E:/testmodelrag/unutrip/backend/public/images/destinations/LCI_0002/LCI_0002_02.webp,/images/destinations/LCI_0002/LCI_0002_02.webp,2,0
LCI_0002,E:/testmodelrag/smarttravel-rag-v2/data/image_pipeline/downloaded/optimized/LCI_0002/LCI_0002_03.webp,E:/testmodelrag/unutrip/backend/public/images/destinations/LCI_0002/LCI_0002_03.webp,/images/destinations/LCI_0002/LCI_0002_03.webp,3,0
LCI_0002,E:/testmodelrag/smarttravel-rag-v2/data/image_pipeline/downloaded/optimized/LCI_0002/LCI_0002_04.webp,E:/testmodelrag/unutrip/backend/public/images/destinations/LCI_0002/LCI_0002_04.webp,/images/destinations/LCI_0002/LCI_0002_04.webp,4,0
LCI_0061,E:/testmodelrag/smarttravel-rag-v2/data/image_pipeline/downloaded/optimized/LCI_0061/LCI_0061_01.webp,E:/testmodelrag/unutrip/backend/public/images/destinations/LCI_0061/LCI_0061_01.webp,/images/destinations/LCI_0061/LCI_0061_01.webp,1,1
LD_0001,E:/testmodelrag/smarttravel-rag-v2/data/image_pipeline/downloaded/optimized/LD_0001/LD_0001_01.webp,E:/testmodelrag/unutrip/backend/public/images/destinations/LD_0001/LD_0001_01.webp,/images/destinations/LD_0001/LD_0001_01.webp,1,1
LD_0001,E:/testmodelrag/smarttravel-rag-v2/data/image_pipeline/downloaded/optimized/LD_0001/LD_0001_02.webp,E:/testmodelrag/unutrip/backend/public/images/destinations/LD_0001/LD_0001_02.webp,/images/destinations/LD_0001/LD_0001_02.webp,2,0
LD_0011,E:/testmodelrag/smarttravel-rag-v2/data/image_pipeline/downloaded/optimized/LD_0011/LD_0011_01.webp,E:/testmodelrag/unutrip/backend/public/images/destinations/LD_0011/LD_0011_01.webp,/images/destinations/LD_0011/LD_0011_01.webp,1,1
LD_0011,E:/testmodelrag/smarttravel-rag-v2/data/image_pipeline/downloaded/optimized/LD_0011/LD_0011_02.webp,E:/testmodelrag/unutrip/backend/public/images/destinations/LD_0011/LD_0011_02.webp,/images/destinations/LD_0011/LD_0011_02.webp,2,0
LD_0019,E:/testmodelrag/smarttravel-rag-v2/data/image_pipeline/downloaded/optimized/LD_0019/LD_0019_01.webp,E:/testmodelrag/unutrip/backend/public/images/destinations/LD_0019/LD_0019_01.webp,/images/destinations/LD_0019/LD_0019_01.webp,1,1
LD_0019,E:/testmodelrag/smarttravel-rag-v2/data/image_pipeline/downloaded/optimized/LD_0019/LD_0019_02.webp,E:/testmodelrag/unutrip/backend/public/images/destinations/LD_0019/LD_0019_02.webp,/images/destinations/LD_0019/LD_0019_02.webp,2,0
LD_0024,E:/testmodelrag/smarttravel-rag-v2/data/image_pipeline/downloaded/optimized/LD_0024/LD_0024_01.webp,E:/testmodelrag/unutrip/backend/public/images/destinations/LD_0024/LD_0024_01.webp,/images/destinations/LD_0024/LD_0024_01.webp,1,1
LD_0024,E:/testmodelrag/smarttravel-rag-v2/data/image_pipeline/downloaded/optimized/LD_0024/LD_0024_02.webp,E:/testmodelrag/unutrip/backend/public/images/destinations/LD_0024/LD_0024_02.webp,/images/destinations/LD_0024/LD_0024_02.webp,2,0
LD_0029,E:/testmodelrag/smarttravel-rag-v2/data/image_pipeline/downloaded/optimized/LD_0029/LD_0029_01.webp,E:/testmodelrag/unutrip/backend/public/images/destinations/LD_0029/LD_0029_01.webp,/images/destinations/LD_0029/LD_0029_01.webp,1,1
LD_0029,E:/testmodelrag/smarttravel-rag-v2/data/image_pipeline/downloaded/optimized/LD_0029/LD_0029_02.webp,E:/testmodelrag/unutrip/backend/public/images/destinations/LD_0029/LD_0029_02.webp,/images/destinations/LD_0029/LD_0029_02.webp,2,0
LS_0001,E:/testmodelrag/smarttravel-rag-v2/data/image_pipeline/downloaded/optimized/LS_0001/LS_0001_01.webp,E:/testmodelrag/unutrip/backend/public/images/destinations/LS_0001/LS_0001_01.webp,/images/destinations/LS_0001/LS_0001_01.webp,1,1
LS_0001,E:/testmodelrag/smarttravel-rag-v2/data/image_pipeline/downloaded/optimized/LS_0001/LS_0001_02.webp,E:/testmodelrag/unutrip/backend/public/images/destinations/LS_0001/LS_0001_02.webp,/images/destinations/LS_0001/LS_0001_02.webp,2,0
LS_0003,E:/testmodelrag/smarttravel-rag-v2/data/image_pipeline/downloaded/optimized/LS_0003/LS_0003_01.webp,E:/testmodelrag/unutrip/backend/public/images/destinations/LS_0003/LS_0003_01.webp,/images/destinations/LS_0003/LS_0003_01.webp,1,1
LS_0003,E:/testmodelrag/smarttravel-rag-v2/data/image_pipeline/downloaded/optimized/LS_0003/LS_0003_02.webp,E:/testmodelrag/unutrip/backend/public/images/destinations/LS_0003/LS_0003_02.webp,/images/destinations/LS_0003/LS_0003_02.webp,2,0
LS_0003,E:/testmodelrag/smarttravel-rag-v2/data/image_pipeline/downloaded/optimized/LS_0003/LS_0003_03.webp,E:/testmodelrag/unutrip/backend/public/images/destinations/LS_0003/LS_0003_03.webp,/images/destinations/LS_0003/LS_0003_03.webp,3,0
LS_0005,E:/testmodelrag/smarttravel-rag-v2/data/image_pipeline/downloaded/optimized/LS_0005/LS_0005_01.webp,E:/testmodelrag/unutrip/backend/public/images/destinations/LS_0005/LS_0005_01.webp,/images/destinations/LS_0005/LS_0005_01.webp,1,1
LS_0005,E:/testmodelrag/smarttravel-rag-v2/data/image_pipeline/downloaded/optimized/LS_0005/LS_0005_02.webp,E:/testmodelrag/unutrip/backend/public/images/destinations/LS_0005/LS_0005_02.webp,/images/destinations/LS_0005/LS_0005_02.webp,2,0
LS_0005,E:/testmodelrag/smarttravel-rag-v2/data/image_pipeline/downloaded/optimized/LS_0005/LS_0005_03.webp,E:/testmodelrag/unutrip/backend/public/images/destinations/LS_0005/LS_0005_03.webp,/images/destinations/LS_0005/LS_0005_03.webp,3,0
LS_0006,E:/testmodelrag/smarttravel-rag-v2/data/image_pipeline/downloaded/optimized/LS_0006/LS_0006_01.webp,E:/testmodelrag/unutrip/backend/public/images/destinations/LS_0006/LS_0006_01.webp,/images/destinations/LS_0006/LS_0006_01.webp,1,1
LS_0006,E:/testmodelrag/smarttravel-rag-v2/data/image_pipeline/downloaded/optimized/LS_0006/LS_0006_02.webp,E:/testmodelrag/unutrip/backend/public/images/destinations/LS_0006/LS_0006_02.webp,/images/destinations/LS_0006/LS_0006_02.webp,2,0
LS_0007,E:/testmodelrag/smarttravel-rag-v2/data/image_pipeline/downloaded/optimized/LS_0007/LS_0007_01.webp,E:/testmodelrag/unutrip/backend/public/images/destinations/LS_0007/LS_0007_01.webp,/images/destinations/LS_0007/LS_0007_01.webp,1,1
LS_0007,E:/testmodelrag/smarttravel-rag-v2/data/image_pipeline/downloaded/optimized/LS_0007/LS_0007_02.webp,E:/testmodelrag/unutrip/backend/public/images/destinations/LS_0007/LS_0007_02.webp,/images/destinations/LS_0007/LS_0007_02.webp,2,0
LS_0007,E:/testmodelrag/smarttravel-rag-v2/data/image_pipeline/downloaded/optimized/LS_0007/LS_0007_03.webp,E:/testmodelrag/unutrip/backend/public/images/destinations/LS_0007/LS_0007_03.webp,/images/destinations/LS_0007/LS_0007_03.webp,3,0
LS_0007,E:/testmodelrag/smarttravel-rag-v2/data/image_pipeline/downloaded/optimized/LS_0007/LS_0007_04.webp,E:/testmodelrag/unutrip/backend/public/images/destinations/LS_0007/LS_0007_04.webp,/images/destinations/LS_0007/LS_0007_04.webp,4,0
LS_0009,E:/testmodelrag/smarttravel-rag-v2/data/image_pipeline/downloaded/optimized/LS_0009/LS_0009_01.webp,E:/testmodelrag/unutrip/backend/public/images/destinations/LS_0009/LS_0009_01.webp,/images/destinations/LS_0009/LS_0009_01.webp,1,1
LS_0009,E:/testmodelrag/smarttravel-rag-v2/data/image_pipeline/downloaded/optimized/LS_0009/LS_0009_02.webp,E:/testmodelrag/unutrip/backend/public/images/destinations/LS_0009/LS_0009_02.webp,/images/destinations/LS_0009/LS_0009_02.webp,2,0
LS_0009,E:/testmodelrag/smarttravel-rag-v2/data/image_pipeline/downloaded/optimized/LS_0009/LS_0009_03.webp,E:/testmodelrag/unutrip/backend/public/images/destinations/LS_0009/LS_0009_03.webp,/images/destinations/LS_0009/LS_0009_03.webp,3,0
LS_0011,E:/testmodelrag/smarttravel-rag-v2/data/image_pipeline/downloaded/optimized/LS_0011/LS_0011_01.webp,E:/testmodelrag/unutrip/backend/public/images/destinations/LS_0011/LS_0011_01.webp,/images/destinations/LS_0011/LS_0011_01.webp,1,1
LS_0011,E:/testmodelrag/smarttravel-rag-v2/data/image_pipeline/downloaded/optimized/LS_0011/LS_0011_02.webp,E:/testmodelrag/unutrip/backend/public/images/destinations/LS_0011/LS_0011_02.webp,/images/destinations/LS_0011/LS_0011_02.webp,2,0
LS_0011,E:/testmodelrag/smarttravel-rag-v2/data/image_pipeline/downloaded/optimized/LS_0011/LS_0011_03.webp,E:/testmodelrag/unutrip/backend/public/images/destinations/LS_0011/LS_0011_03.webp,/images/destinations/LS_0011/LS_0011_03.webp,3,0
LS_0017,E:/testmodelrag/smarttravel-rag-v2/data/image_pipeline/downloaded/optimized/LS_0017/LS_0017_01.webp,E:/testmodelrag/unutrip/backend/public/images/destinations/LS_0017/LS_0017_01.webp,/images/destinations/LS_0017/LS_0017_01.webp,1,1
LS_0017,E:/testmodelrag/smarttravel-rag-v2/data/image_pipeline/downloaded/optimized/LS_0017/LS_0017_02.webp,E:/testmodelrag/unutrip/backend/public/images/destinations/LS_0017/LS_0017_02.webp,/images/destinations/LS_0017/LS_0017_02.webp,2,0
LS_0017,E:/testmodelrag/smarttravel-rag-v2/data/image_pipeline/downloaded/optimized/LS_0017/LS_0017_03.webp,E:/testmodelrag/unutrip/backend/public/images/destinations/LS_0017/LS_0017_03.webp,/images/destinations/LS_0017/LS_0017_03.webp,3,0
LS_0017,E:/testmodelrag/smarttravel-rag-v2/data/image_pipeline/downloaded/optimized/LS_0017/LS_0017_04.webp,E:/testmodelrag/unutrip/backend/public/images/destinations/LS_0017/LS_0017_04.webp,/images/destinations/LS_0017/LS_0017_04.webp,4,0
LS_0017,E:/testmodelrag/smarttravel-rag-v2/data/image_pipeline/downloaded/optimized/LS_0017/LS_0017_05.webp,E:/testmodelrag/unutrip/backend/public/images/destinations/LS_0017/LS_0017_05.webp,/images/destinations/LS_0017/LS_0017_05.webp,5,0
LS_0030,E:/testmodelrag/smarttravel-rag-v2/data/image_pipeline/downloaded/optimized/LS_0030/LS_0030_01.webp,E:/testmodelrag/unutrip/backend/public/images/destinations/LS_0030/LS_0030_01.webp,/images/destinations/LS_0030/LS_0030_01.webp,1,1
LS_0030,E:/testmodelrag/smarttravel-rag-v2/data/image_pipeline/downloaded/optimized/LS_0030/LS_0030_02.webp,E:/testmodelrag/unutrip/backend/public/images/destinations/LS_0030/LS_0030_02.webp,/images/destinations/LS_0030/LS_0030_02.webp,2,0
LS_0030,E:/testmodelrag/smarttravel-rag-v2/data/image_pipeline/downloaded/optimized/LS_0030/LS_0030_03.webp,E:/testmodelrag/unutrip/backend/public/images/destinations/LS_0030/LS_0030_03.webp,/images/destinations/LS_0030/LS_0030_03.webp,3,0
LS_0030,E:/testmodelrag/smarttravel-rag-v2/data/image_pipeline/downloaded/optimized/LS_0030/LS_0030_04.webp,E:/testmodelrag/unutrip/backend/public/images/destinations/LS_0030/LS_0030_04.webp,/images/destinations/LS_0030/LS_0030_04.webp,4,0
NA_0016,E:/testmodelrag/smarttravel-rag-v2/data/image_pipeline/downloaded/optimized/NA_0016/NA_0016_01.webp,E:/testmodelrag/unutrip/backend/public/images/destinations/NA_0016/NA_0016_01.webp,/images/destinations/NA_0016/NA_0016_01.webp,1,1
NA_0016,E:/testmodelrag/smarttravel-rag-v2/data/image_pipeline/downloaded/optimized/NA_0016/NA_0016_02.webp,E:/testmodelrag/unutrip/backend/public/images/destinations/NA_0016/NA_0016_02.webp,/images/destinations/NA_0016/NA_0016_02.webp,2,0
NA_0016,E:/testmodelrag/smarttravel-rag-v2/data/image_pipeline/downloaded/optimized/NA_0016/NA_0016_03.webp,E:/testmodelrag/unutrip/backend/public/images/destinations/NA_0016/NA_0016_03.webp,/images/destinations/NA_0016/NA_0016_03.webp,3,0
NA_0103,E:/testmodelrag/smarttravel-rag-v2/data/image_pipeline/downloaded/optimized/NA_0103/NA_0103_01.webp,E:/testmodelrag/unutrip/backend/public/images/destinations/NA_0103/NA_0103_01.webp,/images/destinations/NA_0103/NA_0103_01.webp,1,1
NA_0103,E:/testmodelrag/smarttravel-rag-v2/data/image_pipeline/downloaded/optimized/NA_0103/NA_0103_02.webp,E:/testmodelrag/unutrip/backend/public/images/destinations/NA_0103/NA_0103_02.webp,/images/destinations/NA_0103/NA_0103_02.webp,2,0
NA_0103,E:/testmodelrag/smarttravel-rag-v2/data/image_pipeline/downloaded/optimized/NA_0103/NA_0103_03.webp,E:/testmodelrag/unutrip/backend/public/images/destinations/NA_0103/NA_0103_03.webp,/images/destinations/NA_0103/NA_0103_03.webp,3,0
NA_0103,E:/testmodelrag/smarttravel-rag-v2/data/image_pipeline/downloaded/optimized/NA_0103/NA_0103_04.webp,E:/testmodelrag/unutrip/backend/public/images/destinations/NA_0103/NA_0103_04.webp,/images/destinations/NA_0103/NA_0103_04.webp,4,0
NA_0103,E:/testmodelrag/smarttravel-rag-v2/data/image_pipeline/downloaded/optimized/NA_0103/NA_0103_05.webp,E:/testmodelrag/unutrip/backend/public/images/destinations/NA_0103/NA_0103_05.webp,/images/destinations/NA_0103/NA_0103_05.webp,5,0
NB_0001,E:/testmodelrag/smarttravel-rag-v2/data/image_pipeline/downloaded/optimized/NB_0001/NB_0001_01.webp,E:/testmodelrag/unutrip/backend/public/images/destinations/NB_0001/NB_0001_01.webp,/images/destinations/NB_0001/NB_0001_01.webp,1,1
NB_0001,E:/testmodelrag/smarttravel-rag-v2/data/image_pipeline/downloaded/optimized/NB_0001/NB_0001_02.webp,E:/testmodelrag/unutrip/backend/public/images/destinations/NB_0001/NB_0001_02.webp,/images/destinations/NB_0001/NB_0001_02.webp,2,0
NB_0003,E:/testmodelrag/smarttravel-rag-v2/data/image_pipeline/downloaded/optimized/NB_0003/NB_0003_01.webp,E:/testmodelrag/unutrip/backend/public/images/destinations/NB_0003/NB_0003_01.webp,/images/destinations/NB_0003/NB_0003_01.webp,1,1
NB_0003,E:/testmodelrag/smarttravel-rag-v2/data/image_pipeline/downloaded/optimized/NB_0003/NB_0003_02.webp,E:/testmodelrag/unutrip/backend/public/images/destinations/NB_0003/NB_0003_02.webp,/images/destinations/NB_0003/NB_0003_02.webp,2,0
NB_0006,E:/testmodelrag/smarttravel-rag-v2/data/image_pipeline/downloaded/optimized/NB_0006/NB_0006_01.webp,E:/testmodelrag/unutrip/backend/public/images/destinations/NB_0006/NB_0006_01.webp,/images/destinations/NB_0006/NB_0006_01.webp,1,1
NB_0006,E:/testmodelrag/smarttravel-rag-v2/data/image_pipeline/downloaded/optimized/NB_0006/NB_0006_02.webp,E:/testmodelrag/unutrip/backend/public/images/destinations/NB_0006/NB_0006_02.webp,/images/destinations/NB_0006/NB_0006_02.webp,2,0
NB_0008,E:/testmodelrag/smarttravel-rag-v2/data/image_pipeline/downloaded/optimized/NB_0008/NB_0008_01.webp,E:/testmodelrag/unutrip/backend/public/images/destinations/NB_0008/NB_0008_01.webp,/images/destinations/NB_0008/NB_0008_01.webp,1,1
NB_0008,E:/testmodelrag/smarttravel-rag-v2/data/image_pipeline/downloaded/optimized/NB_0008/NB_0008_02.webp,E:/testmodelrag/unutrip/backend/public/images/destinations/NB_0008/NB_0008_02.webp,/images/destinations/NB_0008/NB_0008_02.webp,2,0
NB_0008,E:/testmodelrag/smarttravel-rag-v2/data/image_pipeline/downloaded/optimized/NB_0008/NB_0008_03.webp,E:/testmodelrag/unutrip/backend/public/images/destinations/NB_0008/NB_0008_03.webp,/images/destinations/NB_0008/NB_0008_03.webp,3,0
NB_0008,E:/testmodelrag/smarttravel-rag-v2/data/image_pipeline/downloaded/optimized/NB_0008/NB_0008_04.webp,E:/testmodelrag/unutrip/backend/public/images/destinations/NB_0008/NB_0008_04.webp,/images/destinations/NB_0008/NB_0008_04.webp,4,0
NB_0030,E:/testmodelrag/smarttravel-rag-v2/data/image_pipeline/downloaded/optimized/NB_0030/NB_0030_01.webp,E:/testmodelrag/unutrip/backend/public/images/destinations/NB_0030/NB_0030_01.webp,/images/destinations/NB_0030/NB_0030_01.webp,1,1
NB_0030,E:/testmodelrag/smarttravel-rag-v2/data/image_pipeline/downloaded/optimized/NB_0030/NB_0030_02.webp,E:/testmodelrag/unutrip/backend/public/images/destinations/NB_0030/NB_0030_02.webp,/images/destinations/NB_0030/NB_0030_02.webp,2,0
NB_0030,E:/testmodelrag/smarttravel-rag-v2/data/image_pipeline/downloaded/optimized/NB_0030/NB_0030_03.webp,E:/testmodelrag/unutrip/backend/public/images/destinations/NB_0030/NB_0030_03.webp,/images/destinations/NB_0030/NB_0030_03.webp,3,0
NB_0035,E:/testmodelrag/smarttravel-rag-v2/data/image_pipeline/downloaded/optimized/NB_0035/NB_0035_01.webp,E:/testmodelrag/unutrip/backend/public/images/destinations/NB_0035/NB_0035_01.webp,/images/destinations/NB_0035/NB_0035_01.webp,1,1
NB_0035,E:/testmodelrag/smarttravel-rag-v2/data/image_pipeline/downloaded/optimized/NB_0035/NB_0035_02.webp,E:/testmodelrag/unutrip/backend/public/images/destinations/NB_0035/NB_0035_02.webp,/images/destinations/NB_0035/NB_0035_02.webp,2,0
NB_0035,E:/testmodelrag/smarttravel-rag-v2/data/image_pipeline/downloaded/optimized/NB_0035/NB_0035_03.webp,E:/testmodelrag/unutrip/backend/public/images/destinations/NB_0035/NB_0035_03.webp,/images/destinations/NB_0035/NB_0035_03.webp,3,0
PTO_0059,E:/testmodelrag/smarttravel-rag-v2/data/image_pipeline/downloaded/optimized/PTO_0059/PTO_0059_01.webp,E:/testmodelrag/unutrip/backend/public/images/destinations/PTO_0059/PTO_0059_01.webp,/images/destinations/PTO_0059/PTO_0059_01.webp,1,1
PTO_0059,E:/testmodelrag/smarttravel-rag-v2/data/image_pipeline/downloaded/optimized/PTO_0059/PTO_0059_02.webp,E:/testmodelrag/unutrip/backend/public/images/destinations/PTO_0059/PTO_0059_02.webp,/images/destinations/PTO_0059/PTO_0059_02.webp,2,0
PTO_0059,E:/testmodelrag/smarttravel-rag-v2/data/image_pipeline/downloaded/optimized/PTO_0059/PTO_0059_03.webp,E:/testmodelrag/unutrip/backend/public/images/destinations/PTO_0059/PTO_0059_03.webp,/images/destinations/PTO_0059/PTO_0059_03.webp,3,0
PTO_0059,E:/testmodelrag/smarttravel-rag-v2/data/image_pipeline/downloaded/optimized/PTO_0059/PTO_0059_04.webp,E:/testmodelrag/unutrip/backend/public/images/destinations/PTO_0059/PTO_0059_04.webp,/images/destinations/PTO_0059/PTO_0059_04.webp,4,0
PTO_0059,E:/testmodelrag/smarttravel-rag-v2/data/image_pipeline/downloaded/optimized/PTO_0059/PTO_0059_05.webp,E:/testmodelrag/unutrip/backend/public/images/destinations/PTO_0059/PTO_0059_05.webp,/images/destinations/PTO_0059/PTO_0059_05.webp,5,0
PTO_0101,E:/testmodelrag/smarttravel-rag-v2/data/image_pipeline/downloaded/optimized/PTO_0101/PTO_0101_01.webp,E:/testmodelrag/unutrip/backend/public/images/destinations/PTO_0101/PTO_0101_01.webp,/images/destinations/PTO_0101/PTO_0101_01.webp,1,1
PTO_0105,E:/testmodelrag/smarttravel-rag-v2/data/image_pipeline/downloaded/optimized/PTO_0105/PTO_0105_01.webp,E:/testmodelrag/unutrip/backend/public/images/destinations/PTO_0105/PTO_0105_01.webp,/images/destinations/PTO_0105/PTO_0105_01.webp,1,1
PTO_0105,E:/testmodelrag/smarttravel-rag-v2/data/image_pipeline/downloaded/optimized/PTO_0105/PTO_0105_02.webp,E:/testmodelrag/unutrip/backend/public/images/destinations/PTO_0105/PTO_0105_02.webp,/images/destinations/PTO_0105/PTO_0105_02.webp,2,0
PTO_0105,E:/testmodelrag/smarttravel-rag-v2/data/image_pipeline/downloaded/optimized/PTO_0105/PTO_0105_03.webp,E:/testmodelrag/unutrip/backend/public/images/destinations/PTO_0105/PTO_0105_03.webp,/images/destinations/PTO_0105/PTO_0105_03.webp,3,0
PTO_0105,E:/testmodelrag/smarttravel-rag-v2/data/image_pipeline/downloaded/optimized/PTO_0105/PTO_0105_04.webp,E:/testmodelrag/unutrip/backend/public/images/destinations/PTO_0105/PTO_0105_04.webp,/images/destinations/PTO_0105/PTO_0105_04.webp,4,0
PTO_0105,E:/testmodelrag/smarttravel-rag-v2/data/image_pipeline/downloaded/optimized/PTO_0105/PTO_0105_05.webp,E:/testmodelrag/unutrip/backend/public/images/destinations/PTO_0105/PTO_0105_05.webp,/images/destinations/PTO_0105/PTO_0105_05.webp,5,0
PTO_0111,E:/testmodelrag/smarttravel-rag-v2/data/image_pipeline/downloaded/optimized/PTO_0111/PTO_0111_01.webp,E:/testmodelrag/unutrip/backend/public/images/destinations/PTO_0111/PTO_0111_01.webp,/images/destinations/PTO_0111/PTO_0111_01.webp,1,1
PTO_0111,E:/testmodelrag/smarttravel-rag-v2/data/image_pipeline/downloaded/optimized/PTO_0111/PTO_0111_02.webp,E:/testmodelrag/unutrip/backend/public/images/destinations/PTO_0111/PTO_0111_02.webp,/images/destinations/PTO_0111/PTO_0111_02.webp,2,0
PTO_0111,E:/testmodelrag/smarttravel-rag-v2/data/image_pipeline/downloaded/optimized/PTO_0111/PTO_0111_03.webp,E:/testmodelrag/unutrip/backend/public/images/destinations/PTO_0111/PTO_0111_03.webp,/images/destinations/PTO_0111/PTO_0111_03.webp,3,0
PTO_0111,E:/testmodelrag/smarttravel-rag-v2/data/image_pipeline/downloaded/optimized/PTO_0111/PTO_0111_04.webp,E:/testmodelrag/unutrip/backend/public/images/destinations/PTO_0111/PTO_0111_04.webp,/images/destinations/PTO_0111/PTO_0111_04.webp,4,0
PY_0001,E:/testmodelrag/smarttravel-rag-v2/data/image_pipeline/downloaded/optimized/PY_0001/PY_0001_01.webp,E:/testmodelrag/unutrip/backend/public/images/destinations/PY_0001/PY_0001_01.webp,/images/destinations/PY_0001/PY_0001_01.webp,1,1
PY_0001,E:/testmodelrag/smarttravel-rag-v2/data/image_pipeline/downloaded/optimized/PY_0001/PY_0001_02.webp,E:/testmodelrag/unutrip/backend/public/images/destinations/PY_0001/PY_0001_02.webp,/images/destinations/PY_0001/PY_0001_02.webp,2,0
PY_0011,E:/testmodelrag/smarttravel-rag-v2/data/image_pipeline/downloaded/optimized/PY_0011/PY_0011_01.webp,E:/testmodelrag/unutrip/backend/public/images/destinations/PY_0011/PY_0011_01.webp,/images/destinations/PY_0011/PY_0011_01.webp,1,1
PY_0011,E:/testmodelrag/smarttravel-rag-v2/data/image_pipeline/downloaded/optimized/PY_0011/PY_0011_02.webp,E:/testmodelrag/unutrip/backend/public/images/destinations/PY_0011/PY_0011_02.webp,/images/destinations/PY_0011/PY_0011_02.webp,2,0
PY_0011,E:/testmodelrag/smarttravel-rag-v2/data/image_pipeline/downloaded/optimized/PY_0011/PY_0011_03.webp,E:/testmodelrag/unutrip/backend/public/images/destinations/PY_0011/PY_0011_03.webp,/images/destinations/PY_0011/PY_0011_03.webp,3,0
QB_0001,E:/testmodelrag/smarttravel-rag-v2/data/image_pipeline/downloaded/optimized/QB_0001/QB_0001_01.webp,E:/testmodelrag/unutrip/backend/public/images/destinations/QB_0001/QB_0001_01.webp,/images/destinations/QB_0001/QB_0001_01.webp,1,1
QB_0001,E:/testmodelrag/smarttravel-rag-v2/data/image_pipeline/downloaded/optimized/QB_0001/QB_0001_02.webp,E:/testmodelrag/unutrip/backend/public/images/destinations/QB_0001/QB_0001_02.webp,/images/destinations/QB_0001/QB_0001_02.webp,2,0
QB_0002,E:/testmodelrag/smarttravel-rag-v2/data/image_pipeline/downloaded/optimized/QB_0002/QB_0002_01.webp,E:/testmodelrag/unutrip/backend/public/images/destinations/QB_0002/QB_0002_01.webp,/images/destinations/QB_0002/QB_0002_01.webp,1,1
QB_0003,E:/testmodelrag/smarttravel-rag-v2/data/image_pipeline/downloaded/optimized/QB_0003/QB_0003_01.webp,E:/testmodelrag/unutrip/backend/public/images/destinations/QB_0003/QB_0003_01.webp,/images/destinations/QB_0003/QB_0003_01.webp,1,1
QB_0003,E:/testmodelrag/smarttravel-rag-v2/data/image_pipeline/downloaded/optimized/QB_0003/QB_0003_02.webp,E:/testmodelrag/unutrip/backend/public/images/destinations/QB_0003/QB_0003_02.webp,/images/destinations/QB_0003/QB_0003_02.webp,2,0
QB_0003,E:/testmodelrag/smarttravel-rag-v2/data/image_pipeline/downloaded/optimized/QB_0003/QB_0003_03.webp,E:/testmodelrag/unutrip/backend/public/images/destinations/QB_0003/QB_0003_03.webp,/images/destinations/QB_0003/QB_0003_03.webp,3,0
QB_0004,E:/testmodelrag/smarttravel-rag-v2/data/image_pipeline/downloaded/optimized/QB_0004/QB_0004_01.webp,E:/testmodelrag/unutrip/backend/public/images/destinations/QB_0004/QB_0004_01.webp,/images/destinations/QB_0004/QB_0004_01.webp,1,1
QN_0001,E:/testmodelrag/smarttravel-rag-v2/data/image_pipeline/downloaded/optimized/QN_0001/QN_0001_01.webp,E:/testmodelrag/unutrip/backend/public/images/destinations/QN_0001/QN_0001_01.webp,/images/destinations/QN_0001/QN_0001_01.webp,1,1
QN_0001,E:/testmodelrag/smarttravel-rag-v2/data/image_pipeline/downloaded/optimized/QN_0001/QN_0001_02.webp,E:/testmodelrag/unutrip/backend/public/images/destinations/QN_0001/QN_0001_02.webp,/images/destinations/QN_0001/QN_0001_02.webp,2,0
QN_0081,E:/testmodelrag/smarttravel-rag-v2/data/image_pipeline/downloaded/optimized/QN_0081/QN_0081_01.webp,E:/testmodelrag/unutrip/backend/public/images/destinations/QN_0081/QN_0081_01.webp,/images/destinations/QN_0081/QN_0081_01.webp,1,1
QN_0081,E:/testmodelrag/smarttravel-rag-v2/data/image_pipeline/downloaded/optimized/QN_0081/QN_0081_02.webp,E:/testmodelrag/unutrip/backend/public/images/destinations/QN_0081/QN_0081_02.webp,/images/destinations/QN_0081/QN_0081_02.webp,2,0
QN_0081,E:/testmodelrag/smarttravel-rag-v2/data/image_pipeline/downloaded/optimized/QN_0081/QN_0081_03.webp,E:/testmodelrag/unutrip/backend/public/images/destinations/QN_0081/QN_0081_03.webp,/images/destinations/QN_0081/QN_0081_03.webp,3,0
QN_0081,E:/testmodelrag/smarttravel-rag-v2/data/image_pipeline/downloaded/optimized/QN_0081/QN_0081_05.webp,E:/testmodelrag/unutrip/backend/public/images/destinations/QN_0081/QN_0081_05.webp,/images/destinations/QN_0081/QN_0081_05.webp,4,0
QN_0124,E:/testmodelrag/smarttravel-rag-v2/data/image_pipeline/downloaded/optimized/QN_0124/QN_0124_01.webp,E:/testmodelrag/unutrip/backend/public/images/destinations/QN_0124/QN_0124_01.webp,/images/destinations/QN_0124/QN_0124_01.webp,1,1
QNAM_0001,E:/testmodelrag/smarttravel-rag-v2/data/image_pipeline/downloaded/optimized/QNAM_0001/QNAM_0001_01.webp,E:/testmodelrag/unutrip/backend/public/images/destinations/QNAM_0001/QNAM_0001_01.webp,/images/destinations/QNAM_0001/QNAM_0001_01.webp,1,1
QNAM_0001,E:/testmodelrag/smarttravel-rag-v2/data/image_pipeline/downloaded/optimized/QNAM_0001/QNAM_0001_02.webp,E:/testmodelrag/unutrip/backend/public/images/destinations/QNAM_0001/QNAM_0001_02.webp,/images/destinations/QNAM_0001/QNAM_0001_02.webp,2,0
QNAM_0001,E:/testmodelrag/smarttravel-rag-v2/data/image_pipeline/downloaded/optimized/QNAM_0001/QNAM_0001_03.webp,E:/testmodelrag/unutrip/backend/public/images/destinations/QNAM_0001/QNAM_0001_03.webp,/images/destinations/QNAM_0001/QNAM_0001_03.webp,3,0
QNAM_0002,E:/testmodelrag/smarttravel-rag-v2/data/image_pipeline/downloaded/optimized/QNAM_0002/QNAM_0002_01.webp,E:/testmodelrag/unutrip/backend/public/images/destinations/QNAM_0002/QNAM_0002_01.webp,/images/destinations/QNAM_0002/QNAM_0002_01.webp,1,1
QNAM_0018,E:/testmodelrag/smarttravel-rag-v2/data/image_pipeline/downloaded/optimized/QNAM_0018/QNAM_0018_01.webp,E:/testmodelrag/unutrip/backend/public/images/destinations/QNAM_0018/QNAM_0018_01.webp,/images/destinations/QNAM_0018/QNAM_0018_01.webp,1,1
QNAM_0018,E:/testmodelrag/smarttravel-rag-v2/data/image_pipeline/downloaded/optimized/QNAM_0018/QNAM_0018_02.webp,E:/testmodelrag/unutrip/backend/public/images/destinations/QNAM_0018/QNAM_0018_02.webp,/images/destinations/QNAM_0018/QNAM_0018_02.webp,2,0
QNAM_0018,E:/testmodelrag/smarttravel-rag-v2/data/image_pipeline/downloaded/optimized/QNAM_0018/QNAM_0018_03.webp,E:/testmodelrag/unutrip/backend/public/images/destinations/QNAM_0018/QNAM_0018_03.webp,/images/destinations/QNAM_0018/QNAM_0018_03.webp,3,0
QNAM_0018,E:/testmodelrag/smarttravel-rag-v2/data/image_pipeline/downloaded/optimized/QNAM_0018/QNAM_0018_04.webp,E:/testmodelrag/unutrip/backend/public/images/destinations/QNAM_0018/QNAM_0018_04.webp,/images/destinations/QNAM_0018/QNAM_0018_04.webp,4,0
QNAM_0018,E:/testmodelrag/smarttravel-rag-v2/data/image_pipeline/downloaded/optimized/QNAM_0018/QNAM_0018_05.webp,E:/testmodelrag/unutrip/backend/public/images/destinations/QNAM_0018/QNAM_0018_05.webp,/images/destinations/QNAM_0018/QNAM_0018_05.webp,5,0
QNAM_0027,E:/testmodelrag/smarttravel-rag-v2/data/image_pipeline/downloaded/optimized/QNAM_0027/QNAM_0027_01.webp,E:/testmodelrag/unutrip/backend/public/images/destinations/QNAM_0027/QNAM_0027_01.webp,/images/destinations/QNAM_0027/QNAM_0027_01.webp,1,1
QNAM_0027,E:/testmodelrag/smarttravel-rag-v2/data/image_pipeline/downloaded/optimized/QNAM_0027/QNAM_0027_02.webp,E:/testmodelrag/unutrip/backend/public/images/destinations/QNAM_0027/QNAM_0027_02.webp,/images/destinations/QNAM_0027/QNAM_0027_02.webp,2,0
QNAM_0027,E:/testmodelrag/smarttravel-rag-v2/data/image_pipeline/downloaded/optimized/QNAM_0027/QNAM_0027_03.webp,E:/testmodelrag/unutrip/backend/public/images/destinations/QNAM_0027/QNAM_0027_03.webp,/images/destinations/QNAM_0027/QNAM_0027_03.webp,3,0
QNAM_0035,E:/testmodelrag/smarttravel-rag-v2/data/image_pipeline/downloaded/optimized/QNAM_0035/QNAM_0035_01.webp,E:/testmodelrag/unutrip/backend/public/images/destinations/QNAM_0035/QNAM_0035_01.webp,/images/destinations/QNAM_0035/QNAM_0035_01.webp,1,1
QNG_0001,E:/testmodelrag/smarttravel-rag-v2/data/image_pipeline/downloaded/optimized/QNG_0001/QNG_0001_01.webp,E:/testmodelrag/unutrip/backend/public/images/destinations/QNG_0001/QNG_0001_01.webp,/images/destinations/QNG_0001/QNG_0001_01.webp,1,1
SL_0001,E:/testmodelrag/smarttravel-rag-v2/data/image_pipeline/downloaded/optimized/SL_0001/SL_0001_01.webp,E:/testmodelrag/unutrip/backend/public/images/destinations/SL_0001/SL_0001_01.webp,/images/destinations/SL_0001/SL_0001_01.webp,1,1
SL_0001,E:/testmodelrag/smarttravel-rag-v2/data/image_pipeline/downloaded/optimized/SL_0001/SL_0001_02.webp,E:/testmodelrag/unutrip/backend/public/images/destinations/SL_0001/SL_0001_02.webp,/images/destinations/SL_0001/SL_0001_02.webp,2,0
SL_0001,E:/testmodelrag/smarttravel-rag-v2/data/image_pipeline/downloaded/optimized/SL_0001/SL_0001_03.webp,E:/testmodelrag/unutrip/backend/public/images/destinations/SL_0001/SL_0001_03.webp,/images/destinations/SL_0001/SL_0001_03.webp,3,0
SL_0001,E:/testmodelrag/smarttravel-rag-v2/data/image_pipeline/downloaded/optimized/SL_0001/SL_0001_04.webp,E:/testmodelrag/unutrip/backend/public/images/destinations/SL_0001/SL_0001_04.webp,/images/destinations/SL_0001/SL_0001_04.webp,4,0
SL_0001,E:/testmodelrag/smarttravel-rag-v2/data/image_pipeline/downloaded/optimized/SL_0001/SL_0001_05.webp,E:/testmodelrag/unutrip/backend/public/images/destinations/SL_0001/SL_0001_05.webp,/images/destinations/SL_0001/SL_0001_05.webp,5,0
SL_0031,E:/testmodelrag/smarttravel-rag-v2/data/image_pipeline/downloaded/optimized/SL_0031/SL_0031_01.webp,E:/testmodelrag/unutrip/backend/public/images/destinations/SL_0031/SL_0031_01.webp,/images/destinations/SL_0031/SL_0031_01.webp,1,1
SL_0031,E:/testmodelrag/smarttravel-rag-v2/data/image_pipeline/downloaded/optimized/SL_0031/SL_0031_02.webp,E:/testmodelrag/unutrip/backend/public/images/destinations/SL_0031/SL_0031_02.webp,/images/destinations/SL_0031/SL_0031_02.webp,2,0
SL_0031,E:/testmodelrag/smarttravel-rag-v2/data/image_pipeline/downloaded/optimized/SL_0031/SL_0031_03.webp,E:/testmodelrag/unutrip/backend/public/images/destinations/SL_0031/SL_0031_03.webp,/images/destinations/SL_0031/SL_0031_03.webp,3,0
TG_0015,E:/testmodelrag/smarttravel-rag-v2/data/image_pipeline/downloaded/optimized/TG_0015/TG_0015_01.webp,E:/testmodelrag/unutrip/backend/public/images/destinations/TG_0015/TG_0015_01.webp,/images/destinations/TG_0015/TG_0015_01.webp,1,1
TG_0015,E:/testmodelrag/smarttravel-rag-v2/data/image_pipeline/downloaded/optimized/TG_0015/TG_0015_02.webp,E:/testmodelrag/unutrip/backend/public/images/destinations/TG_0015/TG_0015_02.webp,/images/destinations/TG_0015/TG_0015_02.webp,2,0
TG_0015,E:/testmodelrag/smarttravel-rag-v2/data/image_pipeline/downloaded/optimized/TG_0015/TG_0015_03.webp,E:/testmodelrag/unutrip/backend/public/images/destinations/TG_0015/TG_0015_03.webp,/images/destinations/TG_0015/TG_0015_03.webp,3,0
TG_0015,E:/testmodelrag/smarttravel-rag-v2/data/image_pipeline/downloaded/optimized/TG_0015/TG_0015_04.webp,E:/testmodelrag/unutrip/backend/public/images/destinations/TG_0015/TG_0015_04.webp,/images/destinations/TG_0015/TG_0015_04.webp,4,0
TG_0015,E:/testmodelrag/smarttravel-rag-v2/data/image_pipeline/downloaded/optimized/TG_0015/TG_0015_05.webp,E:/testmodelrag/unutrip/backend/public/images/destinations/TG_0015/TG_0015_05.webp,/images/destinations/TG_0015/TG_0015_05.webp,5,0
TH_0001,E:/testmodelrag/smarttravel-rag-v2/data/image_pipeline/downloaded/optimized/TH_0001/TH_0001_01.webp,E:/testmodelrag/unutrip/backend/public/images/destinations/TH_0001/TH_0001_01.webp,/images/destinations/TH_0001/TH_0001_01.webp,1,1
TH_0001,E:/testmodelrag/smarttravel-rag-v2/data/image_pipeline/downloaded/optimized/TH_0001/TH_0001_02.webp,E:/testmodelrag/unutrip/backend/public/images/destinations/TH_0001/TH_0001_02.webp,/images/destinations/TH_0001/TH_0001_02.webp,2,0
TH_0091,E:/testmodelrag/smarttravel-rag-v2/data/image_pipeline/downloaded/optimized/TH_0091/TH_0091_01.webp,E:/testmodelrag/unutrip/backend/public/images/destinations/TH_0091/TH_0091_01.webp,/images/destinations/TH_0091/TH_0091_01.webp,1,1
TN_0018,E:/testmodelrag/smarttravel-rag-v2/data/image_pipeline/downloaded/optimized/TN_0018/TN_0018_01.webp,E:/testmodelrag/unutrip/backend/public/images/destinations/TN_0018/TN_0018_01.webp,/images/destinations/TN_0018/TN_0018_01.webp,1,1
TN_0018,E:/testmodelrag/smarttravel-rag-v2/data/image_pipeline/downloaded/optimized/TN_0018/TN_0018_02.webp,E:/testmodelrag/unutrip/backend/public/images/destinations/TN_0018/TN_0018_02.webp,/images/destinations/TN_0018/TN_0018_02.webp,2,0
TN_0018,E:/testmodelrag/smarttravel-rag-v2/data/image_pipeline/downloaded/optimized/TN_0018/TN_0018_03.webp,E:/testmodelrag/unutrip/backend/public/images/destinations/TN_0018/TN_0018_03.webp,/images/destinations/TN_0018/TN_0018_03.webp,3,0
TN_0018,E:/testmodelrag/smarttravel-rag-v2/data/image_pipeline/downloaded/optimized/TN_0018/TN_0018_04.webp,E:/testmodelrag/unutrip/backend/public/images/destinations/TN_0018/TN_0018_04.webp,/images/destinations/TN_0018/TN_0018_04.webp,4,0
TN_0026,E:/testmodelrag/smarttravel-rag-v2/data/image_pipeline/downloaded/optimized/TN_0026/TN_0026_01.webp,E:/testmodelrag/unutrip/backend/public/images/destinations/TN_0026/TN_0026_01.webp,/images/destinations/TN_0026/TN_0026_01.webp,1,1
TN_0026,E:/testmodelrag/smarttravel-rag-v2/data/image_pipeline/downloaded/optimized/TN_0026/TN_0026_02.webp,E:/testmodelrag/unutrip/backend/public/images/destinations/TN_0026/TN_0026_02.webp,/images/destinations/TN_0026/TN_0026_02.webp,2,0
TN_0026,E:/testmodelrag/smarttravel-rag-v2/data/image_pipeline/downloaded/optimized/TN_0026/TN_0026_03.webp,E:/testmodelrag/unutrip/backend/public/images/destinations/TN_0026/TN_0026_03.webp,/images/destinations/TN_0026/TN_0026_03.webp,3,0
TN_0033,E:/testmodelrag/smarttravel-rag-v2/data/image_pipeline/downloaded/optimized/TN_0033/TN_0033_01.webp,E:/testmodelrag/unutrip/backend/public/images/destinations/TN_0033/TN_0033_01.webp,/images/destinations/TN_0033/TN_0033_01.webp,1,1
TN_0033,E:/testmodelrag/smarttravel-rag-v2/data/image_pipeline/downloaded/optimized/TN_0033/TN_0033_02.webp,E:/testmodelrag/unutrip/backend/public/images/destinations/TN_0033/TN_0033_02.webp,/images/destinations/TN_0033/TN_0033_02.webp,2,0
TN_0033,E:/testmodelrag/smarttravel-rag-v2/data/image_pipeline/downloaded/optimized/TN_0033/TN_0033_03.webp,E:/testmodelrag/unutrip/backend/public/images/destinations/TN_0033/TN_0033_03.webp,/images/destinations/TN_0033/TN_0033_03.webp,3,0
TN_0033,E:/testmodelrag/smarttravel-rag-v2/data/image_pipeline/downloaded/optimized/TN_0033/TN_0033_04.webp,E:/testmodelrag/unutrip/backend/public/images/destinations/TN_0033/TN_0033_04.webp,/images/destinations/TN_0033/TN_0033_04.webp,4,0
TN_0035,E:/testmodelrag/smarttravel-rag-v2/data/image_pipeline/downloaded/optimized/TN_0035/TN_0035_01.webp,E:/testmodelrag/unutrip/backend/public/images/destinations/TN_0035/TN_0035_01.webp,/images/destinations/TN_0035/TN_0035_01.webp,1,1
TN_0035,E:/testmodelrag/smarttravel-rag-v2/data/image_pipeline/downloaded/optimized/TN_0035/TN_0035_02.webp,E:/testmodelrag/unutrip/backend/public/images/destinations/TN_0035/TN_0035_02.webp,/images/destinations/TN_0035/TN_0035_02.webp,2,0
TN_0035,E:/testmodelrag/smarttravel-rag-v2/data/image_pipeline/downloaded/optimized/TN_0035/TN_0035_03.webp,E:/testmodelrag/unutrip/backend/public/images/destinations/TN_0035/TN_0035_03.webp,/images/destinations/TN_0035/TN_0035_03.webp,3,0
TN_0053,E:/testmodelrag/smarttravel-rag-v2/data/image_pipeline/downloaded/optimized/TN_0053/TN_0053_01.webp,E:/testmodelrag/unutrip/backend/public/images/destinations/TN_0053/TN_0053_01.webp,/images/destinations/TN_0053/TN_0053_01.webp,1,1
TN_0053,E:/testmodelrag/smarttravel-rag-v2/data/image_pipeline/downloaded/optimized/TN_0053/TN_0053_02.webp,E:/testmodelrag/unutrip/backend/public/images/destinations/TN_0053/TN_0053_02.webp,/images/destinations/TN_0053/TN_0053_02.webp,2,0
TN_0053,E:/testmodelrag/smarttravel-rag-v2/data/image_pipeline/downloaded/optimized/TN_0053/TN_0053_03.webp,E:/testmodelrag/unutrip/backend/public/images/destinations/TN_0053/TN_0053_03.webp,/images/destinations/TN_0053/TN_0053_03.webp,3,0
TN_0053,E:/testmodelrag/smarttravel-rag-v2/data/image_pipeline/downloaded/optimized/TN_0053/TN_0053_04.webp,E:/testmodelrag/unutrip/backend/public/images/destinations/TN_0053/TN_0053_04.webp,/images/destinations/TN_0053/TN_0053_04.webp,4,0
TN_0084,E:/testmodelrag/smarttravel-rag-v2/data/image_pipeline/downloaded/optimized/TN_0084/TN_0084_01.webp,E:/testmodelrag/unutrip/backend/public/images/destinations/TN_0084/TN_0084_01.webp,/images/destinations/TN_0084/TN_0084_01.webp,1,1
TN_0084,E:/testmodelrag/smarttravel-rag-v2/data/image_pipeline/downloaded/optimized/TN_0084/TN_0084_02.webp,E:/testmodelrag/unutrip/backend/public/images/destinations/TN_0084/TN_0084_02.webp,/images/destinations/TN_0084/TN_0084_02.webp,2,0
TN_0084,E:/testmodelrag/smarttravel-rag-v2/data/image_pipeline/downloaded/optimized/TN_0084/TN_0084_03.webp,E:/testmodelrag/unutrip/backend/public/images/destinations/TN_0084/TN_0084_03.webp,/images/destinations/TN_0084/TN_0084_03.webp,3,0
TN_0085,E:/testmodelrag/smarttravel-rag-v2/data/image_pipeline/downloaded/optimized/TN_0085/TN_0085_01.webp,E:/testmodelrag/unutrip/backend/public/images/destinations/TN_0085/TN_0085_01.webp,/images/destinations/TN_0085/TN_0085_01.webp,1,1
TN_0085,E:/testmodelrag/smarttravel-rag-v2/data/image_pipeline/downloaded/optimized/TN_0085/TN_0085_02.webp,E:/testmodelrag/unutrip/backend/public/images/destinations/TN_0085/TN_0085_02.webp,/images/destinations/TN_0085/TN_0085_02.webp,2,0
TN_0085,E:/testmodelrag/smarttravel-rag-v2/data/image_pipeline/downloaded/optimized/TN_0085/TN_0085_03.webp,E:/testmodelrag/unutrip/backend/public/images/destinations/TN_0085/TN_0085_03.webp,/images/destinations/TN_0085/TN_0085_03.webp,3,0
TTH_0002,E:/testmodelrag/smarttravel-rag-v2/data/image_pipeline/downloaded/optimized/TTH_0002/TTH_0002_01.webp,E:/testmodelrag/unutrip/backend/public/images/destinations/TTH_0002/TTH_0002_01.webp,/images/destinations/TTH_0002/TTH_0002_01.webp,1,1
TTH_0002,E:/testmodelrag/smarttravel-rag-v2/data/image_pipeline/downloaded/optimized/TTH_0002/TTH_0002_02.webp,E:/testmodelrag/unutrip/backend/public/images/destinations/TTH_0002/TTH_0002_02.webp,/images/destinations/TTH_0002/TTH_0002_02.webp,2,0
TTH_0002,E:/testmodelrag/smarttravel-rag-v2/data/image_pipeline/downloaded/optimized/TTH_0002/TTH_0002_03.webp,E:/testmodelrag/unutrip/backend/public/images/destinations/TTH_0002/TTH_0002_03.webp,/images/destinations/TTH_0002/TTH_0002_03.webp,3,0
TTH_0002,E:/testmodelrag/smarttravel-rag-v2/data/image_pipeline/downloaded/optimized/TTH_0002/TTH_0002_04.webp,E:/testmodelrag/unutrip/backend/public/images/destinations/TTH_0002/TTH_0002_04.webp,/images/destinations/TTH_0002/TTH_0002_04.webp,4,0
TTH_0003,E:/testmodelrag/smarttravel-rag-v2/data/image_pipeline/downloaded/optimized/TTH_0003/TTH_0003_01.webp,E:/testmodelrag/unutrip/backend/public/images/destinations/TTH_0003/TTH_0003_01.webp,/images/destinations/TTH_0003/TTH_0003_01.webp,1,1
TTH_0025,E:/testmodelrag/smarttravel-rag-v2/data/image_pipeline/downloaded/optimized/TTH_0025/TTH_0025_01.webp,E:/testmodelrag/unutrip/backend/public/images/destinations/TTH_0025/TTH_0025_01.webp,/images/destinations/TTH_0025/TTH_0025_01.webp,1,1
TTH_0025,E:/testmodelrag/smarttravel-rag-v2/data/image_pipeline/downloaded/optimized/TTH_0025/TTH_0025_02.webp,E:/testmodelrag/unutrip/backend/public/images/destinations/TTH_0025/TTH_0025_02.webp,/images/destinations/TTH_0025/TTH_0025_02.webp,2,0
TTH_0025,E:/testmodelrag/smarttravel-rag-v2/data/image_pipeline/downloaded/optimized/TTH_0025/TTH_0025_03.webp,E:/testmodelrag/unutrip/backend/public/images/destinations/TTH_0025/TTH_0025_03.webp,/images/destinations/TTH_0025/TTH_0025_03.webp,3,0
TTH_0026,E:/testmodelrag/smarttravel-rag-v2/data/image_pipeline/downloaded/optimized/TTH_0026/TTH_0026_01.webp,E:/testmodelrag/unutrip/backend/public/images/destinations/TTH_0026/TTH_0026_01.webp,/images/destinations/TTH_0026/TTH_0026_01.webp,1,1
TTH_0026,E:/testmodelrag/smarttravel-rag-v2/data/image_pipeline/downloaded/optimized/TTH_0026/TTH_0026_02.webp,E:/testmodelrag/unutrip/backend/public/images/destinations/TTH_0026/TTH_0026_02.webp,/images/destinations/TTH_0026/TTH_0026_02.webp,2,0
TTH_0026,E:/testmodelrag/smarttravel-rag-v2/data/image_pipeline/downloaded/optimized/TTH_0026/TTH_0026_03.webp,E:/testmodelrag/unutrip/backend/public/images/destinations/TTH_0026/TTH_0026_03.webp,/images/destinations/TTH_0026/TTH_0026_03.webp,3,0
TTH_0032,E:/testmodelrag/smarttravel-rag-v2/data/image_pipeline/downloaded/optimized/TTH_0032/TTH_0032_01.webp,E:/testmodelrag/unutrip/backend/public/images/destinations/TTH_0032/TTH_0032_01.webp,/images/destinations/TTH_0032/TTH_0032_01.webp,1,1
TTH_0032,E:/testmodelrag/smarttravel-rag-v2/data/image_pipeline/downloaded/optimized/TTH_0032/TTH_0032_02.webp,E:/testmodelrag/unutrip/backend/public/images/destinations/TTH_0032/TTH_0032_02.webp,/images/destinations/TTH_0032/TTH_0032_02.webp,2,0
TTH_0075,E:/testmodelrag/smarttravel-rag-v2/data/image_pipeline/downloaded/optimized/TTH_0075/TTH_0075_01.webp,E:/testmodelrag/unutrip/backend/public/images/destinations/TTH_0075/TTH_0075_01.webp,/images/destinations/TTH_0075/TTH_0075_01.webp,1,1
TTH_0075,E:/testmodelrag/smarttravel-rag-v2/data/image_pipeline/downloaded/optimized/TTH_0075/TTH_0075_02.webp,E:/testmodelrag/unutrip/backend/public/images/destinations/TTH_0075/TTH_0075_02.webp,/images/destinations/TTH_0075/TTH_0075_02.webp,2,0
TTH_0075,E:/testmodelrag/smarttravel-rag-v2/data/image_pipeline/downloaded/optimized/TTH_0075/TTH_0075_03.webp,E:/testmodelrag/unutrip/backend/public/images/destinations/TTH_0075/TTH_0075_03.webp,/images/destinations/TTH_0075/TTH_0075_03.webp,3,0
TTH_0075,E:/testmodelrag/smarttravel-rag-v2/data/image_pipeline/downloaded/optimized/TTH_0075/TTH_0075_04.webp,E:/testmodelrag/unutrip/backend/public/images/destinations/TTH_0075/TTH_0075_04.webp,/images/destinations/TTH_0075/TTH_0075_04.webp,4,0
VP_0001,E:/testmodelrag/smarttravel-rag-v2/data/image_pipeline/downloaded/optimized/VP_0001/VP_0001_01.webp,E:/testmodelrag/unutrip/backend/public/images/destinations/VP_0001/VP_0001_01.webp,/images/destinations/VP_0001/VP_0001_01.webp,1,1
VP_0001,E:/testmodelrag/smarttravel-rag-v2/data/image_pipeline/downloaded/optimized/VP_0001/VP_0001_02.webp,E:/testmodelrag/unutrip/backend/public/images/destinations/VP_0001/VP_0001_02.webp,/images/destinations/VP_0001/VP_0001_02.webp,2,0
YB_0001,E:/testmodelrag/smarttravel-rag-v2/data/image_pipeline/downloaded/optimized/YB_0001/YB_0001_01.webp,E:/testmodelrag/unutrip/backend/public/images/destinations/YB_0001/YB_0001_01.webp,/images/destinations/YB_0001/YB_0001_01.webp,1,1
YB_0001,E:/testmodelrag/smarttravel-rag-v2/data/image_pipeline/downloaded/optimized/YB_0001/YB_0001_02.webp,E:/testmodelrag/unutrip/backend/public/images/destinations/YB_0001/YB_0001_02.webp,/images/destinations/YB_0001/YB_0001_02.webp,2,0
YB_0001,E:/testmodelrag/smarttravel-rag-v2/data/image_pipeline/downloaded/optimized/YB_0001/YB_0001_03.webp,E:/testmodelrag/unutrip/backend/public/images/destinations/YB_0001/YB_0001_03.webp,/images/destinations/YB_0001/YB_0001_03.webp,3,0
YB_0031,E:/testmodelrag/smarttravel-rag-v2/data/image_pipeline/downloaded/optimized/YB_0031/YB_0031_01.webp,E:/testmodelrag/unutrip/backend/public/images/destinations/YB_0031/YB_0031_01.webp,/images/destinations/YB_0031/YB_0031_01.webp,1,1
