rag_place_id,place_name,original_image_url,source_page_url,source,credit,license_note,image_order,is_primary,local_original_path,local_optimized_path,public_url,download_status,http_status,content_type,original_width,original_height,optimized_width,optimized_height,file_size_bytes,fail_reason,downloaded_at
CB_0001,Thác Bản Giốc,https://ik.imagekit.io/tvlk/blog/2023/08/thac-ban-gioc-cao-bang.jpg?tr=q-70%2Cc-at_max%2Cw-1000%2Ch-600,https://ik.imagekit.io/tvlk/blog/2023/08/thac-ban-gioc-cao-bang.jpg?tr=q-70%2Cc-at_max%2Cw-1000%2Ch-600,Traveloka,,Cần kiểm tra quyền sử dụng,1,1,data/image_pipeline/downloaded/original/CB_0001/CB_0001_01_2561e9c701ce.jpg,data/image_pipeline/downloaded/optimized/CB_0001/CB_0001_01.webp,/images/destinations/CB_0001/CB_0001_01.webp,downloaded,200,image/webp,898,600,898,600,114422,,2026-05-07T13:44:45+00:00
CB_0001,Thác Bản Giốc,https://ik.imagekit.io/tvlk/blog/2023/08/thac-ban-gioc-cao-bang-1.jpg?tr=q-70%2Cc-at_max%2Cw-1000%2Ch-600,https://ik.imagekit.io/tvlk/blog/2023/08/thac-ban-gioc-cao-bang-1.jpg?tr=q-70%2Cc-at_max%2Cw-1000%2Ch-600,Traveloka,,Cần kiểm tra quyền sử dụng,2,0,data/image_pipeline/downloaded/original/CB_0001/CB_0001_02_f9905246d1fa.jpg,data/image_pipeline/downloaded/optimized/CB_0001/CB_0001_02.webp,/images/destinations/CB_0001/CB_0001_02.webp,downloaded,200,image/webp,1000,563,1000,563,105552,,2026-05-07T13:44:47+00:00
BK_0002,Hồ Ba Bể,https://mia.vn/media/uploads/blog-du-lich/du-lich-ho-ba-be-1-1692282056.jpg,https://mia.vn/media/uploads/blog-du-lich/du-lich-ho-ba-be-1-1692282056.jpg,MIA.vn,,Cần kiểm tra quyền sử dụng,1,1,data/image_pipeline/downloaded/original/BK_0002/BK_0002_01_6f6bb8519157.jpg,data/image_pipeline/downloaded/optimized/BK_0002/BK_0002_01.webp,/images/destinations/BK_0002/BK_0002_01.webp,downloaded,200,image/jpeg,800,534,800,534,46562,,2026-05-07T13:44:48+00:00
BK_0002,Hồ Ba Bể,https://mia.vn/media/uploads/blog-du-lich/du-lich-ho-ba-be-5-1692282068.jpeg,https://mia.vn/media/uploads/blog-du-lich/du-lich-ho-ba-be-5-1692282068.jpeg,MIA.vn,,Cần kiểm tra quyền sử dụng,2,0,data/image_pipeline/downloaded/original/BK_0002/BK_0002_02_d93c4a6c5eac.jpg,data/image_pipeline/downloaded/optimized/BK_0002/BK_0002_02.webp,/images/destinations/BK_0002/BK_0002_02.webp,downloaded,200,image/jpeg,800,528,800,528,131066,,2026-05-07T13:44:49+00:00
BK_0002,Hồ Ba Bể,https://mia.vn/media/uploads/blog-du-lich/du-lich-ho-ba-be-2-1692282059.jpg,https://mia.vn/media/uploads/blog-du-lich/du-lich-ho-ba-be-2-1692282059.jpg,MIA.vn,,Cần kiểm tra quyền sử dụng,3,0,data/image_pipeline/downloaded/original/BK_0002/BK_0002_03_31ae8daa2c67.jpg,data/image_pipeline/downloaded/optimized/BK_0002/BK_0002_03.webp,/images/destinations/BK_0002/BK_0002_03.webp,downloaded,200,image/jpeg,800,523,800,523,86564,,2026-05-07T13:44:51+00:00
SL_0001,Cao nguyên Mộc Châu,https://mia.vn/media/uploads/blog-du-lich/cao-nguyen-moc-chau-1771758332.jpg,https://mia.vn/media/uploads/blog-du-lich/cao-nguyen-moc-chau-1771758332.jpg,MIA.vn,,Cần kiểm tra quyền sử dụng,1,1,data/image_pipeline/downloaded/original/SL_0001/SL_0001_01_9ef7d04de8db.jpg,data/image_pipeline/downloaded/optimized/SL_0001/SL_0001_01.webp,/images/destinations/SL_0001/SL_0001_01.webp,downloaded,200,image/jpeg,800,450,800,450,76886,,2026-05-07T13:44:52+00:00
SL_0001,Cao nguyên Mộc Châu,https://mia.vn/media/uploads/blog-du-lich/cao-nguyen-moc-chau-mua-xuan-1771758332.jpg,https://mia.vn/media/uploads/blog-du-lich/cao-nguyen-moc-chau-mua-xuan-1771758332.jpg,MIA.vn,,Cần kiểm tra quyền sử dụng,2,0,data/image_pipeline/downloaded/original/SL_0001/SL_0001_02_abf137a8006d.jpg,data/image_pipeline/downloaded/optimized/SL_0001/SL_0001_02.webp,/images/destinations/SL_0001/SL_0001_02.webp,downloaded,200,image/jpeg,800,871,800,871,291538,,2026-05-07T13:44:53+00:00
SL_0001,Cao nguyên Mộc Châu,https://mia.vn/media/uploads/blog-du-lich/cao-nguyen-moc-chau-di-chuyen-1771758753.jpg,https://mia.vn/media/uploads/blog-du-lich/cao-nguyen-moc-chau-di-chuyen-1771758753.jpg,MIA.vn,,Cần kiểm tra quyền sử dụng,3,0,data/image_pipeline/downloaded/original/SL_0001/SL_0001_03_6a8143eeac70.jpg,data/image_pipeline/downloaded/optimized/SL_0001/SL_0001_03.webp,/images/destinations/SL_0001/SL_0001_03.webp,downloaded,200,image/jpeg,800,450,800,450,93484,,2026-05-07T13:44:55+00:00
SL_0001,Cao nguyên Mộc Châu,https://mia.vn/media/uploads/blog-du-lich/cao-nguyen-moc-chau-mua-hoa-cai-1771758332.jpg,https://mia.vn/media/uploads/blog-du-lich/cao-nguyen-moc-chau-mua-hoa-cai-1771758332.jpg,MIA.vn,,Cần kiểm tra quyền sử dụng,4,0,data/image_pipeline/downloaded/original/SL_0001/SL_0001_04_a2deebb0fcea.jpg,data/image_pipeline/downloaded/optimized/SL_0001/SL_0001_04.webp,/images/destinations/SL_0001/SL_0001_04.webp,downloaded,200,image/jpeg,800,450,800,450,53300,,2026-05-07T13:44:56+00:00
SL_0001,Cao nguyên Mộc Châu,https://mia.vn/media/uploads/blog-du-lich/cao-nguyen-moc-chau-doi-che-1771758332.jpg,https://mia.vn/media/uploads/blog-du-lich/cao-nguyen-moc-chau-doi-che-1771758332.jpg,MIA.vn,,Cần kiểm tra quyền sử dụng,5,0,data/image_pipeline/downloaded/original/SL_0001/SL_0001_05_87ef1f44433d.jpg,data/image_pipeline/downloaded/optimized/SL_0001/SL_0001_05.webp,/images/destinations/SL_0001/SL_0001_05.webp,downloaded,200,image/jpeg,800,450,800,450,125154,,2026-05-07T13:44:58+00:00
SL_0031,Tà Xùa,https://mia.vn/media/uploads/blog-du-lich/huong-dan-du-lich-ta-xua-01-1712940982.jpg,https://mia.vn/media/uploads/blog-du-lich/huong-dan-du-lich-ta-xua-01-1712940982.jpg,MIA.vn,,Cần kiểm tra quyền sử dụng,1,1,,data/image_pipeline/downloaded/optimized/SL_0031/SL_0031_01.webp,/images/destinations/SL_0031/SL_0031_01.webp,exists,,,,,800,600,46892,,2026-05-07T13:44:59+00:00
SL_0031,Tà Xùa,https://mia.vn/media/uploads/blog-du-lich/huong-dan-du-lich-ta-xua-02-1712940982.jpg,https://mia.vn/media/uploads/blog-du-lich/huong-dan-du-lich-ta-xua-02-1712940982.jpg,MIA.vn,,Cần kiểm tra quyền sử dụng,2,0,,data/image_pipeline/downloaded/optimized/SL_0031/SL_0031_02.webp,/images/destinations/SL_0031/SL_0031_02.webp,exists,,,,,800,600,58390,,2026-05-07T13:44:59+00:00
HB_0004,Bản Văn Mai Châu,https://luhanhvietnam.com.vn/du-lich/vnt_upload/news/10_2022/ban-van-huyen-mai-chau-10.jpg,https://luhanhvietnam.com.vn/du-lich/vnt_upload/news/10_2022/ban-van-huyen-mai-chau-10.jpg,Lữ Hành Việt Nam,,Cần kiểm tra quyền sử dụng,1,1,data/image_pipeline/downloaded/original/HB_0004/HB_0004_01_e8d3d0f825aa.jpg,data/image_pipeline/downloaded/optimized/HB_0004/HB_0004_01.webp,/images/destinations/HB_0004/HB_0004_01.webp,downloaded,200,image/jpeg,700,700,700,700,191436,,2026-05-07T13:44:59+00:00
TH_0091,Bản Mạ Pù Luông,https://vnn.1cdn.vn/2026/05/07/pu.jpg,https://vnn.1cdn.vn/2026/05/07/pu.jpg,vnn.1cdn.vn,,Cần kiểm tra quyền sử dụng,1,1,data/image_pipeline/downloaded/original/TH_0091/TH_0091_01_aee67c52adc1.jpg,data/image_pipeline/downloaded/optimized/TH_0091/TH_0091_01.webp,/images/destinations/TH_0091/TH_0091_01.webp,downloaded,200,image/jpeg,900,600,900,600,181436,,2026-05-07T13:45:01+00:00
NB_0001,Quần thể danh thắng Tràng An,https://mia.vn/media/uploads/blog-du-lich/review-trang-an-ninh-binh-mot-chuyen-hanh-trinh-dang-nho-01-1641911645.jpg,https://mia.vn/media/uploads/blog-du-lich/review-trang-an-ninh-binh-mot-chuyen-hanh-trinh-dang-nho-01-1641911645.jpg,MIA.vn,,Cần kiểm tra quyền sử dụng,1,1,data/image_pipeline/downloaded/original/NB_0001/NB_0001_01_005b43f8a705.jpg,data/image_pipeline/downloaded/optimized/NB_0001/NB_0001_01.webp,/images/destinations/NB_0001/NB_0001_01.webp,downloaded,200,image/jpeg,1000,667,1000,667,99138,,2026-05-07T13:45:02+00:00
NB_0001,Quần thể danh thắng Tràng An,https://mia.vn/media/uploads/blog-du-lich/review-trang-an-ninh-binh-mot-chuyen-hanh-trinh-dang-nho-05-1641911660.jpg,https://mia.vn/media/uploads/blog-du-lich/review-trang-an-ninh-binh-mot-chuyen-hanh-trinh-dang-nho-05-1641911660.jpg,MIA.vn,,Cần kiểm tra quyền sử dụng,2,0,data/image_pipeline/downloaded/original/NB_0001/NB_0001_02_e44b743586cf.jpg,data/image_pipeline/downloaded/optimized/NB_0001/NB_0001_02.webp,/images/destinations/NB_0001/NB_0001_02.webp,downloaded,200,image/jpeg,1200,800,1200,800,251078,,2026-05-07T13:45:03+00:00
NB_0003,Tam Cốc - Bích Động,https://mia.vn/media/uploads/blog-du-lich/tam-coc-bich-dong-canh-sac-tho-mong-xung-danh-nam-thien-de-nhi-dong-1-1640259307.jpg,https://mia.vn/media/uploads/blog-du-lich/tam-coc-bich-dong-canh-sac-tho-mong-xung-danh-nam-thien-de-nhi-dong-1-1640259307.jpg,MIA.vn,,Cần kiểm tra quyền sử dụng,1,1,data/image_pipeline/downloaded/original/NB_0003/NB_0003_01_c5cd669e71dd.jpg,data/image_pipeline/downloaded/optimized/NB_0003/NB_0003_01.webp,/images/destinations/NB_0003/NB_0003_01.webp,downloaded,200,image/jpeg,1080,810,1080,810,343020,,2026-05-07T13:45:05+00:00
NB_0003,Tam Cốc - Bích Động,https://mia.vn/media/uploads/blog-du-lich/tam-coc-bich-dong-canh-sac-tho-mong-xung-danh-nam-thien-de-nhi-dong-2-1640259307.jpg,https://mia.vn/media/uploads/blog-du-lich/tam-coc-bich-dong-canh-sac-tho-mong-xung-danh-nam-thien-de-nhi-dong-2-1640259307.jpg,MIA.vn,,Cần kiểm tra quyền sử dụng,2,0,data/image_pipeline/downloaded/original/NB_0003/NB_0003_02_69fac2fc3adf.jpg,data/image_pipeline/downloaded/optimized/NB_0003/NB_0003_02.webp,/images/destinations/NB_0003/NB_0003_02.webp,downloaded,200,image/jpeg,1024,1503,1024,1503,425236,,2026-05-07T13:45:06+00:00
NB_0030,Bảo tháp Bái Đính,https://mia.vn/media/uploads/blog-du-lich/chua-bai-dinh-4-1775404499.jpg,https://mia.vn/media/uploads/blog-du-lich/chua-bai-dinh-4-1775404499.jpg,MIA.vn,,Cần kiểm tra quyền sử dụng,1,1,data/image_pipeline/downloaded/original/NB_0030/NB_0030_01_409e03be031d.jpg,data/image_pipeline/downloaded/optimized/NB_0030/NB_0030_01.webp,/images/destinations/NB_0030/NB_0030_01.webp,downloaded,200,image/jpeg,800,450,800,450,86260,,2026-05-07T13:45:08+00:00
NB_0030,Bảo tháp Bái Đính,https://mia.vn/media/uploads/blog-du-lich/chua-bai-dinh-8-1775404500.jpg,https://mia.vn/media/uploads/blog-du-lich/chua-bai-dinh-8-1775404500.jpg,MIA.vn,,Cần kiểm tra quyền sử dụng,2,0,data/image_pipeline/downloaded/original/NB_0030/NB_0030_02_1a6181885dbb.jpg,data/image_pipeline/downloaded/optimized/NB_0030/NB_0030_02.webp,/images/destinations/NB_0030/NB_0030_02.webp,downloaded,200,image/jpeg,800,533,800,533,58778,,2026-05-07T13:45:10+00:00
NB_0030,Bảo tháp Bái Đính,https://mia.vn/media/uploads/blog-du-lich/chua-bai-dinh-3-1775404499.jpg,https://mia.vn/media/uploads/blog-du-lich/chua-bai-dinh-3-1775404499.jpg,MIA.vn,,Cần kiểm tra quyền sử dụng,3,0,data/image_pipeline/downloaded/original/NB_0030/NB_0030_03_3ec8f122a6ab.jpg,data/image_pipeline/downloaded/optimized/NB_0030/NB_0030_03.webp,/images/destinations/NB_0030/NB_0030_03.webp,downloaded,200,image/jpeg,800,534,800,534,70668,,2026-05-07T13:45:11+00:00
NB_0006,Hang Múa,https://mia.vn/media/uploads/blog-du-lich/hang-mua-1-1753861348.jpeg,https://mia.vn/media/uploads/blog-du-lich/hang-mua-1-1753861348.jpeg,MIA.vn,,Cần kiểm tra quyền sử dụng,1,1,data/image_pipeline/downloaded/original/NB_0006/NB_0006_01_e656f7d6524b.jpg,data/image_pipeline/downloaded/optimized/NB_0006/NB_0006_01.webp,/images/destinations/NB_0006/NB_0006_01.webp,downloaded,200,image/jpeg,800,1199,800,1199,163506,,2026-05-07T13:45:12+00:00
NB_0006,Hang Múa,https://mia.vn/media/uploads/blog-du-lich/hang-mua-2-1753861351.jpg,https://mia.vn/media/uploads/blog-du-lich/hang-mua-2-1753861351.jpg,MIA.vn,,Cần kiểm tra quyền sử dụng,2,0,data/image_pipeline/downloaded/original/NB_0006/NB_0006_02_8378aea15d9f.jpg,data/image_pipeline/downloaded/optimized/NB_0006/NB_0006_02.webp,/images/destinations/NB_0006/NB_0006_02.webp,downloaded,200,image/jpeg,800,450,800,450,45622,,2026-05-07T13:45:14+00:00
NB_0008,Cố đô Hoa Lư,https://mia.vn/media/uploads/blog-du-lich/co-do-hoa-lu-dau-an-vang-son-cua-mot-thoi-dan-toc-oai-hung-1-1640595875.jpg,https://mia.vn/media/uploads/blog-du-lich/co-do-hoa-lu-dau-an-vang-son-cua-mot-thoi-dan-toc-oai-hung-1-1640595875.jpg,MIA.vn,,Cần kiểm tra quyền sử dụng,1,1,data/image_pipeline/downloaded/original/NB_0008/NB_0008_01_43af1cb02ed3.jpg,data/image_pipeline/downloaded/optimized/NB_0008/NB_0008_01.webp,/images/destinations/NB_0008/NB_0008_01.webp,downloaded,200,image/jpeg,1400,852,1280,778,172848,,2026-05-07T13:45:15+00:00
NB_0008,Cố đô Hoa Lư,https://mia.vn/media/uploads/blog-du-lich/co-do-hoa-lu-dau-an-vang-son-cua-mot-thoi-dan-toc-oai-hung-2-1640595875.jpg,https://mia.vn/media/uploads/blog-du-lich/co-do-hoa-lu-dau-an-vang-son-cua-mot-thoi-dan-toc-oai-hung-2-1640595875.jpg,MIA.vn,,Cần kiểm tra quyền sử dụng,2,0,data/image_pipeline/downloaded/original/NB_0008/NB_0008_02_b13e8b15f4bc.jpg,data/image_pipeline/downloaded/optimized/NB_0008/NB_0008_02.webp,/images/destinations/NB_0008/NB_0008_02.webp,downloaded,200,image/jpeg,1200,800,1200,800,100738,,2026-05-07T13:45:16+00:00
NB_0008,Cố đô Hoa Lư,https://mia.vn/media/uploads/blog-du-lich/co-do-hoa-lu-dau-an-vang-son-cua-mot-thoi-dan-toc-oai-hung-3-1640595875.jpg,https://mia.vn/media/uploads/blog-du-lich/co-do-hoa-lu-dau-an-vang-son-cua-mot-thoi-dan-toc-oai-hung-3-1640595875.jpg,MIA.vn,,Cần kiểm tra quyền sử dụng,3,0,data/image_pipeline/downloaded/original/NB_0008/NB_0008_03_bbad0c41d4ad.jpg,data/image_pipeline/downloaded/optimized/NB_0008/NB_0008_03.webp,/images/destinations/NB_0008/NB_0008_03.webp,downloaded,200,image/jpeg,1201,801,1201,801,257112,,2026-05-07T13:45:18+00:00
NB_0008,Cố đô Hoa Lư,https://mia.vn/media/uploads/blog-du-lich/co-do-hoa-lu-dau-an-vang-son-cua-mot-thoi-dan-toc-oai-hung-4-1640595875.jpg,https://mia.vn/media/uploads/blog-du-lich/co-do-hoa-lu-dau-an-vang-son-cua-mot-thoi-dan-toc-oai-hung-4-1640595875.jpg,MIA.vn,,Cần kiểm tra quyền sử dụng,4,0,data/image_pipeline/downloaded/original/NB_0008/NB_0008_04_a02668ab6221.jpg,data/image_pipeline/downloaded/optimized/NB_0008/NB_0008_04.webp,/images/destinations/NB_0008/NB_0008_04.webp,downloaded,200,image/jpeg,1440,960,1280,853,80400,,2026-05-07T13:45:19+00:00
NB_0035,Nhà thờ đá Phát Diệm,https://mia.vn/media/uploads/blog-du-lich/chiem-nguong-quan-the-doc-dao-cua-nha-tho-phat-diem-gan-130-nam-tuoi-o-ninh-binh-1640534700.jpg,https://mia.vn/media/uploads/blog-du-lich/chiem-nguong-quan-the-doc-dao-cua-nha-tho-phat-diem-gan-130-nam-tuoi-o-ninh-binh-1640534700.jpg,MIA.vn,,Cần kiểm tra quyền sử dụng,1,1,data/image_pipeline/downloaded/original/NB_0035/NB_0035_01_d7784d5dba6a.jpg,data/image_pipeline/downloaded/optimized/NB_0035/NB_0035_01.webp,/images/destinations/NB_0035/NB_0035_01.webp,downloaded,200,image/jpeg,1500,852,1280,727,197654,,2026-05-07T13:45:21+00:00
NB_0035,Nhà thờ đá Phát Diệm,https://mia.vn/media/uploads/blog-du-lich/chiem-nguong-quan-the-doc-dao-cua-nha-tho-phat-diem-gan-130-nam-tuoi-o-ninh-binh-01-1640534698.jpg,https://mia.vn/media/uploads/blog-du-lich/chiem-nguong-quan-the-doc-dao-cua-nha-tho-phat-diem-gan-130-nam-tuoi-o-ninh-binh-01-1640534698.jpg,MIA.vn,,Cần kiểm tra quyền sử dụng,2,0,data/image_pipeline/downloaded/original/NB_0035/NB_0035_02_95aa2b0d29f4.jpg,data/image_pipeline/downloaded/optimized/NB_0035/NB_0035_02.webp,/images/destinations/NB_0035/NB_0035_02.webp,downloaded,200,image/jpeg,1500,1000,1280,853,210984,,2026-05-07T13:45:22+00:00
NB_0035,Nhà thờ đá Phát Diệm,https://mia.vn/media/uploads/blog-du-lich/quan-the-nha-tho-phat-diem-3-1753668963.jpg,https://mia.vn/media/uploads/blog-du-lich/quan-the-nha-tho-phat-diem-3-1753668963.jpg,MIA.vn,,Cần kiểm tra quyền sử dụng,3,0,data/image_pipeline/downloaded/original/NB_0035/NB_0035_03_fda9aad7b572.jpg,data/image_pipeline/downloaded/optimized/NB_0035/NB_0035_03.webp,/images/destinations/NB_0035/NB_0035_03.webp,downloaded,200,image/jpeg,800,533,800,533,118914,,2026-05-07T13:45:24+00:00
TH_0001,Bãi biển Sầm Sơn,https://mia.vn/media/uploads/blog-du-lich/bai-bien-sam-son-1-1681068171.jpg,https://mia.vn/media/uploads/blog-du-lich/bai-bien-sam-son-1-1681068171.jpg,MIA.vn,,Cần kiểm tra quyền sử dụng,1,1,data/image_pipeline/downloaded/original/TH_0001/TH_0001_01_05a3cfa1efa6.jpg,data/image_pipeline/downloaded/optimized/TH_0001/TH_0001_01.webp,/images/destinations/TH_0001/TH_0001_01.webp,downloaded,200,image/jpeg,800,533,800,533,43258,,2026-05-07T13:45:25+00:00
TH_0001,Bãi biển Sầm Sơn,https://mia.vn/media/uploads/blog-du-lich/bai-bien-sam-son-2-1681068171.jpg,https://mia.vn/media/uploads/blog-du-lich/bai-bien-sam-son-2-1681068171.jpg,MIA.vn,,Cần kiểm tra quyền sử dụng,2,0,data/image_pipeline/downloaded/original/TH_0001/TH_0001_02_fb563ef23136.jpg,data/image_pipeline/downloaded/optimized/TH_0001/TH_0001_02.webp,/images/destinations/TH_0001/TH_0001_02.webp,downloaded,200,image/jpeg,800,450,800,450,42214,,2026-05-07T13:45:26+00:00
NA_0103,Biển Cửa Hiền - Cửa Lò mở rộng,https://bna.1cdn.vn/2025/04/10/bna_bai-bien-cua-hien-anh-cong-le00000.jpg,https://bna.1cdn.vn/2025/04/10/bna_bai-bien-cua-hien-anh-cong-le00000.jpg,bna.1cdn.vn,,Cần kiểm tra quyền sử dụng,1,1,,data/image_pipeline/downloaded/optimized/NA_0103/NA_0103_01.webp,/images/destinations/NA_0103/NA_0103_01.webp,exists,,,,,700,525,71018,,2026-05-07T13:45:28+00:00
NA_0103,Biển Cửa Hiền - Cửa Lò mở rộng,https://bna.1cdn.vn/2025/04/10/bna_bai-bien-cua-hien-anh-diep-thanh00000-aba26247705f4839c4d54f0a95b648e7.jpg,https://bna.1cdn.vn/2025/04/10/bna_bai-bien-cua-hien-anh-diep-thanh00000-aba26247705f4839c4d54f0a95b648e7.jpg,bna.1cdn.vn,,Cần kiểm tra quyền sử dụng,2,0,,data/image_pipeline/downloaded/optimized/NA_0103/NA_0103_02.webp,/images/destinations/NA_0103/NA_0103_02.webp,exists,,,,,700,443,36156,,2026-05-07T13:45:28+00:00
NA_0103,Biển Cửa Hiền - Cửa Lò mở rộng,https://bna.1cdn.vn/2025/04/10/bna_-cua-hien-anh-diep-thanh.png,https://bna.1cdn.vn/2025/04/10/bna_-cua-hien-anh-diep-thanh.png,bna.1cdn.vn,,Cần kiểm tra quyền sử dụng,3,0,,data/image_pipeline/downloaded/optimized/NA_0103/NA_0103_03.webp,/images/destinations/NA_0103/NA_0103_03.webp,exists,,,,,700,292,23340,,2026-05-07T13:45:28+00:00
NA_0103,Biển Cửa Hiền - Cửa Lò mở rộng,https://bna.1cdn.vn/2025/04/10/bna_bai-bien-cua-hien-anh-diep-thanh00005.jpg,https://bna.1cdn.vn/2025/04/10/bna_bai-bien-cua-hien-anh-diep-thanh00005.jpg,bna.1cdn.vn,,Cần kiểm tra quyền sử dụng,4,0,data/image_pipeline/downloaded/original/NA_0103/NA_0103_04_1c469f853b4f.jpg,data/image_pipeline/downloaded/optimized/NA_0103/NA_0103_04.webp,/images/destinations/NA_0103/NA_0103_04.webp,downloaded,200,image/jpeg,2500,1407,1280,720,58886,,2026-05-07T13:45:28+00:00
NA_0103,Biển Cửa Hiền - Cửa Lò mở rộng,https://visitnghean.gov.vn/backend/public/blogs/697c6f4c3818d.jpg,https://visitnghean.gov.vn/backend/public/blogs/697c6f4c3818d.jpg,visitnghean.gov.vn,,Cần kiểm tra quyền sử dụng,5,0,data/image_pipeline/downloaded/original/NA_0103/NA_0103_05_97fd2032be0f.jpg,data/image_pipeline/downloaded/optimized/NA_0103/NA_0103_05.webp,/images/destinations/NA_0103/NA_0103_05.webp,downloaded,200,image/jpeg,1920,1080,1280,720,224506,,2026-05-07T13:45:29+00:00
NA_0016,Làng Sen quê Bác,https://mia.vn/media/uploads/blog-du-lich/lang-sen-que-bac-01-1699319281.jpg,https://mia.vn/media/uploads/blog-du-lich/lang-sen-que-bac-01-1699319281.jpg,MIA.vn,,Cần kiểm tra quyền sử dụng,1,1,data/image_pipeline/downloaded/original/NA_0016/NA_0016_01_120b7b9cc94e.jpg,data/image_pipeline/downloaded/optimized/NA_0016/NA_0016_01.webp,/images/destinations/NA_0016/NA_0016_01.webp,downloaded,200,image/jpeg,800,600,800,600,150208,,2026-05-07T13:45:30+00:00
NA_0016,Làng Sen quê Bác,https://mia.vn/media/uploads/blog-du-lich/lang-sen-que-bac-02-1699319273.jpg,https://mia.vn/media/uploads/blog-du-lich/lang-sen-que-bac-02-1699319273.jpg,MIA.vn,,Cần kiểm tra quyền sử dụng,2,0,data/image_pipeline/downloaded/original/NA_0016/NA_0016_02_bac8e75191c5.jpg,data/image_pipeline/downloaded/optimized/NA_0016/NA_0016_02.webp,/images/destinations/NA_0016/NA_0016_02.webp,downloaded,200,image/jpeg,800,600,800,600,110348,,2026-05-07T13:45:32+00:00
NA_0016,Làng Sen quê Bác,https://mia.vn/media/uploads/blog-du-lich/lang-sen-que-bac-04-1699319273.jpg,https://mia.vn/media/uploads/blog-du-lich/lang-sen-que-bac-04-1699319273.jpg,MIA.vn,,Cần kiểm tra quyền sử dụng,3,0,data/image_pipeline/downloaded/original/NA_0016/NA_0016_03_8d0923524001.jpg,data/image_pipeline/downloaded/optimized/NA_0016/NA_0016_03.webp,/images/destinations/NA_0016/NA_0016_03.webp,downloaded,200,image/jpeg,800,600,800,600,156292,,2026-05-07T13:45:33+00:00
QB_0001,Vườn quốc gia Phong Nha - Kẻ Bàng,https://mia.vn/media/uploads/blog-du-lich/vuon-quoc-gia-phong-nha-ke-bang-quang-binh-va-ve-dep-xung-tam-di-san-the-gioi-1-1653437278.jpg,https://mia.vn/media/uploads/blog-du-lich/vuon-quoc-gia-phong-nha-ke-bang-quang-binh-va-ve-dep-xung-tam-di-san-the-gioi-1-1653437278.jpg,MIA.vn,,Cần kiểm tra quyền sử dụng,1,1,data/image_pipeline/downloaded/original/QB_0001/QB_0001_01_31bf4ee8a3e4.jpg,data/image_pipeline/downloaded/optimized/QB_0001/QB_0001_01.webp,/images/destinations/QB_0001/QB_0001_01.webp,downloaded,200,image/jpeg,1000,750,1000,750,101804,,2026-05-07T13:45:34+00:00
QB_0001,Vườn quốc gia Phong Nha - Kẻ Bàng,https://mia.vn/media/uploads/blog-du-lich/vuon-quoc-gia-phong-nha-ke-bang-quang-binh-va-ve-dep-xung-tam-di-san-the-gioi-2-1653437278.jpg,https://mia.vn/media/uploads/blog-du-lich/vuon-quoc-gia-phong-nha-ke-bang-quang-binh-va-ve-dep-xung-tam-di-san-the-gioi-2-1653437278.jpg,MIA.vn,,Cần kiểm tra quyền sử dụng,2,0,data/image_pipeline/downloaded/original/QB_0001/QB_0001_02_b292258039bc.jpg,data/image_pipeline/downloaded/optimized/QB_0001/QB_0001_02.webp,/images/destinations/QB_0001/QB_0001_02.webp,downloaded,200,image/jpeg,1200,800,1200,800,221044,,2026-05-07T13:45:36+00:00
QB_0002,Động Phong Nha,https://mia.vn/media/uploads/blog-du-lich/dong-phong-nha-thach-nhu-1698622017.jpg,https://mia.vn/media/uploads/blog-du-lich/dong-phong-nha-thach-nhu-1698622017.jpg,MIA.vn,,Cần kiểm tra quyền sử dụng,1,1,data/image_pipeline/downloaded/original/QB_0002/QB_0002_01_ac563a5315e4.jpg,data/image_pipeline/downloaded/optimized/QB_0002/QB_0002_01.webp,/images/destinations/QB_0002/QB_0002_01.webp,downloaded,200,image/jpeg,800,500,800,500,126486,,2026-05-07T13:45:37+00:00
QB_0003,Động Thiên Đường,https://mia.vn/media/uploads/blog-du-lich/kham-pha-dong-thien-duong-quang-binh-voi-canh-sac-vo-cung-hung-vi-01-1653408227.jpg,https://mia.vn/media/uploads/blog-du-lich/kham-pha-dong-thien-duong-quang-binh-voi-canh-sac-vo-cung-hung-vi-01-1653408227.jpg,MIA.vn,,Cần kiểm tra quyền sử dụng,1,1,data/image_pipeline/downloaded/original/QB_0003/QB_0003_01_9b3387f85f81.jpg,data/image_pipeline/downloaded/optimized/QB_0003/QB_0003_01.webp,/images/destinations/QB_0003/QB_0003_01.webp,downloaded,200,image/jpeg,1200,700,1200,700,178136,,2026-05-07T13:45:39+00:00
QB_0003,Động Thiên Đường,https://mia.vn/media/uploads/blog-du-lich/kham-pha-dong-thien-duong-quang-binh-voi-canh-sac-vo-cung-hung-vi-02-1653408229.jpg,https://mia.vn/media/uploads/blog-du-lich/kham-pha-dong-thien-duong-quang-binh-voi-canh-sac-vo-cung-hung-vi-02-1653408229.jpg,MIA.vn,,Cần kiểm tra quyền sử dụng,2,0,data/image_pipeline/downloaded/original/QB_0003/QB_0003_02_44e51c3e007e.jpg,data/image_pipeline/downloaded/optimized/QB_0003/QB_0003_02.webp,/images/destinations/QB_0003/QB_0003_02.webp,downloaded,200,image/jpeg,1000,665,1000,665,289406,,2026-05-07T13:45:40+00:00
QB_0003,Động Thiên Đường,https://mia.vn/media/uploads/blog-du-lich/kham-pha-dong-thien-duong-quang-binh-voi-canh-sac-vo-cung-hung-vi-03-1653408231.jpg,https://mia.vn/media/uploads/blog-du-lich/kham-pha-dong-thien-duong-quang-binh-voi-canh-sac-vo-cung-hung-vi-03-1653408231.jpg,MIA.vn,,Cần kiểm tra quyền sử dụng,3,0,data/image_pipeline/downloaded/original/QB_0003/QB_0003_03_b1d8732991aa.jpg,data/image_pipeline/downloaded/optimized/QB_0003/QB_0003_03.webp,/images/destinations/QB_0003/QB_0003_03.webp,downloaded,200,image/jpeg,1200,800,1200,800,276340,,2026-05-07T13:45:42+00:00
QB_0004,Hang Sơn Đoòng,https://mia.vn/media/uploads/blog-du-lich/hang-son-doong-quang-binh-kham-pha-hang-dong-lon-nhat-the-gioi-1-1653568204.jpg,https://mia.vn/media/uploads/blog-du-lich/hang-son-doong-quang-binh-kham-pha-hang-dong-lon-nhat-the-gioi-1-1653568204.jpg,MIA.vn,,Cần kiểm tra quyền sử dụng,1,1,data/image_pipeline/downloaded/original/QB_0004/QB_0004_01_4b387cb6c3cf.jpg,data/image_pipeline/downloaded/optimized/QB_0004/QB_0004_01.webp,/images/destinations/QB_0004/QB_0004_01.webp,downloaded,200,image/jpeg,1000,1000,1000,1000,247846,,2026-05-07T13:45:43+00:00
TTH_0002,Kinh thành Huế,https://mia.vn/media/uploads/blog-du-lich/toan-canh-kinh-thanh-hue-ve-dep-an-tuong-cua-di-san-the-gioi-1-1667921439.jpg,https://mia.vn/media/uploads/blog-du-lich/toan-canh-kinh-thanh-hue-ve-dep-an-tuong-cua-di-san-the-gioi-1-1667921439.jpg,MIA.vn,,Cần kiểm tra quyền sử dụng,1,1,data/image_pipeline/downloaded/original/TTH_0002/TTH_0002_01_68a801434478.jpg,data/image_pipeline/downloaded/optimized/TTH_0002/TTH_0002_01.webp,/images/destinations/TTH_0002/TTH_0002_01.webp,downloaded,200,image/jpeg,800,636,800,636,199466,,2026-05-07T13:45:45+00:00
TTH_0002,Kinh thành Huế,https://mia.vn/media/uploads/blog-du-lich/toan-canh-kinh-thanh-hue-ve-dep-an-tuong-cua-di-san-the-gioi-2-1667921439.jpg,https://mia.vn/media/uploads/blog-du-lich/toan-canh-kinh-thanh-hue-ve-dep-an-tuong-cua-di-san-the-gioi-2-1667921439.jpg,MIA.vn,,Cần kiểm tra quyền sử dụng,2,0,data/image_pipeline/downloaded/original/TTH_0002/TTH_0002_02_dec489a301d3.jpg,data/image_pipeline/downloaded/optimized/TTH_0002/TTH_0002_02.webp,/images/destinations/TTH_0002/TTH_0002_02.webp,downloaded,200,image/jpeg,800,450,800,450,127732,,2026-05-07T13:45:46+00:00
TTH_0002,Kinh thành Huế,https://mia.vn/media/uploads/blog-du-lich/toan-canh-kinh-thanh-hue-ve-dep-an-tuong-cua-di-san-the-gioi-3-1667921439.jpg,https://mia.vn/media/uploads/blog-du-lich/toan-canh-kinh-thanh-hue-ve-dep-an-tuong-cua-di-san-the-gioi-3-1667921439.jpg,MIA.vn,,Cần kiểm tra quyền sử dụng,3,0,data/image_pipeline/downloaded/original/TTH_0002/TTH_0002_03_949316a1181c.jpg,data/image_pipeline/downloaded/optimized/TTH_0002/TTH_0002_03.webp,/images/destinations/TTH_0002/TTH_0002_03.webp,downloaded,200,image/jpeg,800,450,800,450,80570,,2026-05-07T13:45:47+00:00
TTH_0002,Kinh thành Huế,https://mia.vn/media/uploads/blog-du-lich/toan-canh-kinh-thanh-hue-ve-dep-an-tuong-cua-di-san-the-gioi-4-1667921439.jpg,https://mia.vn/media/uploads/blog-du-lich/toan-canh-kinh-thanh-hue-ve-dep-an-tuong-cua-di-san-the-gioi-4-1667921439.jpg,MIA.vn,,Cần kiểm tra quyền sử dụng,4,0,data/image_pipeline/downloaded/original/TTH_0002/TTH_0002_04_3a330c766750.jpg,data/image_pipeline/downloaded/optimized/TTH_0002/TTH_0002_04.webp,/images/destinations/TTH_0002/TTH_0002_04.webp,downloaded,200,image/jpeg,800,450,800,450,123170,,2026-05-07T13:45:49+00:00
QN_0001,Vịnh Hạ Long,https://image.vietnam.travel/sites/default/files/styles/top_banner/public/2017-06/visitvietnam-3.jpg?itok=Fd6YvSmN,https://image.vietnam.travel/sites/default/files/styles/top_banner/public/2017-06/visitvietnam-3.jpg?itok=Fd6YvSmN,image.vietnam.travel,,Cần kiểm tra quyền sử dụng,1,1,data/image_pipeline/downloaded/original/QN_0001/QN_0001_01_901bdb0e12c4.jpg,data/image_pipeline/downloaded/optimized/QN_0001/QN_0001_01.webp,/images/destinations/QN_0001/QN_0001_01.webp,downloaded,200,image/jpeg,1260,681,1260,681,90590,,2026-05-07T13:45:50+00:00
QN_0001,Vịnh Hạ Long,https://vietnam.travel/sites/default/files/inline-images/shutterstock_568329076_resize.jpg,https://vietnam.travel/sites/default/files/inline-images/shutterstock_568329076_resize.jpg,vietnam.travel,,Cần kiểm tra quyền sử dụng,2,0,,data/image_pipeline/downloaded/optimized/QN_0001/QN_0001_02.webp,/images/destinations/QN_0001/QN_0001_02.webp,exists,,,,,1280,835,85056,,2026-05-07T13:45:52+00:00
QN_0081,Đảo Cô Tô,https://mia.vn/media/uploads/blog-du-lich/ngay-ngat-voi-ve-dep-tho-mong-cua-dao-co-to-o-ha-long-1641717278.jpg,https://mia.vn/media/uploads/blog-du-lich/ngay-ngat-voi-ve-dep-tho-mong-cua-dao-co-to-o-ha-long-1641717278.jpg,MIA.vn,,Cần kiểm tra quyền sử dụng,1,1,,data/image_pipeline/downloaded/optimized/QN_0081/QN_0081_01.webp,/images/destinations/QN_0081/QN_0081_01.webp,exists,,,,,1280,851,291640,,2026-05-07T13:45:52+00:00
QN_0081,Đảo Cô Tô,https://mia.vn/media/uploads/blog-du-lich/ngay-ngat-voi-ve-dep-tho-mong-cua-dao-co-to-o-ha-long-01-1641717276.jpg,https://mia.vn/media/uploads/blog-du-lich/ngay-ngat-voi-ve-dep-tho-mong-cua-dao-co-to-o-ha-long-01-1641717276.jpg,MIA.vn,,Cần kiểm tra quyền sử dụng,2,0,data/image_pipeline/downloaded/original/QN_0081/QN_0081_02_7cb7f7c87db0.jpg,data/image_pipeline/downloaded/optimized/QN_0081/QN_0081_02.webp,/images/destinations/QN_0081/QN_0081_02.webp,downloaded,200,image/jpeg,1170,750,1170,750,54126,,2026-05-07T13:45:52+00:00
QN_0081,Đảo Cô Tô,https://mia.vn/media/uploads/blog-du-lich/ngay-ngat-voi-ve-dep-tho-mong-cua-dao-co-to-o-ha-long-02-1641717276.jpg,https://mia.vn/media/uploads/blog-du-lich/ngay-ngat-voi-ve-dep-tho-mong-cua-dao-co-to-o-ha-long-02-1641717276.jpg,MIA.vn,,Cần kiểm tra quyền sử dụng,3,0,data/image_pipeline/downloaded/original/QN_0081/QN_0081_03_a5b4d0ae5e62.jpg,data/image_pipeline/downloaded/optimized/QN_0081/QN_0081_03.webp,/images/destinations/QN_0081/QN_0081_03.webp,downloaded,200,image/jpeg,1200,675,1200,675,98302,,2026-05-07T13:45:53+00:00
HPH_0051,Đảo Cát Bà,https://ik.imagekit.io/tvlk/blog/2022/06/dao-cat-ba-1.jpeg?tr=q-70%2Cc-at_max%2Cw-500%2Ch-250%2Cdpr-2,https://ik.imagekit.io/tvlk/blog/2022/06/dao-cat-ba-1.jpeg?tr=q-70%2Cc-at_max%2Cw-500%2Ch-250%2Cdpr-2,Traveloka,,Cần kiểm tra quyền sử dụng,1,1,data/image_pipeline/downloaded/original/HPH_0051/HPH_0051_01_4cf53c6c3c00.jpg,data/image_pipeline/downloaded/optimized/HPH_0051/HPH_0051_01.webp,/images/destinations/HPH_0051/HPH_0051_01.webp,downloaded,200,image/webp,800,500,800,500,61898,,2026-05-07T13:45:54+00:00
HPH_0051,Đảo Cát Bà,https://ik.imagekit.io/tvlk/blog/2022/06/dao-cat-ba-5-1024x768.jpeg?tr=q-70%2Cc-at_max%2Cw-1000%2Ch-600,https://ik.imagekit.io/tvlk/blog/2022/06/dao-cat-ba-5-1024x768.jpeg?tr=q-70%2Cc-at_max%2Cw-1000%2Ch-600,Traveloka,,Cần kiểm tra quyền sử dụng,2,0,data/image_pipeline/downloaded/original/HPH_0051/HPH_0051_02_e154089c26ae.jpg,data/image_pipeline/downloaded/optimized/HPH_0051/HPH_0051_02.webp,/images/destinations/HPH_0051/HPH_0051_02.webp,downloaded,200,image/webp,800,600,800,600,108014,,2026-05-07T13:45:56+00:00
HPH_0052,Vịnh Lan Hạ,https://image.vietnam.travel/sites/default/files/styles/top_banner/public/2021-12/782A1780_resize_0.jpg?itok=YdXGoB05,https://image.vietnam.travel/sites/default/files/styles/top_banner/public/2021-12/782A1780_resize_0.jpg?itok=YdXGoB05,image.vietnam.travel,,Cần kiểm tra quyền sử dụng,1,1,data/image_pipeline/downloaded/original/HPH_0052/HPH_0052_01_ee4d904a46ac.jpg,data/image_pipeline/downloaded/optimized/HPH_0052/HPH_0052_01.webp,/images/destinations/HPH_0052/HPH_0052_01.webp,downloaded,200,image/jpeg,1260,681,1260,681,221064,,2026-05-07T13:45:57+00:00
HPH_0052,Vịnh Lan Hạ,https://commons.wikimedia.org/wiki/Special:FilePath/Lan%20Ha%20Bay.jpg,https://commons.wikimedia.org/wiki/Special:FilePath/Lan%20Ha%20Bay.jpg,Wikimedia Commons,,Cần kiểm tra quyền sử dụng,2,0,data/image_pipeline/downloaded/original/HPH_0052/HPH_0052_02_b76416b8f199.jpg,data/image_pipeline/downloaded/optimized/HPH_0052/HPH_0052_02.webp,/images/destinations/HPH_0052/HPH_0052_02.webp,downloaded,200,image/jpeg,1970,1183,1280,768,174944,,2026-05-07T13:45:59+00:00
ha-noi__ho-hoan-kiem,Hồ Hoàn Kiếm,https://mia.vn/media/uploads/blog-du-lich/ho-hoan-kiem-1-1710638969.jpg,https://mia.vn/media/uploads/blog-du-lich/ho-hoan-kiem-1-1710638969.jpg,MIA.vn,,Cần kiểm tra quyền sử dụng,1,1,data/image_pipeline/downloaded/original/ha-noi_ho-hoan-kiem/ha-noi_ho-hoan-kiem_01_a07fe5103769.jpg,data/image_pipeline/downloaded/optimized/ha-noi_ho-hoan-kiem/ha-noi_ho-hoan-kiem_01.webp,/images/destinations/ha-noi_ho-hoan-kiem/ha-noi_ho-hoan-kiem_01.webp,downloaded,200,image/jpeg,800,600,800,600,87858,,2026-05-07T13:46:01+00:00
ha-noi__ho-hoan-kiem,Hồ Hoàn Kiếm,https://mia.vn/media/uploads/blog-du-lich/ho-hoan-kiem-3-1710638969.jpg,https://mia.vn/media/uploads/blog-du-lich/ho-hoan-kiem-3-1710638969.jpg,MIA.vn,,Cần kiểm tra quyền sử dụng,2,0,data/image_pipeline/downloaded/original/ha-noi_ho-hoan-kiem/ha-noi_ho-hoan-kiem_02_37f021d728a2.jpg,data/image_pipeline/downloaded/optimized/ha-noi_ho-hoan-kiem/ha-noi_ho-hoan-kiem_02.webp,/images/destinations/ha-noi_ho-hoan-kiem/ha-noi_ho-hoan-kiem_02.webp,downloaded,200,image/jpeg,800,600,800,600,81916,,2026-05-07T13:46:02+00:00
ha-noi__ho-hoan-kiem,Hồ Hoàn Kiếm,https://mia.vn/media/uploads/blog-du-lich/ho-hoan-kiem-6-1710638969.jpg,https://mia.vn/media/uploads/blog-du-lich/ho-hoan-kiem-6-1710638969.jpg,MIA.vn,,Cần kiểm tra quyền sử dụng,3,0,data/image_pipeline/downloaded/original/ha-noi_ho-hoan-kiem/ha-noi_ho-hoan-kiem_03_d637d026f888.jpg,data/image_pipeline/downloaded/optimized/ha-noi_ho-hoan-kiem/ha-noi_ho-hoan-kiem_03.webp,/images/destinations/ha-noi_ho-hoan-kiem/ha-noi_ho-hoan-kiem_03.webp,downloaded,200,image/jpeg,800,600,800,600,120098,,2026-05-07T13:46:04+00:00
ha-noi__ho-hoan-kiem,Hồ Hoàn Kiếm,https://mia.vn/media/uploads/blog-du-lich/ho-hoan-kiem-13-1710638959.jpg,https://mia.vn/media/uploads/blog-du-lich/ho-hoan-kiem-13-1710638959.jpg,MIA.vn,,Cần kiểm tra quyền sử dụng,4,0,data/image_pipeline/downloaded/original/ha-noi_ho-hoan-kiem/ha-noi_ho-hoan-kiem_04_76eccccc84a1.jpg,data/image_pipeline/downloaded/optimized/ha-noi_ho-hoan-kiem/ha-noi_ho-hoan-kiem_04.webp,/images/destinations/ha-noi_ho-hoan-kiem/ha-noi_ho-hoan-kiem_04.webp,downloaded,200,image/jpeg,800,600,800,600,75268,,2026-05-07T13:46:05+00:00
ha-noi__van-mieu-quoc-tu-giam,Văn Miếu - Quốc Tử Giám,https://mia.vn/media/uploads/blog-du-lich/van-mieu-quoc-tu-giam-16-1734507715.jpg,https://mia.vn/media/uploads/blog-du-lich/van-mieu-quoc-tu-giam-16-1734507715.jpg,MIA.vn,,Cần kiểm tra quyền sử dụng,1,1,data/image_pipeline/downloaded/original/ha-noi_van-mieu-quoc-tu-giam/ha-noi_van-mieu-quoc-tu-giam_01_99c398961bcf.jpg,data/image_pipeline/downloaded/optimized/ha-noi_van-mieu-quoc-tu-giam/ha-noi_van-mieu-quoc-tu-giam_01.webp,/images/destinations/ha-noi_van-mieu-quoc-tu-giam/ha-noi_van-mieu-quoc-tu-giam_01.webp,downloaded,200,image/jpeg,800,533,800,533,151714,,2026-05-07T13:46:06+00:00
ha-noi__van-mieu-quoc-tu-giam,Văn Miếu - Quốc Tử Giám,https://mia.vn/media/uploads/blog-du-lich/chiem-nguong-di-san-van-mieu-quoc-tu-giam-hon-thieng-dan-toc-02-1639790385.png,https://mia.vn/media/uploads/blog-du-lich/chiem-nguong-di-san-van-mieu-quoc-tu-giam-hon-thieng-dan-toc-02-1639790385.png,MIA.vn,,Cần kiểm tra quyền sử dụng,2,0,data/image_pipeline/downloaded/original/ha-noi_van-mieu-quoc-tu-giam/ha-noi_van-mieu-quoc-tu-giam_02_847a4c5d9dea.png,data/image_pipeline/downloaded/optimized/ha-noi_van-mieu-quoc-tu-giam/ha-noi_van-mieu-quoc-tu-giam_02.webp,/images/destinations/ha-noi_van-mieu-quoc-tu-giam/ha-noi_van-mieu-quoc-tu-giam_02.webp,downloaded,200,image/png,1000,668,1000,668,123408,,2026-05-07T13:46:08+00:00
ha-noi__van-mieu-quoc-tu-giam,Văn Miếu - Quốc Tử Giám,https://mia.vn/media/uploads/blog-du-lich/van-mieu-quoc-tu-giam-21-1734510695.jpg,https://mia.vn/media/uploads/blog-du-lich/van-mieu-quoc-tu-giam-21-1734510695.jpg,MIA.vn,,Cần kiểm tra quyền sử dụng,3,0,data/image_pipeline/downloaded/original/ha-noi_van-mieu-quoc-tu-giam/ha-noi_van-mieu-quoc-tu-giam_03_8d0bfc12d91f.jpg,data/image_pipeline/downloaded/optimized/ha-noi_van-mieu-quoc-tu-giam/ha-noi_van-mieu-quoc-tu-giam_03.webp,/images/destinations/ha-noi_van-mieu-quoc-tu-giam/ha-noi_van-mieu-quoc-tu-giam_03.webp,downloaded,200,image/jpeg,800,534,800,534,72004,,2026-05-07T13:46:09+00:00
ha-noi__van-mieu-quoc-tu-giam,Văn Miếu - Quốc Tử Giám,https://commons.wikimedia.org/wiki/Special:FilePath/Temple%20of%20Literature%2C%20Hanoi.jpg,https://commons.wikimedia.org/wiki/Special:FilePath/Temple%20of%20Literature%2C%20Hanoi.jpg,Wikimedia Commons,,Cần kiểm tra quyền sử dụng,4,0,data/image_pipeline/downloaded/original/ha-noi_van-mieu-quoc-tu-giam/ha-noi_van-mieu-quoc-tu-giam_04_f810970c14e4.jpg,data/image_pipeline/downloaded/optimized/ha-noi_van-mieu-quoc-tu-giam/ha-noi_van-mieu-quoc-tu-giam_04.webp,/images/destinations/ha-noi_van-mieu-quoc-tu-giam/ha-noi_van-mieu-quoc-tu-giam_04.webp,downloaded,200,image/jpeg,640,480,640,480,87194,,2026-05-07T13:46:10+00:00
ha-noi__hoang-thanh-thang-long,Hoàng thành Thăng Long,https://mia.vn/media/uploads/blog-du-lich/hoang-thanh-thang-long-dau-an-thoi-dai-giua-long-ha-noi-cover-1639789626.jpg,https://mia.vn/media/uploads/blog-du-lich/hoang-thanh-thang-long-dau-an-thoi-dai-giua-long-ha-noi-cover-1639789626.jpg,MIA.vn,,Cần kiểm tra quyền sử dụng,1,1,data/image_pipeline/downloaded/original/ha-noi_hoang-thanh-thang-long/ha-noi_hoang-thanh-thang-long_01_05b9668a96d5.jpg,data/image_pipeline/downloaded/optimized/ha-noi_hoang-thanh-thang-long/ha-noi_hoang-thanh-thang-long_01.webp,/images/destinations/ha-noi_hoang-thanh-thang-long/ha-noi_hoang-thanh-thang-long_01.webp,downloaded,200,image/jpeg,1200,900,1200,900,154532,,2026-05-07T13:46:12+00:00
ha-noi__hoang-thanh-thang-long,Hoàng thành Thăng Long,https://mia.vn/media/uploads/blog-du-lich/hoang-thanh-thang-long-dau-an-thoi-dai-giua-long-ha-noi-06-1639789626.jpg,https://mia.vn/media/uploads/blog-du-lich/hoang-thanh-thang-long-dau-an-thoi-dai-giua-long-ha-noi-06-1639789626.jpg,MIA.vn,,Cần kiểm tra quyền sử dụng,2,0,data/image_pipeline/downloaded/original/ha-noi_hoang-thanh-thang-long/ha-noi_hoang-thanh-thang-long_02_3f99242515a7.jpg,data/image_pipeline/downloaded/optimized/ha-noi_hoang-thanh-thang-long/ha-noi_hoang-thanh-thang-long_02.webp,/images/destinations/ha-noi_hoang-thanh-thang-long/ha-noi_hoang-thanh-thang-long_02.webp,downloaded,200,image/jpeg,1200,799,1200,799,139530,,2026-05-07T13:46:14+00:00
ha-noi__lang-chu-tich-ho-chi-minh,Lăng Chủ tịch Hồ Chí Minh,https://mia.vn/media/uploads/blog-du-lich/lang-bac-ho-chi-minh-4-1755059890.jpg,https://mia.vn/media/uploads/blog-du-lich/lang-bac-ho-chi-minh-4-1755059890.jpg,MIA.vn,,Cần kiểm tra quyền sử dụng,1,1,data/image_pipeline/downloaded/original/ha-noi_lang-chu-tich-ho-chi-minh/ha-noi_lang-chu-tich-ho-chi-minh_01_fbe271d1e08a.jpg,data/image_pipeline/downloaded/optimized/ha-noi_lang-chu-tich-ho-chi-minh/ha-noi_lang-chu-tich-ho-chi-minh_01.webp,/images/destinations/ha-noi_lang-chu-tich-ho-chi-minh/ha-noi_lang-chu-tich-ho-chi-minh_01.webp,downloaded,200,image/jpeg,800,533,800,533,81396,,2026-05-07T13:46:15+00:00
ha-noi__lang-chu-tich-ho-chi-minh,Lăng Chủ tịch Hồ Chí Minh,https://mia.vn/media/uploads/blog-du-lich/lang-bac-ho-chi-minh-6-1755060160.jpg,https://mia.vn/media/uploads/blog-du-lich/lang-bac-ho-chi-minh-6-1755060160.jpg,MIA.vn,,Cần kiểm tra quyền sử dụng,2,0,data/image_pipeline/downloaded/original/ha-noi_lang-chu-tich-ho-chi-minh/ha-noi_lang-chu-tich-ho-chi-minh_02_97fb605335dc.jpg,data/image_pipeline/downloaded/optimized/ha-noi_lang-chu-tich-ho-chi-minh/ha-noi_lang-chu-tich-ho-chi-minh_02.webp,/images/destinations/ha-noi_lang-chu-tich-ho-chi-minh/ha-noi_lang-chu-tich-ho-chi-minh_02.webp,downloaded,200,image/jpeg,800,533,800,533,66666,,2026-05-07T13:46:17+00:00
ha-noi__lang-chu-tich-ho-chi-minh,Lăng Chủ tịch Hồ Chí Minh,https://commons.wikimedia.org/wiki/Special:FilePath/Ho%20Chi%20Minh%20Mausoleum%20in%20Hanoi.jpg,https://commons.wikimedia.org/wiki/Special:FilePath/Ho%20Chi%20Minh%20Mausoleum%20in%20Hanoi.jpg,Wikimedia Commons,,Cần kiểm tra quyền sử dụng,3,0,data/image_pipeline/downloaded/original/ha-noi_lang-chu-tich-ho-chi-minh/ha-noi_lang-chu-tich-ho-chi-minh_03_ebcce1802077.jpg,data/image_pipeline/downloaded/optimized/ha-noi_lang-chu-tich-ho-chi-minh/ha-noi_lang-chu-tich-ho-chi-minh_03.webp,/images/destinations/ha-noi_lang-chu-tich-ho-chi-minh/ha-noi_lang-chu-tich-ho-chi-minh_03.webp,downloaded,200,image/jpeg,5184,3888,1280,960,155070,,2026-05-07T13:46:18+00:00
ha-noi__pho-co-ha-noi,Phố cổ Hà Nội,https://mia.vn/media/uploads/blog-du-lich/pho-co-ha-noi-6-1731039789.jpg,https://mia.vn/media/uploads/blog-du-lich/pho-co-ha-noi-6-1731039789.jpg,MIA.vn,,Cần kiểm tra quyền sử dụng,1,1,data/image_pipeline/downloaded/original/ha-noi_pho-co-ha-noi/ha-noi_pho-co-ha-noi_01_ae953f572777.jpg,data/image_pipeline/downloaded/optimized/ha-noi_pho-co-ha-noi/ha-noi_pho-co-ha-noi_01.webp,/images/destinations/ha-noi_pho-co-ha-noi/ha-noi_pho-co-ha-noi_01.webp,downloaded,200,image/jpeg,800,533,800,533,134350,,2026-05-07T13:46:21+00:00
ha-noi__pho-co-ha-noi,Phố cổ Hà Nội,https://mia.vn/media/uploads/blog-du-lich/pho-co-ha-noi-8-1731039789.jpg,https://mia.vn/media/uploads/blog-du-lich/pho-co-ha-noi-8-1731039789.jpg,MIA.vn,,Cần kiểm tra quyền sử dụng,2,0,data/image_pipeline/downloaded/original/ha-noi_pho-co-ha-noi/ha-noi_pho-co-ha-noi_02_e1590a341ae2.jpg,data/image_pipeline/downloaded/optimized/ha-noi_pho-co-ha-noi/ha-noi_pho-co-ha-noi_02.webp,/images/destinations/ha-noi_pho-co-ha-noi/ha-noi_pho-co-ha-noi_02.webp,downloaded,200,image/jpeg,800,1067,800,1067,221230,,2026-05-07T13:46:22+00:00
ha-noi__pho-co-ha-noi,Phố cổ Hà Nội,https://mia.vn/media/uploads/blog-du-lich/pho-co-ha-noi-4-1731039789.jpg,https://mia.vn/media/uploads/blog-du-lich/pho-co-ha-noi-4-1731039789.jpg,MIA.vn,,Cần kiểm tra quyền sử dụng,3,0,data/image_pipeline/downloaded/original/ha-noi_pho-co-ha-noi/ha-noi_pho-co-ha-noi_03_9d6fff63605a.jpg,data/image_pipeline/downloaded/optimized/ha-noi_pho-co-ha-noi/ha-noi_pho-co-ha-noi_03.webp,/images/destinations/ha-noi_pho-co-ha-noi/ha-noi_pho-co-ha-noi_03.webp,downloaded,200,image/jpeg,800,533,800,533,114864,,2026-05-07T13:46:23+00:00
ha-noi__pho-co-ha-noi,Phố cổ Hà Nội,https://mia.vn/media/uploads/blog-du-lich/kham-pha-pho-co-ha-noi-net-dac-trung-cua-thanh-pho-thu-do-06-1641260515.jpg,https://mia.vn/media/uploads/blog-du-lich/kham-pha-pho-co-ha-noi-net-dac-trung-cua-thanh-pho-thu-do-06-1641260515.jpg,MIA.vn,,Cần kiểm tra quyền sử dụng,4,0,data/image_pipeline/downloaded/original/ha-noi_pho-co-ha-noi/ha-noi_pho-co-ha-noi_04_ac72a14701a4.jpg,data/image_pipeline/downloaded/optimized/ha-noi_pho-co-ha-noi/ha-noi_pho-co-ha-noi_04.webp,/images/destinations/ha-noi_pho-co-ha-noi/ha-noi_pho-co-ha-noi_04.webp,downloaded,200,image/jpeg,1200,900,1200,900,164574,,2026-05-07T13:46:25+00:00
ha-noi__chua-tran-quoc,Chùa Trấn Quốc,https://mia.vn/media/uploads/blog-du-lich/tham-quan-chua-tran-quoc-co-tu-ngan-nam-tuoi-ben-ho-tay-01-1639357625.jpg,https://mia.vn/media/uploads/blog-du-lich/tham-quan-chua-tran-quoc-co-tu-ngan-nam-tuoi-ben-ho-tay-01-1639357625.jpg,MIA.vn,,Cần kiểm tra quyền sử dụng,1,1,data/image_pipeline/downloaded/original/ha-noi_chua-tran-quoc/ha-noi_chua-tran-quoc_01_e274073e8534.jpg,data/image_pipeline/downloaded/optimized/ha-noi_chua-tran-quoc/ha-noi_chua-tran-quoc_01.webp,/images/destinations/ha-noi_chua-tran-quoc/ha-noi_chua-tran-quoc_01.webp,downloaded,200,image/jpeg,1400,900,1280,822,129488,,2026-05-07T13:46:26+00:00
ha-noi__chua-tran-quoc,Chùa Trấn Quốc,https://mia.vn/media/uploads/blog-du-lich/tham-quan-chua-tran-quoc-co-tu-ngan-nam-tuoi-ben-ho-tay-02-1639357625.jpg,https://mia.vn/media/uploads/blog-du-lich/tham-quan-chua-tran-quoc-co-tu-ngan-nam-tuoi-ben-ho-tay-02-1639357625.jpg,MIA.vn,,Cần kiểm tra quyền sử dụng,2,0,data/image_pipeline/downloaded/original/ha-noi_chua-tran-quoc/ha-noi_chua-tran-quoc_02_fa3f60660aec.jpg,data/image_pipeline/downloaded/optimized/ha-noi_chua-tran-quoc/ha-noi_chua-tran-quoc_02.webp,/images/destinations/ha-noi_chua-tran-quoc/ha-noi_chua-tran-quoc_02.webp,downloaded,200,image/jpeg,1200,771,1200,771,217658,,2026-05-07T13:46:28+00:00
VP_0001,Thị trấn Tam Đảo,https://mia.vn/media/uploads/blog-du-lich/du-lich-tam-dao-va-kham-pha-vo-van-trai-nghiem-dang-nho-01-1690160337.jpg,https://mia.vn/media/uploads/blog-du-lich/du-lich-tam-dao-va-kham-pha-vo-van-trai-nghiem-dang-nho-01-1690160337.jpg,MIA.vn,,Cần kiểm tra quyền sử dụng,1,1,data/image_pipeline/downloaded/original/VP_0001/VP_0001_01_76c9c2441e03.jpg,data/image_pipeline/downloaded/optimized/VP_0001/VP_0001_01.webp,/images/destinations/VP_0001/VP_0001_01.webp,downloaded,200,image/jpeg,800,600,800,600,97462,,2026-05-07T13:46:29+00:00
VP_0001,Thị trấn Tam Đảo,https://mia.vn/media/uploads/blog-du-lich/du-lich-tam-dao-va-kham-pha-vo-van-trai-nghiem-dang-nho-05-1690160337.jpg,https://mia.vn/media/uploads/blog-du-lich/du-lich-tam-dao-va-kham-pha-vo-van-trai-nghiem-dang-nho-05-1690160337.jpg,MIA.vn,,Cần kiểm tra quyền sử dụng,2,0,data/image_pipeline/downloaded/original/VP_0001/VP_0001_02_ab50c2023154.jpg,data/image_pipeline/downloaded/optimized/VP_0001/VP_0001_02.webp,/images/destinations/VP_0001/VP_0001_02.webp,downloaded,200,image/jpeg,800,600,800,600,65122,,2026-05-07T13:46:31+00:00
LCI_0001,Thị xã Sa Pa,https://mia.vn/media/uploads/blog-du-lich/du-lich-sapa-tu-tuc-1-1691327283.jpg,https://mia.vn/media/uploads/blog-du-lich/du-lich-sapa-tu-tuc-1-1691327283.jpg,MIA.vn,,Cần kiểm tra quyền sử dụng,1,1,data/image_pipeline/downloaded/original/LCI_0001/LCI_0001_01_8212bff1bf25.jpg,data/image_pipeline/downloaded/optimized/LCI_0001/LCI_0001_01.webp,/images/destinations/LCI_0001/LCI_0001_01.webp,downloaded,200,image/jpeg,800,532,800,532,82306,,2026-05-07T13:46:32+00:00
LCI_0001,Thị xã Sa Pa,https://mia.vn/media/uploads/blog-du-lich/du-lich-sapa-1732242899.jpg,https://mia.vn/media/uploads/blog-du-lich/du-lich-sapa-1732242899.jpg,MIA.vn,,Cần kiểm tra quyền sử dụng,2,0,data/image_pipeline/downloaded/original/LCI_0001/LCI_0001_02_ade7d35899f0.jpg,data/image_pipeline/downloaded/optimized/LCI_0001/LCI_0001_02.webp,/images/destinations/LCI_0001/LCI_0001_02.webp,downloaded,200,image/jpeg,800,556,800,556,74814,,2026-05-07T13:46:33+00:00
LCI_0002,Đỉnh Fansipan,https://mia.vn/media/uploads/blog-du-lich/fansipan-01-1698557275.jpg,https://mia.vn/media/uploads/blog-du-lich/fansipan-01-1698557275.jpg,MIA.vn,,Cần kiểm tra quyền sử dụng,1,1,data/image_pipeline/downloaded/original/LCI_0002/LCI_0002_01_8f7c12a01355.jpg,data/image_pipeline/downloaded/optimized/LCI_0002/LCI_0002_01.webp,/images/destinations/LCI_0002/LCI_0002_01.webp,downloaded,200,image/jpeg,800,600,800,600,99900,,2026-05-07T13:46:35+00:00
LCI_0002,Đỉnh Fansipan,https://mia.vn/media/uploads/blog-du-lich/fansipan-02-1698557275.jpg,https://mia.vn/media/uploads/blog-du-lich/fansipan-02-1698557275.jpg,MIA.vn,,Cần kiểm tra quyền sử dụng,2,0,data/image_pipeline/downloaded/original/LCI_0002/LCI_0002_02_a2370e0dba84.jpg,data/image_pipeline/downloaded/optimized/LCI_0002/LCI_0002_02.webp,/images/destinations/LCI_0002/LCI_0002_02.webp,downloaded,200,image/jpeg,800,600,800,600,62738,,2026-05-07T13:46:36+00:00
LCI_0002,Đỉnh Fansipan,https://mia.vn/media/uploads/blog-du-lich/fansipan-03-1698557275.jpg,https://mia.vn/media/uploads/blog-du-lich/fansipan-03-1698557275.jpg,MIA.vn,,Cần kiểm tra quyền sử dụng,3,0,data/image_pipeline/downloaded/original/LCI_0002/LCI_0002_03_2c0b8c8dcc2f.jpg,data/image_pipeline/downloaded/optimized/LCI_0002/LCI_0002_03.webp,/images/destinations/LCI_0002/LCI_0002_03.webp,downloaded,200,image/jpeg,800,600,800,600,50556,,2026-05-07T13:46:37+00:00
LCI_0002,Đỉnh Fansipan,https://commons.wikimedia.org/wiki/Special:FilePath/Fansipan%20summit.jpg,https://commons.wikimedia.org/wiki/Special:FilePath/Fansipan%20summit.jpg,Wikimedia Commons,,Cần kiểm tra quyền sử dụng,4,0,data/image_pipeline/downloaded/original/LCI_0002/LCI_0002_04_6764d0bd0c12.jpg,data/image_pipeline/downloaded/optimized/LCI_0002/LCI_0002_04.webp,/images/destinations/LCI_0002/LCI_0002_04.webp,downloaded,200,image/jpeg,500,559,500,559,40546,,2026-05-07T13:46:38+00:00
LCI_0061,Bắc Hà,https://mia.vn/media/uploads/blog-du-lich/doc-dao-cho-phien-bac-ha-phien-cho-lon-nhat-con-mang-net-don-so-mien-son-cuoc-2-1621359229.jpg,https://mia.vn/media/uploads/blog-du-lich/doc-dao-cho-phien-bac-ha-phien-cho-lon-nhat-con-mang-net-don-so-mien-son-cuoc-2-1621359229.jpg,MIA.vn,,Cần kiểm tra quyền sử dụng,1,1,data/image_pipeline/downloaded/original/LCI_0061/LCI_0061_01_f2d03da7472c.jpg,data/image_pipeline/downloaded/optimized/LCI_0061/LCI_0061_01.webp,/images/destinations/LCI_0061/LCI_0061_01.webp,downloaded,200,image/jpeg,800,600,800,600,99312,,2026-05-07T13:46:40+00:00
HGI_0081,Bảo tàng tỉnh Hà Giang,https://cdn3.ivivu.com/2023/10/bao-tang-tinh-ha-giang-ivivu-14.jpg,https://cdn3.ivivu.com/2023/10/bao-tang-tinh-ha-giang-ivivu-14.jpg,cdn3.ivivu.com,,Cần kiểm tra quyền sử dụng,1,1,data/image_pipeline/downloaded/original/HGI_0081/HGI_0081_01_c2edd0fdcf03.jpg,data/image_pipeline/downloaded/optimized/HGI_0081/HGI_0081_01.webp,/images/destinations/HGI_0081/HGI_0081_01.webp,downloaded,200,image/jpeg,680,382,680,382,33966,,2026-05-07T13:46:42+00:00
HGI_0081,Bảo tàng tỉnh Hà Giang,https://cdn3.ivivu.com/2023/10/bao-tang-tinh-ha-giang-ivivu-2.jpg,https://cdn3.ivivu.com/2023/10/bao-tang-tinh-ha-giang-ivivu-2.jpg,cdn3.ivivu.com,,Cần kiểm tra quyền sử dụng,2,0,data/image_pipeline/downloaded/original/HGI_0081/HGI_0081_02_d1a11fdbb9e0.jpg,data/image_pipeline/downloaded/optimized/HGI_0081/HGI_0081_02.webp,/images/destinations/HGI_0081/HGI_0081_02.webp,downloaded,200,image/jpeg,680,450,680,450,39262,,2026-05-07T13:46:43+00:00
HGI_0081,Bảo tàng tỉnh Hà Giang,https://cdn3.ivivu.com/2023/10/bao-tang-tinh-ha-giang-ivivu-3.jpg,https://cdn3.ivivu.com/2023/10/bao-tang-tinh-ha-giang-ivivu-3.jpg,cdn3.ivivu.com,,Cần kiểm tra quyền sử dụng,3,0,data/image_pipeline/downloaded/original/HGI_0081/HGI_0081_03_3c444696eb70.jpg,data/image_pipeline/downloaded/optimized/HGI_0081/HGI_0081_03.webp,/images/destinations/HGI_0081/HGI_0081_03.webp,downloaded,200,image/jpeg,680,450,680,450,29776,,2026-05-07T13:46:44+00:00
HGI_0081,Bảo tàng tỉnh Hà Giang,https://cdn3.ivivu.com/2023/10/bao-tang-tinh-ha-giang-ivivu-5.jpg,https://cdn3.ivivu.com/2023/10/bao-tang-tinh-ha-giang-ivivu-5.jpg,cdn3.ivivu.com,,Cần kiểm tra quyền sử dụng,4,0,data/image_pipeline/downloaded/original/HGI_0081/HGI_0081_04_fa5e262439dd.jpg,data/image_pipeline/downloaded/optimized/HGI_0081/HGI_0081_04.webp,/images/destinations/HGI_0081/HGI_0081_04.webp,downloaded,200,image/jpeg,680,382,680,382,61180,,2026-05-07T13:46:46+00:00
HGI_0081,Bảo tàng tỉnh Hà Giang,https://cdn3.ivivu.com/2023/10/bao-tang-tinh-ha-giang-ivivu-6.jpg,https://cdn3.ivivu.com/2023/10/bao-tang-tinh-ha-giang-ivivu-6.jpg,cdn3.ivivu.com,,Cần kiểm tra quyền sử dụng,5,0,data/image_pipeline/downloaded/original/HGI_0081/HGI_0081_05_1e9a777335de.jpg,data/image_pipeline/downloaded/optimized/HGI_0081/HGI_0081_05.webp,/images/destinations/HGI_0081/HGI_0081_05.webp,downloaded,200,image/jpeg,680,451,680,451,55954,,2026-05-07T13:46:47+00:00
HGI_0020,Đèo Mã Pì Lèng,https://mia.vn/media/uploads/blog-du-lich/chinh-phuc-deo-ma-pi-leng-tu-dai-dinh-deo-cua-vung-nui-dat-bac-5-1642064878.jpeg,https://mia.vn/media/uploads/blog-du-lich/chinh-phuc-deo-ma-pi-leng-tu-dai-dinh-deo-cua-vung-nui-dat-bac-5-1642064878.jpeg,MIA.vn,,Cần kiểm tra quyền sử dụng,1,1,data/image_pipeline/downloaded/original/HGI_0020/HGI_0020_01_8b0a03ea6665.jpg,data/image_pipeline/downloaded/optimized/HGI_0020/HGI_0020_01.webp,/images/destinations/HGI_0020/HGI_0020_01.webp,downloaded,200,image/jpeg,1500,844,1280,720,299534,,2026-05-07T13:46:48+00:00
HGI_0020,Đèo Mã Pì Lèng,https://mia.vn/media/uploads/blog-du-lich/kinh-nghiem-di-thuyen-vuot-song-nho-que-ngam-ve-dep-cua-thien-nhien-ha-giang-04-1644595509.jpg,https://mia.vn/media/uploads/blog-du-lich/kinh-nghiem-di-thuyen-vuot-song-nho-que-ngam-ve-dep-cua-thien-nhien-ha-giang-04-1644595509.jpg,MIA.vn,,Cần kiểm tra quyền sử dụng,2,0,data/image_pipeline/downloaded/original/HGI_0020/HGI_0020_02_5a891401b022.jpg,data/image_pipeline/downloaded/optimized/HGI_0020/HGI_0020_02.webp,/images/destinations/HGI_0020/HGI_0020_02.webp,downloaded,200,image/jpeg,860,533,860,533,74872,,2026-05-07T13:46:50+00:00
HGI_0022,Sông Nho Quế,https://mia.vn/media/uploads/blog-du-lich/kinh-nghiem-di-thuyen-vuot-song-nho-que-ngam-ve-dep-cua-thien-nhien-ha-giang-1644595510.jpg,https://mia.vn/media/uploads/blog-du-lich/kinh-nghiem-di-thuyen-vuot-song-nho-que-ngam-ve-dep-cua-thien-nhien-ha-giang-1644595510.jpg,MIA.vn,,Cần kiểm tra quyền sử dụng,1,1,data/image_pipeline/downloaded/original/HGI_0022/HGI_0022_01_ba3a029845ac.jpg,data/image_pipeline/downloaded/optimized/HGI_0022/HGI_0022_01.webp,/images/destinations/HGI_0022/HGI_0022_01.webp,downloaded,200,image/jpeg,1500,1125,1280,960,59520,,2026-05-07T13:46:51+00:00
HGI_0022,Sông Nho Quế,https://mia.vn/media/uploads/blog-du-lich/kinh-nghiem-di-thuyen-vuot-song-nho-que-ngam-ve-dep-cua-thien-nhien-ha-giang-01-1644595509.jpg,https://mia.vn/media/uploads/blog-du-lich/kinh-nghiem-di-thuyen-vuot-song-nho-que-ngam-ve-dep-cua-thien-nhien-ha-giang-01-1644595509.jpg,MIA.vn,,Cần kiểm tra quyền sử dụng,2,0,data/image_pipeline/downloaded/original/HGI_0022/HGI_0022_02_e0ef510c2b81.jpg,data/image_pipeline/downloaded/optimized/HGI_0022/HGI_0022_02.webp,/images/destinations/HGI_0022/HGI_0022_02.webp,downloaded,200,image/jpeg,1500,1000,1280,853,160058,,2026-05-07T13:46:52+00:00
HGI_0022,Sông Nho Quế,https://mia.vn/media/uploads/blog-du-lich/kinh-nghiem-di-thuyen-vuot-song-nho-que-ngam-ve-dep-cua-thien-nhien-ha-giang-02-1644595509.jpg,https://mia.vn/media/uploads/blog-du-lich/kinh-nghiem-di-thuyen-vuot-song-nho-que-ngam-ve-dep-cua-thien-nhien-ha-giang-02-1644595509.jpg,MIA.vn,,Cần kiểm tra quyền sử dụng,3,0,data/image_pipeline/downloaded/original/HGI_0022/HGI_0022_03_6635de0d706f.jpg,data/image_pipeline/downloaded/optimized/HGI_0022/HGI_0022_03.webp,/images/destinations/HGI_0022/HGI_0022_03.webp,downloaded,200,image/jpeg,810,607,810,607,150838,,2026-05-07T13:46:54+00:00
TTH_0003,Đại Nội Huế,https://mia.vn/media/uploads/blog-du-lich/dai-noi-hue-net-dep-co-kinh-ben-dong-song-huong-tho-mong-01-1637860723.jpg,https://mia.vn/media/uploads/blog-du-lich/dai-noi-hue-net-dep-co-kinh-ben-dong-song-huong-tho-mong-01-1637860723.jpg,MIA.vn,,Cần kiểm tra quyền sử dụng,1,1,data/image_pipeline/downloaded/original/TTH_0003/TTH_0003_01_d0a3c692e5b9.jpg,data/image_pipeline/downloaded/optimized/TTH_0003/TTH_0003_01.webp,/images/destinations/TTH_0003/TTH_0003_01.webp,downloaded,200,image/jpeg,1200,727,1200,727,198824,,2026-05-07T13:46:55+00:00
TTH_0026,Lăng Khải Định,https://mia.vn/media/uploads/blog-du-lich/lang-khai-dinh-va-ve-dep-huyen-bi-xen-lan-net-co-kinh-01-1664981660.jpg,https://mia.vn/media/uploads/blog-du-lich/lang-khai-dinh-va-ve-dep-huyen-bi-xen-lan-net-co-kinh-01-1664981660.jpg,MIA.vn,,Cần kiểm tra quyền sử dụng,1,1,data/image_pipeline/downloaded/original/TTH_0026/TTH_0026_01_c3020bdf0adc.jpg,data/image_pipeline/downloaded/optimized/TTH_0026/TTH_0026_01.webp,/images/destinations/TTH_0026/TTH_0026_01.webp,downloaded,200,image/jpeg,900,1350,900,1350,167936,,2026-05-07T13:46:57+00:00
TTH_0026,Lăng Khải Định,https://mia.vn/media/uploads/blog-du-lich/lang-khai-dinh-va-ve-dep-huyen-bi-xen-lan-net-co-kinh-02-1664981660.jpg,https://mia.vn/media/uploads/blog-du-lich/lang-khai-dinh-va-ve-dep-huyen-bi-xen-lan-net-co-kinh-02-1664981660.jpg,MIA.vn,,Cần kiểm tra quyền sử dụng,2,0,data/image_pipeline/downloaded/original/TTH_0026/TTH_0026_02_4198946d2ca8.jpg,data/image_pipeline/downloaded/optimized/TTH_0026/TTH_0026_02.webp,/images/destinations/TTH_0026/TTH_0026_02.webp,downloaded,200,image/jpeg,900,600,900,600,96358,,2026-05-07T13:46:58+00:00
TTH_0026,Lăng Khải Định,https://mia.vn/media/uploads/blog-du-lich/lang-khai-dinh-va-ve-dep-huyen-bi-xen-lan-net-co-kinh-03-1664981660.jpg,https://mia.vn/media/uploads/blog-du-lich/lang-khai-dinh-va-ve-dep-huyen-bi-xen-lan-net-co-kinh-03-1664981660.jpg,MIA.vn,,Cần kiểm tra quyền sử dụng,3,0,data/image_pipeline/downloaded/original/TTH_0026/TTH_0026_03_173b48c966ce.jpg,data/image_pipeline/downloaded/optimized/TTH_0026/TTH_0026_03.webp,/images/destinations/TTH_0026/TTH_0026_03.webp,downloaded,200,image/jpeg,900,1350,900,1350,171434,,2026-05-07T13:47:00+00:00
TTH_0025,Lăng Minh Mạng,https://mia.vn/media/uploads/blog-du-lich/lang-minh-mang-diem-den-ruc-ro-sac-mau-tai-thanh-pho-hue-1-1662125941.jpg,https://mia.vn/media/uploads/blog-du-lich/lang-minh-mang-diem-den-ruc-ro-sac-mau-tai-thanh-pho-hue-1-1662125941.jpg,MIA.vn,,Cần kiểm tra quyền sử dụng,1,1,data/image_pipeline/downloaded/original/TTH_0025/TTH_0025_01_8b49776bf6d3.jpg,data/image_pipeline/downloaded/optimized/TTH_0025/TTH_0025_01.webp,/images/destinations/TTH_0025/TTH_0025_01.webp,downloaded,200,image/jpeg,900,642,900,642,195552,,2026-05-07T13:47:01+00:00
TTH_0025,Lăng Minh Mạng,https://mia.vn/media/uploads/blog-du-lich/lang-minh-mang-diem-den-ruc-ro-sac-mau-tai-thanh-pho-hue-2-1662125941.jpg,https://mia.vn/media/uploads/blog-du-lich/lang-minh-mang-diem-den-ruc-ro-sac-mau-tai-thanh-pho-hue-2-1662125941.jpg,MIA.vn,,Cần kiểm tra quyền sử dụng,2,0,data/image_pipeline/downloaded/original/TTH_0025/TTH_0025_02_f1af1d6298ad.jpg,data/image_pipeline/downloaded/optimized/TTH_0025/TTH_0025_02.webp,/images/destinations/TTH_0025/TTH_0025_02.webp,downloaded,200,image/jpeg,900,675,900,675,122036,,2026-05-07T13:47:03+00:00
TTH_0025,Lăng Minh Mạng,https://mia.vn/media/uploads/blog-du-lich/lang-minh-mang-diem-den-ruc-ro-sac-mau-tai-thanh-pho-hue-3-1662125941.jpg,https://mia.vn/media/uploads/blog-du-lich/lang-minh-mang-diem-den-ruc-ro-sac-mau-tai-thanh-pho-hue-3-1662125941.jpg,MIA.vn,,Cần kiểm tra quyền sử dụng,3,0,data/image_pipeline/downloaded/original/TTH_0025/TTH_0025_03_1d3b046a873e.jpg,data/image_pipeline/downloaded/optimized/TTH_0025/TTH_0025_03.webp,/images/destinations/TTH_0025/TTH_0025_03.webp,downloaded,200,image/jpeg,900,682,900,682,189520,,2026-05-07T13:47:04+00:00
TTH_0032,Chùa Thiên Mụ,https://mia.vn/media/uploads/blog-du-lich/kham-pha-chua-thien-mu-linh-thieng-va-co-kinh-nhat-co-do-hue-02-1637773469.jpg,https://mia.vn/media/uploads/blog-du-lich/kham-pha-chua-thien-mu-linh-thieng-va-co-kinh-nhat-co-do-hue-02-1637773469.jpg,MIA.vn,,Cần kiểm tra quyền sử dụng,1,1,data/image_pipeline/downloaded/original/TTH_0032/TTH_0032_01_cb8d146d9605.jpg,data/image_pipeline/downloaded/optimized/TTH_0032/TTH_0032_01.webp,/images/destinations/TTH_0032/TTH_0032_01.webp,downloaded,200,image/jpeg,799,443,799,443,134630,,2026-05-07T13:47:06+00:00
TTH_0032,Chùa Thiên Mụ,https://mia.vn/media/uploads/blog-du-lich/kham-pha-chua-thien-mu-linh-thieng-va-co-kinh-nhat-co-do-hue-03-1637773469.jpg,https://mia.vn/media/uploads/blog-du-lich/kham-pha-chua-thien-mu-linh-thieng-va-co-kinh-nhat-co-do-hue-03-1637773469.jpg,MIA.vn,,Cần kiểm tra quyền sử dụng,2,0,data/image_pipeline/downloaded/original/TTH_0032/TTH_0032_02_a3e1be21403d.jpg,data/image_pipeline/downloaded/optimized/TTH_0032/TTH_0032_02.webp,/images/destinations/TTH_0032/TTH_0032_02.webp,downloaded,200,image/jpeg,1024,669,1024,669,100866,,2026-05-07T13:47:07+00:00
TTH_0075,Hải Vân Quan,https://mia.vn/media/uploads/blog-du-lich/hai-van-quan-9-1722500449.jpg,https://mia.vn/media/uploads/blog-du-lich/hai-van-quan-9-1722500449.jpg,MIA.vn,,Cần kiểm tra quyền sử dụng,1,1,data/image_pipeline/downloaded/original/TTH_0075/TTH_0075_01_718942865a25.jpg,data/image_pipeline/downloaded/optimized/TTH_0075/TTH_0075_01.webp,/images/destinations/TTH_0075/TTH_0075_01.webp,downloaded,200,image/jpeg,800,572,800,572,93432,,2026-05-07T13:47:08+00:00
TTH_0075,Hải Vân Quan,https://mia.vn/media/uploads/blog-du-lich/hai-van-quan-10-1722500449.jpg,https://mia.vn/media/uploads/blog-du-lich/hai-van-quan-10-1722500449.jpg,MIA.vn,,Cần kiểm tra quyền sử dụng,2,0,data/image_pipeline/downloaded/original/TTH_0075/TTH_0075_02_0f993881a38e.jpg,data/image_pipeline/downloaded/optimized/TTH_0075/TTH_0075_02.webp,/images/destinations/TTH_0075/TTH_0075_02.webp,downloaded,200,image/jpeg,800,480,800,480,55912,,2026-05-07T13:47:10+00:00
TTH_0075,Hải Vân Quan,https://mia.vn/media/uploads/blog-du-lich/hai-van-quan-11-1722500449.jpg,https://mia.vn/media/uploads/blog-du-lich/hai-van-quan-11-1722500449.jpg,MIA.vn,,Cần kiểm tra quyền sử dụng,3,0,data/image_pipeline/downloaded/original/TTH_0075/TTH_0075_03_493c19674db6.jpg,data/image_pipeline/downloaded/optimized/TTH_0075/TTH_0075_03.webp,/images/destinations/TTH_0075/TTH_0075_03.webp,downloaded,200,image/jpeg,800,571,800,571,51662,,2026-05-07T13:47:11+00:00
TTH_0075,Hải Vân Quan,https://commons.wikimedia.org/wiki/Special:FilePath/Hai%20Van%20Quan.jpg,https://commons.wikimedia.org/wiki/Special:FilePath/Hai%20Van%20Quan.jpg,Wikimedia Commons,,Cần kiểm tra quyền sử dụng,4,0,data/image_pipeline/downloaded/original/TTH_0075/TTH_0075_04_168ac9bf1cc2.jpg,data/image_pipeline/downloaded/optimized/TTH_0075/TTH_0075_04.webp,/images/destinations/TTH_0075/TTH_0075_04.webp,downloaded,200,image/jpeg,1800,1200,1280,853,137364,,2026-05-07T13:47:12+00:00
DN_0028,Cầu Rồng,https://mia.vn/media/uploads/blog-du-lich/kinh-nghiem-check-in-cau-rong-da-nang-1-trong-20-cay-cau-an-tuong-nhat-the-gioi-02-1636442674.jpeg,https://mia.vn/media/uploads/blog-du-lich/kinh-nghiem-check-in-cau-rong-da-nang-1-trong-20-cay-cau-an-tuong-nhat-the-gioi-02-1636442674.jpeg,MIA.vn,,Cần kiểm tra quyền sử dụng,1,1,data/image_pipeline/downloaded/original/DN_0028/DN_0028_01_cad848ff1823.jpg,data/image_pipeline/downloaded/optimized/DN_0028/DN_0028_01.webp,/images/destinations/DN_0028/DN_0028_01.webp,downloaded,200,image/jpeg,1024,768,1024,768,128880,,2026-05-07T13:47:15+00:00
DN_0019,Danh thắng Ngũ Hành Sơn,https://mia.vn/media/uploads/blog-du-lich/ngu-hanh-son-1-1692024711.jpg,https://mia.vn/media/uploads/blog-du-lich/ngu-hanh-son-1-1692024711.jpg,MIA.vn,,Cần kiểm tra quyền sử dụng,1,1,data/image_pipeline/downloaded/original/DN_0019/DN_0019_01_05f314a39eb5.jpg,data/image_pipeline/downloaded/optimized/DN_0019/DN_0019_01.webp,/images/destinations/DN_0019/DN_0019_01.webp,downloaded,200,image/jpeg,800,444,800,444,86636,,2026-05-07T13:47:16+00:00
DN_0019,Danh thắng Ngũ Hành Sơn,https://mia.vn/media/uploads/blog-du-lich/thuy-son-1754967455.jpeg,https://mia.vn/media/uploads/blog-du-lich/thuy-son-1754967455.jpeg,MIA.vn,,Cần kiểm tra quyền sử dụng,2,0,data/image_pipeline/downloaded/original/DN_0019/DN_0019_02_bbe8d89f8d21.jpg,data/image_pipeline/downloaded/optimized/DN_0019/DN_0019_02.webp,/images/destinations/DN_0019/DN_0019_02.webp,downloaded,200,image/jpeg,800,449,800,449,62654,,2026-05-07T13:47:17+00:00
DN_0007,Bán đảo Sơn Trà,https://mia.vn/media/uploads/blog-du-lich/ban-dao-son-tra-vien-ngoc-quy-giua-bien-da-nang-1-1636430100.jpg,https://mia.vn/media/uploads/blog-du-lich/ban-dao-son-tra-vien-ngoc-quy-giua-bien-da-nang-1-1636430100.jpg,MIA.vn,,Cần kiểm tra quyền sử dụng,1,1,data/image_pipeline/downloaded/original/DN_0007/DN_0007_01_6163cc8c347a.jpg,data/image_pipeline/downloaded/optimized/DN_0007/DN_0007_01.webp,/images/destinations/DN_0007/DN_0007_01.webp,downloaded,200,image/jpeg,1000,665,1000,665,111744,,2026-05-07T13:47:19+00:00
DN_0007,Bán đảo Sơn Trà,https://mia.vn/media/uploads/blog-du-lich/ban-dao-son-tra-vien-ngoc-quy-giua-bien-da-nang-2-1636430100.jpg,https://mia.vn/media/uploads/blog-du-lich/ban-dao-son-tra-vien-ngoc-quy-giua-bien-da-nang-2-1636430100.jpg,MIA.vn,,Cần kiểm tra quyền sử dụng,2,0,data/image_pipeline/downloaded/original/DN_0007/DN_0007_02_b5b134a5fe96.jpg,data/image_pipeline/downloaded/optimized/DN_0007/DN_0007_02.webp,/images/destinations/DN_0007/DN_0007_02.webp,downloaded,200,image/jpeg,1200,800,1200,800,155072,,2026-05-07T13:47:20+00:00
DN_0007,Bán đảo Sơn Trà,https://mia.vn/media/uploads/blog-du-lich/ban-dao-son-tra-vien-ngoc-quy-giua-bien-da-nang-3-1636430100.jpg,https://mia.vn/media/uploads/blog-du-lich/ban-dao-son-tra-vien-ngoc-quy-giua-bien-da-nang-3-1636430100.jpg,MIA.vn,,Cần kiểm tra quyền sử dụng,3,0,data/image_pipeline/downloaded/original/DN_0007/DN_0007_03_937d3cb19210.jpg,data/image_pipeline/downloaded/optimized/DN_0007/DN_0007_03.webp,/images/destinations/DN_0007/DN_0007_03.webp,downloaded,200,image/jpeg,1280,955,1280,955,270242,,2026-05-07T13:47:22+00:00
DN_0007,Bán đảo Sơn Trà,https://commons.wikimedia.org/wiki/Special:FilePath/Son%20Tra%20Peninsula.jpg,https://commons.wikimedia.org/wiki/Special:FilePath/Son%20Tra%20Peninsula.jpg,Wikimedia Commons,,Cần kiểm tra quyền sử dụng,4,0,data/image_pipeline/downloaded/original/DN_0007/DN_0007_04_3b8366591586.jpg,data/image_pipeline/downloaded/optimized/DN_0007/DN_0007_04.webp,/images/destinations/DN_0007/DN_0007_04.webp,downloaded,200,image/jpeg,4032,3024,1280,960,180282,,2026-05-07T13:47:23+00:00
DN_0001,Bãi biển Mỹ Khê,https://mia.vn/media/uploads/blog-du-lich/bai-bien-my-khe-da-nang-lang-nguoi-ngam-nhin-1-trong-6-bai-bien-dep-nhat-hanh-tinh-01-1636298582.jpeg,https://mia.vn/media/uploads/blog-du-lich/bai-bien-my-khe-da-nang-lang-nguoi-ngam-nhin-1-trong-6-bai-bien-dep-nhat-hanh-tinh-01-1636298582.jpeg,MIA.vn,,Cần kiểm tra quyền sử dụng,1,1,data/image_pipeline/downloaded/original/DN_0001/DN_0001_01_027688c6df45.jpg,data/image_pipeline/downloaded/optimized/DN_0001/DN_0001_01.webp,/images/destinations/DN_0001/DN_0001_01.webp,downloaded,200,image/jpeg,1080,810,1080,810,151448,,2026-05-07T13:47:26+00:00
DN_0001,Bãi biển Mỹ Khê,https://mia.vn/media/uploads/blog-du-lich/bai-bien-my-khe-da-nang-lang-nguoi-ngam-nhin-1-trong-6-bai-bien-dep-nhat-hanh-tinh-02-1636298582.jpeg,https://mia.vn/media/uploads/blog-du-lich/bai-bien-my-khe-da-nang-lang-nguoi-ngam-nhin-1-trong-6-bai-bien-dep-nhat-hanh-tinh-02-1636298582.jpeg,MIA.vn,,Cần kiểm tra quyền sử dụng,2,0,data/image_pipeline/downloaded/original/DN_0001/DN_0001_02_e8e862ad89be.jpg,data/image_pipeline/downloaded/optimized/DN_0001/DN_0001_02.webp,/images/destinations/DN_0001/DN_0001_02.webp,downloaded,200,image/jpeg,1280,672,1280,672,82880,,2026-05-07T13:47:27+00:00
DN_0001,Bãi biển Mỹ Khê,https://mia.vn/media/uploads/blog-du-lich/bai-bien-my-khe-da-nang-lang-nguoi-ngam-nhin-1-trong-6-bai-bien-dep-nhat-hanh-tinh-03-1636298582.jpeg,https://mia.vn/media/uploads/blog-du-lich/bai-bien-my-khe-da-nang-lang-nguoi-ngam-nhin-1-trong-6-bai-bien-dep-nhat-hanh-tinh-03-1636298582.jpeg,MIA.vn,,Cần kiểm tra quyền sử dụng,3,0,data/image_pipeline/downloaded/original/DN_0001/DN_0001_03_c5790ad0157a.jpg,data/image_pipeline/downloaded/optimized/DN_0001/DN_0001_03.webp,/images/destinations/DN_0001/DN_0001_03.webp,downloaded,200,image/jpeg,1500,1125,1280,960,55908,,2026-05-07T13:47:28+00:00
DN_0001,Bãi biển Mỹ Khê,https://commons.wikimedia.org/wiki/Special:FilePath/My%20Khe%20Beach%20Da%20Nang.jpg,https://commons.wikimedia.org/wiki/Special:FilePath/My%20Khe%20Beach%20Da%20Nang.jpg,Wikimedia Commons,,Cần kiểm tra quyền sử dụng,4,0,data/image_pipeline/downloaded/original/DN_0001/DN_0001_04_cddd18a0c2d8.jpg,data/image_pipeline/downloaded/optimized/DN_0001/DN_0001_04.webp,/images/destinations/DN_0001/DN_0001_04.webp,downloaded,200,image/jpeg,3072,2304,1280,960,101012,,2026-05-07T13:47:30+00:00
QNAM_0001,Phố cổ Hội An,https://mia.vn/media/uploads/blog-du-lich/pho-co-hoi-an-di-san-kien-truc-an-tuong-cua-the-gioi-20-1617438211.jpg,https://mia.vn/media/uploads/blog-du-lich/pho-co-hoi-an-di-san-kien-truc-an-tuong-cua-the-gioi-20-1617438211.jpg,MIA.vn,,Cần kiểm tra quyền sử dụng,1,1,data/image_pipeline/downloaded/original/QNAM_0001/QNAM_0001_01_e89dc77e934a.jpg,data/image_pipeline/downloaded/optimized/QNAM_0001/QNAM_0001_01.webp,/images/destinations/QNAM_0001/QNAM_0001_01.webp,downloaded,200,image/jpeg,1080,1329,1080,1329,243342,,2026-05-07T13:47:32+00:00
QNAM_0001,Phố cổ Hội An,https://mia.vn/media/uploads/blog-du-lich/pho-co-hoi-an-di-san-kien-truc-an-tuong-cua-the-gioi-21-1617438211.jpg,https://mia.vn/media/uploads/blog-du-lich/pho-co-hoi-an-di-san-kien-truc-an-tuong-cua-the-gioi-21-1617438211.jpg,MIA.vn,,Cần kiểm tra quyền sử dụng,2,0,data/image_pipeline/downloaded/original/QNAM_0001/QNAM_0001_02_13b51705cfb0.jpg,data/image_pipeline/downloaded/optimized/QNAM_0001/QNAM_0001_02.webp,/images/destinations/QNAM_0001/QNAM_0001_02.webp,downloaded,200,image/jpeg,1024,768,1024,768,151326,,2026-05-07T13:47:34+00:00
QNAM_0001,Phố cổ Hội An,https://commons.wikimedia.org/wiki/Special:FilePath/Hoi%20An%20Ancient%20Town.jpg,https://commons.wikimedia.org/wiki/Special:FilePath/Hoi%20An%20Ancient%20Town.jpg,Wikimedia Commons,,Cần kiểm tra quyền sử dụng,3,0,data/image_pipeline/downloaded/original/QNAM_0001/QNAM_0001_03_65aebb6200d0.jpg,data/image_pipeline/downloaded/optimized/QNAM_0001/QNAM_0001_03.webp,/images/destinations/QNAM_0001/QNAM_0001_03.webp,downloaded,200,image/jpeg,4032,2268,1280,720,255596,,2026-05-07T13:47:35+00:00
QNAM_0002,Chùa Cầu Hội An,https://mia.vn/media/uploads/blog-du-lich/chua-cau-hoi-an-bieu-tuong-kien-truc-pho-hoi-5-1722841903.jpg,https://mia.vn/media/uploads/blog-du-lich/chua-cau-hoi-an-bieu-tuong-kien-truc-pho-hoi-5-1722841903.jpg,MIA.vn,,Cần kiểm tra quyền sử dụng,1,1,data/image_pipeline/downloaded/original/QNAM_0002/QNAM_0002_01_fddc13cfd4af.jpg,data/image_pipeline/downloaded/optimized/QNAM_0002/QNAM_0002_01.webp,/images/destinations/QNAM_0002/QNAM_0002_01.webp,downloaded,200,image/jpeg,800,800,800,800,98414,,2026-05-07T13:47:38+00:00
QNAM_0018,Rừng dừa Bảy Mẫu Cẩm Thanh,https://mia.vn/media/uploads/blog-du-lich/Khu_sinh_thai_rung_dua_Bay_Mau_Hoi_An_Thich_thu_trai_nghiem_mua_thung_tren_song_2-1617958089.jpeg,https://mia.vn/media/uploads/blog-du-lich/Khu_sinh_thai_rung_dua_Bay_Mau_Hoi_An_Thich_thu_trai_nghiem_mua_thung_tren_song_2-1617958089.jpeg,MIA.vn,,Cần kiểm tra quyền sử dụng,1,1,,data/image_pipeline/downloaded/optimized/QNAM_0018/QNAM_0018_01.webp,/images/destinations/QNAM_0018/QNAM_0018_01.webp,exists,,,,,1200,799,247700,,2026-05-07T13:47:39+00:00
QNAM_0027,Cù Lao Chàm,https://mia.vn/media/uploads/blog-du-lich/cu-lao-cham-1-1752832631.jpg,https://mia.vn/media/uploads/blog-du-lich/cu-lao-cham-1-1752832631.jpg,MIA.vn,,Cần kiểm tra quyền sử dụng,1,1,data/image_pipeline/downloaded/original/QNAM_0027/QNAM_0027_01_4846d6225a79.jpg,data/image_pipeline/downloaded/optimized/QNAM_0027/QNAM_0027_01.webp,/images/destinations/QNAM_0027/QNAM_0027_01.webp,downloaded,200,image/jpeg,800,534,800,534,120826,,2026-05-07T13:47:39+00:00
QNAM_0027,Cù Lao Chàm,https://mia.vn/media/uploads/blog-du-lich/cu-lao-cham-2-1752832631.jpg,https://mia.vn/media/uploads/blog-du-lich/cu-lao-cham-2-1752832631.jpg,MIA.vn,,Cần kiểm tra quyền sử dụng,2,0,data/image_pipeline/downloaded/original/QNAM_0027/QNAM_0027_02_4c350f536277.jpg,data/image_pipeline/downloaded/optimized/QNAM_0027/QNAM_0027_02.webp,/images/destinations/QNAM_0027/QNAM_0027_02.webp,downloaded,200,image/jpeg,800,600,800,600,136018,,2026-05-07T13:47:41+00:00
QNAM_0027,Cù Lao Chàm,https://mia.vn/media/uploads/blog-du-lich/cu-lao-cham-3-1752832631.jpg,https://mia.vn/media/uploads/blog-du-lich/cu-lao-cham-3-1752832631.jpg,MIA.vn,,Cần kiểm tra quyền sử dụng,3,0,data/image_pipeline/downloaded/original/QNAM_0027/QNAM_0027_03_e9a96a66e357.jpg,data/image_pipeline/downloaded/optimized/QNAM_0027/QNAM_0027_03.webp,/images/destinations/QNAM_0027/QNAM_0027_03.webp,downloaded,200,image/jpeg,800,600,800,600,153272,,2026-05-07T13:47:42+00:00
QNAM_0035,Thánh địa Mỹ Sơn,https://mia.vn/media/uploads/blog-du-lich/ve-voi-thoi-dai-phon-vinh-cua-vuong-trieu-champa-co-dai-noi-thanh-dia-my-son-huyen-bi-5-1621253547.jpg,https://mia.vn/media/uploads/blog-du-lich/ve-voi-thoi-dai-phon-vinh-cua-vuong-trieu-champa-co-dai-noi-thanh-dia-my-son-huyen-bi-5-1621253547.jpg,MIA.vn,,Cần kiểm tra quyền sử dụng,1,1,data/image_pipeline/downloaded/original/QNAM_0035/QNAM_0035_01_e5dc977b3ad1.jpg,data/image_pipeline/downloaded/optimized/QNAM_0035/QNAM_0035_01.webp,/images/destinations/QNAM_0035/QNAM_0035_01.webp,downloaded,200,image/jpeg,1200,799,1200,799,201788,,2026-05-07T13:47:43+00:00
QNG_0001,Đảo Lý Sơn,https://mia.vn/media/uploads/blog-du-lich/dao-ly-son-05-1696462540.jpg,https://mia.vn/media/uploads/blog-du-lich/dao-ly-son-05-1696462540.jpg,MIA.vn,,Cần kiểm tra quyền sử dụng,1,1,data/image_pipeline/downloaded/original/QNG_0001/QNG_0001_01_8e27ffac9f7e.jpg,data/image_pipeline/downloaded/optimized/QNG_0001/QNG_0001_01.webp,/images/destinations/QNG_0001/QNG_0001_01.webp,downloaded,200,image/jpeg,800,600,800,600,132792,,2026-05-07T13:47:45+00:00
BDI_0001,Kỳ Co,https://mia.vn/media/uploads/blog-du-lich/ky-co-quy-nhon-vi-tri-1721960302.jpg,https://mia.vn/media/uploads/blog-du-lich/ky-co-quy-nhon-vi-tri-1721960302.jpg,MIA.vn,,Cần kiểm tra quyền sử dụng,1,1,,data/image_pipeline/downloaded/optimized/BDI_0001/BDI_0001_01.webp,/images/destinations/BDI_0001/BDI_0001_01.webp,exists,,,,,1000,562,73080,,2026-05-07T13:47:46+00:00
BDI_0001,Kỳ Co,https://mia.vn/media/uploads/blog-du-lich/ky-co-quy-nhon-tam-bien-1721960302.jpg,https://mia.vn/media/uploads/blog-du-lich/ky-co-quy-nhon-tam-bien-1721960302.jpg,MIA.vn,,Cần kiểm tra quyền sử dụng,2,0,,data/image_pipeline/downloaded/optimized/BDI_0001/BDI_0001_02.webp,/images/destinations/BDI_0001/BDI_0001_02.webp,exists,,,,,801,600,64380,,2026-05-07T13:47:46+00:00
BDI_0002,Eo Gió,https://mia.vn/media/uploads/blog-du-lich/hanh-trinh-chinh-phuc-eo-gio-quy-nhon-hung-vi-hoang-so-giua-dat-troi-mien-trung-3-1679107673.jpg,https://mia.vn/media/uploads/blog-du-lich/hanh-trinh-chinh-phuc-eo-gio-quy-nhon-hung-vi-hoang-so-giua-dat-troi-mien-trung-3-1679107673.jpg,MIA.vn,,Cần kiểm tra quyền sử dụng,1,1,,data/image_pipeline/downloaded/optimized/BDI_0002/BDI_0002_01.webp,/images/destinations/BDI_0002/BDI_0002_01.webp,exists,,,,,800,600,63460,,2026-05-07T13:47:46+00:00
BDI_0002,Eo Gió,https://mia.vn/media/uploads/blog-du-lich/hanh-trinh-chinh-phuc-eo-gio-quy-nhon-hung-vi-hoang-so-giua-dat-troi-mien-trung-4-1679107673.jpg,https://mia.vn/media/uploads/blog-du-lich/hanh-trinh-chinh-phuc-eo-gio-quy-nhon-hung-vi-hoang-so-giua-dat-troi-mien-trung-4-1679107673.jpg,MIA.vn,,Cần kiểm tra quyền sử dụng,2,0,data/image_pipeline/downloaded/original/BDI_0002/BDI_0002_02_f1330f9ae05a.jpg,data/image_pipeline/downloaded/optimized/BDI_0002/BDI_0002_02.webp,/images/destinations/BDI_0002/BDI_0002_02.webp,downloaded,200,image/jpeg,800,800,800,800,108392,,2026-05-07T13:47:46+00:00
BDI_0002,Eo Gió,https://mia.vn/media/uploads/blog-du-lich/hanh-trinh-chinh-phuc-eo-gio-quy-nhon-hung-vi-hoang-so-giua-dat-troi-mien-trung-5-1679107673.jpg,https://mia.vn/media/uploads/blog-du-lich/hanh-trinh-chinh-phuc-eo-gio-quy-nhon-hung-vi-hoang-so-giua-dat-troi-mien-trung-5-1679107673.jpg,MIA.vn,,Cần kiểm tra quyền sử dụng,3,0,data/image_pipeline/downloaded/original/BDI_0002/BDI_0002_03_c1f2bb5efaac.jpg,data/image_pipeline/downloaded/optimized/BDI_0002/BDI_0002_03.webp,/images/destinations/BDI_0002/BDI_0002_03.webp,downloaded,200,image/jpeg,800,800,800,800,103116,,2026-05-07T13:47:48+00:00
PY_0001,Gành Đá Đĩa,https://mia.vn/media/uploads/blog-du-lich/ganh-da-dia-1-1753241720.jpg,https://mia.vn/media/uploads/blog-du-lich/ganh-da-dia-1-1753241720.jpg,MIA.vn,,Cần kiểm tra quyền sử dụng,1,1,data/image_pipeline/downloaded/original/PY_0001/PY_0001_01_95694e3fec85.jpg,data/image_pipeline/downloaded/optimized/PY_0001/PY_0001_01.webp,/images/destinations/PY_0001/PY_0001_01.webp,downloaded,200,image/jpeg,800,460,800,460,89498,,2026-05-07T13:47:49+00:00
PY_0001,Gành Đá Đĩa,https://mia.vn/media/uploads/blog-du-lich/review-ghenh-da-dia-phu-yen-va-nhung-trai-nghiem-thu-vi-7-1639621722.jpg,https://mia.vn/media/uploads/blog-du-lich/review-ghenh-da-dia-phu-yen-va-nhung-trai-nghiem-thu-vi-7-1639621722.jpg,MIA.vn,,Cần kiểm tra quyền sử dụng,2,0,data/image_pipeline/downloaded/original/PY_0001/PY_0001_02_9e3e7653e6df.jpg,data/image_pipeline/downloaded/optimized/PY_0001/PY_0001_02.webp,/images/destinations/PY_0001/PY_0001_02.webp,downloaded,200,image/jpeg,1200,799,1200,799,223108,,2026-05-07T13:47:50+00:00
PY_0011,Mũi Điện,https://mia.vn/media/uploads/blog-du-lich/Mui-Dien-Phu-Yen-Noi-binh-minh-dau-tien-xuat-hien-o-Viet-Nam-02-1637663941.jpg,https://mia.vn/media/uploads/blog-du-lich/Mui-Dien-Phu-Yen-Noi-binh-minh-dau-tien-xuat-hien-o-Viet-Nam-02-1637663941.jpg,MIA.vn,,Cần kiểm tra quyền sử dụng,1,1,data/image_pipeline/downloaded/original/PY_0011/PY_0011_01_95412afc5208.jpg,data/image_pipeline/downloaded/optimized/PY_0011/PY_0011_01.webp,/images/destinations/PY_0011/PY_0011_01.webp,downloaded,200,image/jpeg,1080,849,1080,849,216208,,2026-05-07T13:47:52+00:00
PY_0011,Mũi Điện,https://mia.vn/media/uploads/blog-du-lich/Mui-Dien-Phu-Yen-Noi-binh-minh-dau-tien-xuat-hien-o-Viet-Nam-03-1637663941.jpg,https://mia.vn/media/uploads/blog-du-lich/Mui-Dien-Phu-Yen-Noi-binh-minh-dau-tien-xuat-hien-o-Viet-Nam-03-1637663941.jpg,MIA.vn,,Cần kiểm tra quyền sử dụng,2,0,data/image_pipeline/downloaded/original/PY_0011/PY_0011_02_a83d406fdd07.jpg,data/image_pipeline/downloaded/optimized/PY_0011/PY_0011_02.webp,/images/destinations/PY_0011/PY_0011_02.webp,downloaded,200,image/jpeg,1200,800,1200,800,242892,,2026-05-07T13:47:53+00:00
PY_0011,Mũi Điện,https://mia.vn/media/uploads/blog-du-lich/Mui-Dien-Phu-Yen-Noi-binh-minh-dau-tien-xuat-hien-o-Viet-Nam-04-1637663941.jpg,https://mia.vn/media/uploads/blog-du-lich/Mui-Dien-Phu-Yen-Noi-binh-minh-dau-tien-xuat-hien-o-Viet-Nam-04-1637663941.jpg,MIA.vn,,Cần kiểm tra quyền sử dụng,3,0,data/image_pipeline/downloaded/original/PY_0011/PY_0011_03_deed1e504284.jpg,data/image_pipeline/downloaded/optimized/PY_0011/PY_0011_03.webp,/images/destinations/PY_0011/PY_0011_03.webp,downloaded,200,image/jpeg,1200,900,1200,900,263796,,2026-05-07T13:47:55+00:00
KH_0001,Biển Nha Trang,https://mia.vn/media/uploads/blog-du-lich/bien-nha-trang-tran-phu-1751082762.jpg,https://mia.vn/media/uploads/blog-du-lich/bien-nha-trang-tran-phu-1751082762.jpg,MIA.vn,,Cần kiểm tra quyền sử dụng,1,1,data/image_pipeline/downloaded/original/KH_0001/KH_0001_01_77e80cc1f33f.jpg,data/image_pipeline/downloaded/optimized/KH_0001/KH_0001_01.webp,/images/destinations/KH_0001/KH_0001_01.webp,downloaded,200,image/jpeg,800,532,800,532,35434,,2026-05-07T13:47:56+00:00
KH_0022,VinWonders Nha Trang,https://mia.vn/media/uploads/blog-du-lich/vinwonders-nha-trang-1-1765526571.jpg,https://mia.vn/media/uploads/blog-du-lich/vinwonders-nha-trang-1-1765526571.jpg,MIA.vn,,Cần kiểm tra quyền sử dụng,1,1,data/image_pipeline/downloaded/original/KH_0022/KH_0022_01_f21cc6c09353.jpg,data/image_pipeline/downloaded/optimized/KH_0022/KH_0022_01.webp,/images/destinations/KH_0022/KH_0022_01.webp,downloaded,200,image/jpeg,800,533,800,533,60108,,2026-05-07T13:47:58+00:00
KH_0022,VinWonders Nha Trang,https://mia.vn/media/uploads/blog-du-lich/vinwonders-nha-trang-2-1765526571.jpg,https://mia.vn/media/uploads/blog-du-lich/vinwonders-nha-trang-2-1765526571.jpg,MIA.vn,,Cần kiểm tra quyền sử dụng,2,0,data/image_pipeline/downloaded/original/KH_0022/KH_0022_02_f444ff78f55f.jpg,data/image_pipeline/downloaded/optimized/KH_0022/KH_0022_02.webp,/images/destinations/KH_0022/KH_0022_02.webp,downloaded,200,image/jpeg,800,534,800,534,71376,,2026-05-07T13:47:59+00:00
KH_0022,VinWonders Nha Trang,https://mia.vn/media/uploads/blog-du-lich/vinwonders-nha-trang-3-1765526571.jpg,https://mia.vn/media/uploads/blog-du-lich/vinwonders-nha-trang-3-1765526571.jpg,MIA.vn,,Cần kiểm tra quyền sử dụng,3,0,data/image_pipeline/downloaded/original/KH_0022/KH_0022_03_2826c19c3f34.jpg,data/image_pipeline/downloaded/optimized/KH_0022/KH_0022_03.webp,/images/destinations/KH_0022/KH_0022_03.webp,downloaded,200,image/jpeg,800,533,800,533,86978,,2026-05-07T13:48:00+00:00
KH_0042,Dốc Lết,https://mia.vn/media/uploads/blog-du-lich/doc-let-nha-trang-bai-bien-xinh-dep-nam-gan-cuc-dong-to-quoc-4-1622994621.jpg,https://mia.vn/media/uploads/blog-du-lich/doc-let-nha-trang-bai-bien-xinh-dep-nam-gan-cuc-dong-to-quoc-4-1622994621.jpg,MIA.vn,,Cần kiểm tra quyền sử dụng,1,1,data/image_pipeline/downloaded/original/KH_0042/KH_0042_01_423ca1a97b00.jpg,data/image_pipeline/downloaded/optimized/KH_0042/KH_0042_01.webp,/images/destinations/KH_0042/KH_0042_01.webp,downloaded,200,image/jpeg,1080,817,1080,817,73140,,2026-05-07T13:48:02+00:00
KH_0042,Dốc Lết,https://mia.vn/media/uploads/blog-du-lich/doc-let-nha-trang-bai-bien-xinh-dep-nam-gan-cuc-dong-to-quoc-5-1622994621.jpg,https://mia.vn/media/uploads/blog-du-lich/doc-let-nha-trang-bai-bien-xinh-dep-nam-gan-cuc-dong-to-quoc-5-1622994621.jpg,MIA.vn,,Cần kiểm tra quyền sử dụng,2,0,data/image_pipeline/downloaded/original/KH_0042/KH_0042_02_eec42ef049aa.jpg,data/image_pipeline/downloaded/optimized/KH_0042/KH_0042_02.webp,/images/destinations/KH_0042/KH_0042_02.webp,downloaded,200,image/jpeg,1922,836,1280,556,123718,,2026-05-07T13:48:03+00:00
KH_0042,Dốc Lết,https://commons.wikimedia.org/wiki/Special:FilePath/Doc%20Let%20Beach.jpg,https://commons.wikimedia.org/wiki/Special:FilePath/Doc%20Let%20Beach.jpg,Wikimedia Commons,,Cần kiểm tra quyền sử dụng,3,0,data/image_pipeline/downloaded/original/KH_0042/KH_0042_03_91c2b8859217.jpg,data/image_pipeline/downloaded/optimized/KH_0042/KH_0042_03.webp,/images/destinations/KH_0042/KH_0042_03.webp,downloaded,200,image/jpeg,1408,1056,1280,960,158922,,2026-05-07T13:48:04+00:00
KH_0061,Bình Ba,https://mia.vn/media/uploads/blog-du-lich/dao-binh-ba-tr-tren-cao-1697413493.jpg,https://mia.vn/media/uploads/blog-du-lich/dao-binh-ba-tr-tren-cao-1697413493.jpg,MIA.vn,,Cần kiểm tra quyền sử dụng,1,1,data/image_pipeline/downloaded/original/KH_0061/KH_0061_01_c759a7dd9187.jpg,data/image_pipeline/downloaded/optimized/KH_0061/KH_0061_01.webp,/images/destinations/KH_0061/KH_0061_01.webp,downloaded,200,image/jpeg,800,571,800,571,79758,,2026-05-07T13:48:07+00:00
KH_0061,Bình Ba,https://mia.vn/media/uploads/blog-du-lich/dao-binh-ba-bai-nom-1697413466.jpg,https://mia.vn/media/uploads/blog-du-lich/dao-binh-ba-bai-nom-1697413466.jpg,MIA.vn,,Cần kiểm tra quyền sử dụng,2,0,data/image_pipeline/downloaded/original/KH_0061/KH_0061_02_0a80d05dbc1f.jpg,data/image_pipeline/downloaded/optimized/KH_0061/KH_0061_02.webp,/images/destinations/KH_0061/KH_0061_02.webp,downloaded,200,image/jpeg,800,534,800,534,51644,,2026-05-07T13:48:08+00:00
KH_0061,Bình Ba,https://mia.vn/media/uploads/blog-du-lich/du-lich-cam-ranh-04-1695925998.jpg,https://mia.vn/media/uploads/blog-du-lich/du-lich-cam-ranh-04-1695925998.jpg,MIA.vn,,Cần kiểm tra quyền sử dụng,3,0,data/image_pipeline/downloaded/original/KH_0061/KH_0061_03_0ef129d8c149.jpg,data/image_pipeline/downloaded/optimized/KH_0061/KH_0061_03.webp,/images/destinations/KH_0061/KH_0061_03.webp,downloaded,200,image/jpeg,800,600,800,600,66152,,2026-05-07T13:48:09+00:00
KH_0066,Bình Hưng,https://mia.vn/media/uploads/blog-du-lich/dao-binh-hung-nha-trang-1718425951.jpg,https://mia.vn/media/uploads/blog-du-lich/dao-binh-hung-nha-trang-1718425951.jpg,MIA.vn,,Cần kiểm tra quyền sử dụng,1,1,data/image_pipeline/downloaded/original/KH_0066/KH_0066_01_2687eed4cff1.jpg,data/image_pipeline/downloaded/optimized/KH_0066/KH_0066_01.webp,/images/destinations/KH_0066/KH_0066_01.webp,downloaded,200,image/jpeg,800,380,800,380,36082,,2026-05-07T13:48:11+00:00
KH_0066,Bình Hưng,https://mia.vn/media/uploads/blog-du-lich/du-lich-cam-ranh-27-1696227077.jpg,https://mia.vn/media/uploads/blog-du-lich/du-lich-cam-ranh-27-1696227077.jpg,MIA.vn,,Cần kiểm tra quyền sử dụng,2,0,data/image_pipeline/downloaded/original/KH_0066/KH_0066_02_6a149c001172.jpg,data/image_pipeline/downloaded/optimized/KH_0066/KH_0066_02.webp,/images/destinations/KH_0066/KH_0066_02.webp,downloaded,200,image/jpeg,800,600,800,600,92820,,2026-05-07T13:48:12+00:00
KH_0066,Bình Hưng,https://mia.vn/media/uploads/blog-du-lich/du-lich-cam-ranh-26-1696227077.jpg,https://mia.vn/media/uploads/blog-du-lich/du-lich-cam-ranh-26-1696227077.jpg,MIA.vn,,Cần kiểm tra quyền sử dụng,3,0,data/image_pipeline/downloaded/original/KH_0066/KH_0066_03_fd081b76f496.jpg,data/image_pipeline/downloaded/optimized/KH_0066/KH_0066_03.webp,/images/destinations/KH_0066/KH_0066_03.webp,downloaded,200,image/jpeg,800,600,800,600,50610,,2026-05-07T13:48:13+00:00
LD_0011,Chùa Linh Sơn Đà Lạt,https://mia.vn/media/uploads/blog-du-lich/Chua-linh-son-vieng-tham-chon-thien-dinh-lau-doi-o-da-lat-02-1634626263.jpg,https://mia.vn/media/uploads/blog-du-lich/Chua-linh-son-vieng-tham-chon-thien-dinh-lau-doi-o-da-lat-02-1634626263.jpg,MIA.vn,,Cần kiểm tra quyền sử dụng,1,1,data/image_pipeline/downloaded/original/LD_0011/LD_0011_01_af83c1a14ea9.jpg,data/image_pipeline/downloaded/optimized/LD_0011/LD_0011_01.webp,/images/destinations/LD_0011/LD_0011_01.webp,downloaded,200,image/jpeg,960,640,960,640,131804,,2026-05-07T13:48:15+00:00
LD_0011,Chùa Linh Sơn Đà Lạt,https://mia.vn/media/uploads/blog-du-lich/Chua-linh-son-vieng-tham-chon-thien-dinh-lau-doi-o-da-lat-03-1634626263.jpg,https://mia.vn/media/uploads/blog-du-lich/Chua-linh-son-vieng-tham-chon-thien-dinh-lau-doi-o-da-lat-03-1634626263.jpg,MIA.vn,,Cần kiểm tra quyền sử dụng,2,0,data/image_pipeline/downloaded/original/LD_0011/LD_0011_02_2ea40a02ed8e.jpg,data/image_pipeline/downloaded/optimized/LD_0011/LD_0011_02.webp,/images/destinations/LD_0011/LD_0011_02.webp,downloaded,200,image/jpeg,960,540,960,540,86382,,2026-05-07T13:48:16+00:00
LD_0001,Hồ Xuân Hương,https://mia.vn/media/uploads/blog-du-lich/ho-xuan-huong-diem-den-chua-bao-gio-cu-cua-thanh-pho-mong-mo-10-1634531142.jpg,https://mia.vn/media/uploads/blog-du-lich/ho-xuan-huong-diem-den-chua-bao-gio-cu-cua-thanh-pho-mong-mo-10-1634531142.jpg,MIA.vn,,Cần kiểm tra quyền sử dụng,1,1,data/image_pipeline/downloaded/original/LD_0001/LD_0001_01_1d657026f667.jpg,data/image_pipeline/downloaded/optimized/LD_0001/LD_0001_01.webp,/images/destinations/LD_0001/LD_0001_01.webp,downloaded,200,image/jpeg,1366,768,1280,719,168424,,2026-05-07T13:48:17+00:00
LD_0001,Hồ Xuân Hương,https://mia.vn/media/uploads/blog-du-lich/ho-xuan-huong-diem-den-chua-bao-gio-cu-cua-thanh-pho-mong-mo-11-1634531143.jpg,https://mia.vn/media/uploads/blog-du-lich/ho-xuan-huong-diem-den-chua-bao-gio-cu-cua-thanh-pho-mong-mo-11-1634531143.jpg,MIA.vn,,Cần kiểm tra quyền sử dụng,2,0,data/image_pipeline/downloaded/original/LD_0001/LD_0001_02_643c41374070.jpg,data/image_pipeline/downloaded/optimized/LD_0001/LD_0001_02.webp,/images/destinations/LD_0001/LD_0001_02.webp,downloaded,200,image/jpeg,1024,677,1024,677,141610,,2026-05-07T13:48:19+00:00
LD_0019,Thung lũng Tình Yêu,https://mia.vn/media/uploads/blog-du-lich/chia-se-tron-bo-kinh-nghiem-tham-quan-thung-lung-tinh-yeu-da-lat-01-1635560452.png,https://mia.vn/media/uploads/blog-du-lich/chia-se-tron-bo-kinh-nghiem-tham-quan-thung-lung-tinh-yeu-da-lat-01-1635560452.png,MIA.vn,,Cần kiểm tra quyền sử dụng,1,1,data/image_pipeline/downloaded/original/LD_0019/LD_0019_01_d6ece2892fc4.png,data/image_pipeline/downloaded/optimized/LD_0019/LD_0019_01.webp,/images/destinations/LD_0019/LD_0019_01.webp,downloaded,200,image/png,1200,676,1200,676,269738,,2026-05-07T13:48:20+00:00
LD_0019,Thung lũng Tình Yêu,https://mia.vn/media/uploads/blog-du-lich/chia-se-tron-bo-kinh-nghiem-tham-quan-thung-lung-tinh-yeu-da-lat-02-1635560455.png,https://mia.vn/media/uploads/blog-du-lich/chia-se-tron-bo-kinh-nghiem-tham-quan-thung-lung-tinh-yeu-da-lat-02-1635560455.png,MIA.vn,,Cần kiểm tra quyền sử dụng,2,0,data/image_pipeline/downloaded/original/LD_0019/LD_0019_02_a8d8ca11d28a.png,data/image_pipeline/downloaded/optimized/LD_0019/LD_0019_02.webp,/images/destinations/LD_0019/LD_0019_02.webp,downloaded,200,image/png,1200,800,1200,800,394228,,2026-05-07T13:48:22+00:00
LD_0029,Núi Langbiang,https://mia.vn/media/uploads/blog-du-lich/kham-pha-dinh-langbiang-noc-nha-cua-da-lat-4-1634525380.jpg,https://mia.vn/media/uploads/blog-du-lich/kham-pha-dinh-langbiang-noc-nha-cua-da-lat-4-1634525380.jpg,MIA.vn,,Cần kiểm tra quyền sử dụng,1,1,data/image_pipeline/downloaded/original/LD_0029/LD_0029_01_574c169eea78.jpg,data/image_pipeline/downloaded/optimized/LD_0029/LD_0029_01.webp,/images/destinations/LD_0029/LD_0029_01.webp,downloaded,200,image/jpeg,1200,798,1200,798,254366,,2026-05-07T13:48:23+00:00
LD_0029,Núi Langbiang,https://mia.vn/media/uploads/blog-du-lich/kham-pha-dinh-langbiang-noc-nha-cua-da-lat-6-1634525380.jpg,https://mia.vn/media/uploads/blog-du-lich/kham-pha-dinh-langbiang-noc-nha-cua-da-lat-6-1634525380.jpg,MIA.vn,,Cần kiểm tra quyền sử dụng,2,0,data/image_pipeline/downloaded/original/LD_0029/LD_0029_02_cade25af95e2.jpg,data/image_pipeline/downloaded/optimized/LD_0029/LD_0029_02.webp,/images/destinations/LD_0029/LD_0029_02.webp,downloaded,200,image/jpeg,1080,810,1080,810,185946,,2026-05-07T13:48:25+00:00
BRVT_0009,Bạch Dinh,https://mia.vn/media/uploads/blog-du-lich/Bach-Dinh-Vung-Tau-Bieu-tuong-lich-su-va-nhung-ly-do-khien-gioi-tre-da-den-Vung-Tau-deu-khong-the-bo-qua-05-1634252479.jpg,https://mia.vn/media/uploads/blog-du-lich/Bach-Dinh-Vung-Tau-Bieu-tuong-lich-su-va-nhung-ly-do-khien-gioi-tre-da-den-Vung-Tau-deu-khong-the-bo-qua-05-1634252479.jpg,MIA.vn,,Cần kiểm tra quyền sử dụng,1,1,data/image_pipeline/downloaded/original/BRVT_0009/BRVT_0009_01_2dc1b8ec2fa6.jpg,data/image_pipeline/downloaded/optimized/BRVT_0009/BRVT_0009_01.webp,/images/destinations/BRVT_0009/BRVT_0009_01.webp,downloaded,200,image/jpeg,1200,627,1200,627,282978,,2026-05-07T13:48:26+00:00
BRVT_0009,Bạch Dinh,https://mia.vn/media/uploads/blog-du-lich/Bach-Dinh-Vung-Tau-Bieu-tuong-lich-su-va-nhung-ly-do-khien-gioi-tre-da-den-Vung-Tau-deu-khong-the-bo-qua-06-1633543227.jpg,https://mia.vn/media/uploads/blog-du-lich/Bach-Dinh-Vung-Tau-Bieu-tuong-lich-su-va-nhung-ly-do-khien-gioi-tre-da-den-Vung-Tau-deu-khong-the-bo-qua-06-1633543227.jpg,MIA.vn,,Cần kiểm tra quyền sử dụng,2,0,data/image_pipeline/downloaded/original/BRVT_0009/BRVT_0009_02_3512a2b3c9ef.jpg,data/image_pipeline/downloaded/optimized/BRVT_0009/BRVT_0009_02.webp,/images/destinations/BRVT_0009/BRVT_0009_02.webp,downloaded,200,image/jpeg,1080,1080,1080,1080,467866,,2026-05-07T13:48:28+00:00
BRVT_0044,Hồ Tràm,https://mia.vn/media/uploads/blog-du-lich/bien-ho-tram-vung-tau-dep-1700392706.jpg,https://mia.vn/media/uploads/blog-du-lich/bien-ho-tram-vung-tau-dep-1700392706.jpg,MIA.vn,,Cần kiểm tra quyền sử dụng,1,1,data/image_pipeline/downloaded/original/BRVT_0044/BRVT_0044_01_05c451f75bb3.jpg,data/image_pipeline/downloaded/optimized/BRVT_0044/BRVT_0044_01.webp,/images/destinations/BRVT_0044/BRVT_0044_01.webp,downloaded,200,image/jpeg,800,701,800,701,115960,,2026-05-07T13:48:29+00:00
BRVT_0068,Côn Đảo,https://mia.vn/media/uploads/blog-du-lich/con-dao-dep-1698597625.jpg,https://mia.vn/media/uploads/blog-du-lich/con-dao-dep-1698597625.jpg,MIA.vn,,Cần kiểm tra quyền sử dụng,1,1,data/image_pipeline/downloaded/original/BRVT_0068/BRVT_0068_01_9d5f1f27e81d.jpg,data/image_pipeline/downloaded/optimized/BRVT_0068/BRVT_0068_01.webp,/images/destinations/BRVT_0068/BRVT_0068_01.webp,downloaded,200,image/jpeg,800,533,800,533,153938,,2026-05-07T13:48:31+00:00
HCM_0001,Dinh Độc Lập,https://mia.vn/media/uploads/blog-du-lich/dinh-doc-lap-8-1742358395.jpg,https://mia.vn/media/uploads/blog-du-lich/dinh-doc-lap-8-1742358395.jpg,MIA.vn,,Cần kiểm tra quyền sử dụng,1,1,data/image_pipeline/downloaded/original/HCM_0001/HCM_0001_01_bbc9d6aa5646.jpg,data/image_pipeline/downloaded/optimized/HCM_0001/HCM_0001_01.webp,/images/destinations/HCM_0001/HCM_0001_01.webp,downloaded,200,image/jpeg,800,1200,800,1200,152510,,2026-05-07T13:48:32+00:00
HCM_0001,Dinh Độc Lập,https://mia.vn/media/uploads/blog-du-lich/dinh-doc-lap-4-1736310179.jpg,https://mia.vn/media/uploads/blog-du-lich/dinh-doc-lap-4-1736310179.jpg,MIA.vn,,Cần kiểm tra quyền sử dụng,2,0,data/image_pipeline/downloaded/original/HCM_0001/HCM_0001_02_6ac4a7c9de82.jpg,data/image_pipeline/downloaded/optimized/HCM_0001/HCM_0001_02.webp,/images/destinations/HCM_0001/HCM_0001_02.webp,downloaded,200,image/jpeg,800,533,800,533,39004,,2026-05-07T13:48:34+00:00
HCM_0001,Dinh Độc Lập,https://mia.vn/media/uploads/blog-du-lich/dinh-doc-lap-7-1736310179.jpg,https://mia.vn/media/uploads/blog-du-lich/dinh-doc-lap-7-1736310179.jpg,MIA.vn,,Cần kiểm tra quyền sử dụng,3,0,data/image_pipeline/downloaded/original/HCM_0001/HCM_0001_03_6ccd77a1733f.jpg,data/image_pipeline/downloaded/optimized/HCM_0001/HCM_0001_03.webp,/images/destinations/HCM_0001/HCM_0001_03.webp,downloaded,200,image/jpeg,800,512,800,512,77746,,2026-05-07T13:48:35+00:00
HCM_0002,Nhà thờ Đức Bà Sài Gòn,https://mia.vn/media/uploads/blog-du-lich/nha-tho-duc-ba-sai-gon-ruc-ro-1692570394.jpg,https://mia.vn/media/uploads/blog-du-lich/nha-tho-duc-ba-sai-gon-ruc-ro-1692570394.jpg,MIA.vn,,Cần kiểm tra quyền sử dụng,1,1,data/image_pipeline/downloaded/original/HCM_0002/HCM_0002_01_c34776d2771f.jpg,data/image_pipeline/downloaded/optimized/HCM_0002/HCM_0002_01.webp,/images/destinations/HCM_0002/HCM_0002_01.webp,downloaded,200,image/jpeg,800,701,800,701,150510,,2026-05-07T13:48:36+00:00
HCM_0002,Nhà thờ Đức Bà Sài Gòn,https://mia.vn/media/uploads/blog-du-lich/nha-tho-duc-ba-sai-gon-moi-xay-dung-1692570394.jpg,https://mia.vn/media/uploads/blog-du-lich/nha-tho-duc-ba-sai-gon-moi-xay-dung-1692570394.jpg,MIA.vn,,Cần kiểm tra quyền sử dụng,2,0,data/image_pipeline/downloaded/original/HCM_0002/HCM_0002_02_09c6dc9295b7.jpg,data/image_pipeline/downloaded/optimized/HCM_0002/HCM_0002_02.webp,/images/destinations/HCM_0002/HCM_0002_02.webp,downloaded,200,image/jpeg,800,569,800,569,116806,,2026-05-07T13:48:38+00:00
HCM_0003,Bưu điện Trung tâm Sài Gòn,https://mia.vn/media/uploads/blog-du-lich/buu-dien-thanh-pho-mat-tien-1692315362.jpg,https://mia.vn/media/uploads/blog-du-lich/buu-dien-thanh-pho-mat-tien-1692315362.jpg,MIA.vn,,Cần kiểm tra quyền sử dụng,1,1,data/image_pipeline/downloaded/original/HCM_0003/HCM_0003_01_95e0087ad511.jpg,data/image_pipeline/downloaded/optimized/HCM_0003/HCM_0003_01.webp,/images/destinations/HCM_0003/HCM_0003_01.webp,downloaded,200,image/jpeg,800,569,800,569,164212,,2026-05-07T13:48:39+00:00
HCM_0003,Bưu điện Trung tâm Sài Gòn,https://mia.vn/media/uploads/blog-du-lich/buu-dien-thanh-pho-ban-dem-1692393906.jpg,https://mia.vn/media/uploads/blog-du-lich/buu-dien-thanh-pho-ban-dem-1692393906.jpg,MIA.vn,,Cần kiểm tra quyền sử dụng,2,0,data/image_pipeline/downloaded/original/HCM_0003/HCM_0003_02_6f33fbc23483.jpg,data/image_pipeline/downloaded/optimized/HCM_0003/HCM_0003_02.webp,/images/destinations/HCM_0003/HCM_0003_02.webp,downloaded,200,image/jpeg,800,510,800,510,105042,,2026-05-07T13:48:40+00:00
HCM_0003,Bưu điện Trung tâm Sài Gòn,https://commons.wikimedia.org/wiki/Special:FilePath/Saigon%20Central%20Post%20Office.jpg,https://commons.wikimedia.org/wiki/Special:FilePath/Saigon%20Central%20Post%20Office.jpg,Wikimedia Commons,,Cần kiểm tra quyền sử dụng,3,0,data/image_pipeline/downloaded/original/HCM_0003/HCM_0003_03_4bb9b20ae23b.jpg,data/image_pipeline/downloaded/optimized/HCM_0003/HCM_0003_03.webp,/images/destinations/HCM_0003/HCM_0003_03.webp,downloaded,200,image/jpeg,4553,3035,1280,853,201856,,2026-05-07T13:48:42+00:00
HCM_0005,Chợ Bến Thành,https://mia.vn/media/uploads/blog-du-lich/cho-ben-thanh-1742355724.jpg,https://mia.vn/media/uploads/blog-du-lich/cho-ben-thanh-1742355724.jpg,MIA.vn,,Cần kiểm tra quyền sử dụng,1,1,data/image_pipeline/downloaded/original/HCM_0005/HCM_0005_01_af7c484811e4.jpg,data/image_pipeline/downloaded/optimized/HCM_0005/HCM_0005_01.webp,/images/destinations/HCM_0005/HCM_0005_01.webp,downloaded,200,image/jpeg,800,449,800,449,42066,,2026-05-07T13:48:44+00:00
HCM_0005,Chợ Bến Thành,https://mia.vn/media/uploads/blog-du-lich/cho-ben-thanh-tet-2-1770623625.jpg,https://mia.vn/media/uploads/blog-du-lich/cho-ben-thanh-tet-2-1770623625.jpg,MIA.vn,,Cần kiểm tra quyền sử dụng,2,0,data/image_pipeline/downloaded/original/HCM_0005/HCM_0005_02_2036ece6de78.jpg,data/image_pipeline/downloaded/optimized/HCM_0005/HCM_0005_02.webp,/images/destinations/HCM_0005/HCM_0005_02.webp,downloaded,200,image/jpeg,800,469,800,469,109618,,2026-05-07T13:48:46+00:00
HCM_0005,Chợ Bến Thành,https://commons.wikimedia.org/wiki/Special:FilePath/Ben%20Thanh%20Market%20Ho%20Chi%20Minh%20City.jpg,https://commons.wikimedia.org/wiki/Special:FilePath/Ben%20Thanh%20Market%20Ho%20Chi%20Minh%20City.jpg,Wikimedia Commons,,Cần kiểm tra quyền sử dụng,3,0,data/image_pipeline/downloaded/original/HCM_0005/HCM_0005_03_3cf5e0a18ef8.jpg,data/image_pipeline/downloaded/optimized/HCM_0005/HCM_0005_03.webp,/images/destinations/HCM_0005/HCM_0005_03.webp,downloaded,200,image/jpeg,1210,908,1210,908,244204,,2026-05-07T13:48:47+00:00
HCM_0063,Địa đạo Củ Chi,https://mia.vn/media/uploads/blog-du-lich/dia-dao-cu-chi-cua-ham-1692574055.jpg,https://mia.vn/media/uploads/blog-du-lich/dia-dao-cu-chi-cua-ham-1692574055.jpg,MIA.vn,,Cần kiểm tra quyền sử dụng,1,1,data/image_pipeline/downloaded/original/HCM_0063/HCM_0063_01_aa71309eed7d.jpg,data/image_pipeline/downloaded/optimized/HCM_0063/HCM_0063_01.webp,/images/destinations/HCM_0063/HCM_0063_01.webp,downloaded,200,image/jpeg,800,533,800,533,145916,,2026-05-07T13:48:49+00:00
HCM_0063,Địa đạo Củ Chi,https://mia.vn/media/uploads/blog-du-lich/dia-dao-cu-chi-2-1721208626.jpg,https://mia.vn/media/uploads/blog-du-lich/dia-dao-cu-chi-2-1721208626.jpg,MIA.vn,,Cần kiểm tra quyền sử dụng,2,0,data/image_pipeline/downloaded/original/HCM_0063/HCM_0063_02_4cf000283e86.jpg,data/image_pipeline/downloaded/optimized/HCM_0063/HCM_0063_02.webp,/images/destinations/HCM_0063/HCM_0063_02.webp,downloaded,200,image/jpeg,800,545,800,545,82124,,2026-05-07T13:48:51+00:00
HCM_0063,Địa đạo Củ Chi,https://mia.vn/media/uploads/blog-du-lich/dia-dao-cu-chi-5-1721208626.jpg,https://mia.vn/media/uploads/blog-du-lich/dia-dao-cu-chi-5-1721208626.jpg,MIA.vn,,Cần kiểm tra quyền sử dụng,3,0,data/image_pipeline/downloaded/original/HCM_0063/HCM_0063_03_18d28128f872.jpg,data/image_pipeline/downloaded/optimized/HCM_0063/HCM_0063_03.webp,/images/destinations/HCM_0063/HCM_0063_03.webp,downloaded,200,image/jpeg,800,533,800,533,143776,,2026-05-07T13:48:52+00:00
BTre_0001,Cồn Phụng,https://mia.vn/media/uploads/blog-du-lich/du-lich-con-phung-01-1700537476.jpg,https://mia.vn/media/uploads/blog-du-lich/du-lich-con-phung-01-1700537476.jpg,MIA.vn,,Cần kiểm tra quyền sử dụng,1,1,data/image_pipeline/downloaded/original/BTre_0001/BTre_0001_01_59c6a8578979.jpg,data/image_pipeline/downloaded/optimized/BTre_0001/BTre_0001_01.webp,/images/destinations/BTre_0001/BTre_0001_01.webp,downloaded,200,image/jpeg,684,425,684,425,39452,,2026-05-07T13:48:53+00:00
AG_0018,Núi Cấm,https://mia.vn/media/uploads/blog-du-lich/khu-du-lich-lam-vien-nui-cam-ve-dep-linh-thieng-cua-nui-rung-01-1659717324.jpg,https://mia.vn/media/uploads/blog-du-lich/khu-du-lich-lam-vien-nui-cam-ve-dep-linh-thieng-cua-nui-rung-01-1659717324.jpg,MIA.vn,,Cần kiểm tra quyền sử dụng,1,1,data/image_pipeline/downloaded/original/AG_0018/AG_0018_01_0a4ae5c01e41.jpg,data/image_pipeline/downloaded/optimized/AG_0018/AG_0018_01.webp,/images/destinations/AG_0018/AG_0018_01.webp,downloaded,200,image/jpeg,1000,563,1000,563,153206,,2026-05-07T13:48:55+00:00
AG_0018,Núi Cấm,https://mia.vn/media/uploads/blog-du-lich/khu-du-lich-lam-vien-nui-cam-ve-dep-linh-thieng-cua-nui-rung-02-1659717324.jpg,https://mia.vn/media/uploads/blog-du-lich/khu-du-lich-lam-vien-nui-cam-ve-dep-linh-thieng-cua-nui-rung-02-1659717324.jpg,MIA.vn,,Cần kiểm tra quyền sử dụng,2,0,data/image_pipeline/downloaded/original/AG_0018/AG_0018_02_d53b628bd321.jpg,data/image_pipeline/downloaded/optimized/AG_0018/AG_0018_02.webp,/images/destinations/AG_0018/AG_0018_02.webp,downloaded,200,image/jpeg,1000,500,1000,500,63068,,2026-05-07T13:48:57+00:00
AG_0018,Núi Cấm,https://mia.vn/media/uploads/blog-du-lich/khu-du-lich-lam-vien-nui-cam-ve-dep-linh-thieng-cua-nui-rung-03-1659717324.jpg,https://mia.vn/media/uploads/blog-du-lich/khu-du-lich-lam-vien-nui-cam-ve-dep-linh-thieng-cua-nui-rung-03-1659717324.jpg,MIA.vn,,Cần kiểm tra quyền sử dụng,3,0,data/image_pipeline/downloaded/original/AG_0018/AG_0018_03_839bfe9e3f1e.jpg,data/image_pipeline/downloaded/optimized/AG_0018/AG_0018_03.webp,/images/destinations/AG_0018/AG_0018_03.webp,downloaded,200,image/jpeg,1024,681,1024,681,101110,,2026-05-07T13:48:58+00:00
AG_0018,Núi Cấm,https://mia.vn/media/uploads/blog-du-lich/that-son-an-giang-3-1731901077.jpg,https://mia.vn/media/uploads/blog-du-lich/that-son-an-giang-3-1731901077.jpg,MIA.vn,,Cần kiểm tra quyền sử dụng,4,0,data/image_pipeline/downloaded/original/AG_0018/AG_0018_04_5e5793323906.jpg,data/image_pipeline/downloaded/optimized/AG_0018/AG_0018_04.webp,/images/destinations/AG_0018/AG_0018_04.webp,downloaded,200,image/jpeg,800,533,800,533,32884,,2026-05-07T13:48:59+00:00
AG_0009,Chợ Châu Đốc,https://thamhiemmekong.com/wp-content/uploads/2019/10/cho-chau-doc.jpg,https://thamhiemmekong.com/wp-content/uploads/2019/10/cho-chau-doc.jpg,Thám Hiểm Mekong,,Cần kiểm tra quyền sử dụng,1,1,data/image_pipeline/downloaded/original/AG_0009/AG_0009_01_94d33fee9c2f.jpg,data/image_pipeline/downloaded/optimized/AG_0009/AG_0009_01.webp,/images/destinations/AG_0009/AG_0009_01.webp,downloaded,200,image/jpeg,2048,1365,1280,853,149066,,2026-05-07T13:49:00+00:00
AG_0009,Chợ Châu Đốc,https://mia.vn/media/uploads/blog-du-lich/co-mot-cho-chau-doc-binh-di-va-dan-da-giua-long-an-giang-3-1662278561.jpg,https://mia.vn/media/uploads/blog-du-lich/co-mot-cho-chau-doc-binh-di-va-dan-da-giua-long-an-giang-3-1662278561.jpg,MIA.vn,,Cần kiểm tra quyền sử dụng,2,0,data/image_pipeline/downloaded/original/AG_0009/AG_0009_02_59b4bfb85605.jpg,data/image_pipeline/downloaded/optimized/AG_0009/AG_0009_02.webp,/images/destinations/AG_0009/AG_0009_02.webp,downloaded,200,image/jpeg,900,1087,900,1087,173948,,2026-05-07T13:49:02+00:00
AG_0009,Chợ Châu Đốc,https://mia.vn/media/uploads/blog-du-lich/co-mot-cho-chau-doc-binh-di-va-dan-da-giua-long-an-giang-4-1662278561.jpg,https://mia.vn/media/uploads/blog-du-lich/co-mot-cho-chau-doc-binh-di-va-dan-da-giua-long-an-giang-4-1662278561.jpg,MIA.vn,,Cần kiểm tra quyền sử dụng,3,0,data/image_pipeline/downloaded/original/AG_0009/AG_0009_03_902933f2f6a8.jpg,data/image_pipeline/downloaded/optimized/AG_0009/AG_0009_03.webp,/images/destinations/AG_0009/AG_0009_03.webp,downloaded,200,image/jpeg,900,1178,900,1178,181238,,2026-05-07T13:49:03+00:00
AG_0009,Chợ Châu Đốc,https://mia.vn/media/uploads/blog-du-lich/co-mot-cho-chau-doc-binh-di-va-dan-da-giua-long-an-giang-5-1662278561.jpg,https://mia.vn/media/uploads/blog-du-lich/co-mot-cho-chau-doc-binh-di-va-dan-da-giua-long-an-giang-5-1662278561.jpg,MIA.vn,,Cần kiểm tra quyền sử dụng,4,0,data/image_pipeline/downloaded/original/AG_0009/AG_0009_04_8618cc748185.jpg,data/image_pipeline/downloaded/optimized/AG_0009/AG_0009_04.webp,/images/destinations/AG_0009/AG_0009_04.webp,downloaded,200,image/jpeg,900,1048,900,1048,97724,,2026-05-07T13:49:05+00:00
AG_0047,Búng Bình Thiên,https://mia.vn/media/uploads/blog-du-lich/kham-pha-bung-binh-thien-ho-nuoc-troi-lon-nhat-tay-nam-bo-8-1660397813.jpg,https://mia.vn/media/uploads/blog-du-lich/kham-pha-bung-binh-thien-ho-nuoc-troi-lon-nhat-tay-nam-bo-8-1660397813.jpg,MIA.vn,,Cần kiểm tra quyền sử dụng,1,1,data/image_pipeline/downloaded/original/AG_0047/AG_0047_01_44f03321793f.jpg,data/image_pipeline/downloaded/optimized/AG_0047/AG_0047_01.webp,/images/destinations/AG_0047/AG_0047_01.webp,downloaded,200,image/jpeg,1200,740,1200,740,101266,,2026-05-07T13:49:06+00:00
AG_0047,Búng Bình Thiên,https://mia.vn/media/uploads/blog-du-lich/kham-pha-bung-binh-thien-ho-nuoc-troi-lon-nhat-tay-nam-bo-16-1660397813.jpg,https://mia.vn/media/uploads/blog-du-lich/kham-pha-bung-binh-thien-ho-nuoc-troi-lon-nhat-tay-nam-bo-16-1660397813.jpg,MIA.vn,,Cần kiểm tra quyền sử dụng,2,0,data/image_pipeline/downloaded/original/AG_0047/AG_0047_02_5b7547565532.jpg,data/image_pipeline/downloaded/optimized/AG_0047/AG_0047_02.webp,/images/destinations/AG_0047/AG_0047_02.webp,downloaded,200,image/jpeg,1200,648,1200,648,129444,,2026-05-07T13:49:08+00:00
KG_0058,Hà Tiên,https://ik.imagekit.io/tvlk/blog/2023/03/du-lich-ha-tien-3.jpg?tr=q-70%2Cc-at_max%2Cw-1000%2Ch-600,https://ik.imagekit.io/tvlk/blog/2023/03/du-lich-ha-tien-3.jpg?tr=q-70%2Cc-at_max%2Cw-1000%2Ch-600,Traveloka,,Cần kiểm tra quyền sử dụng,1,1,data/image_pipeline/downloaded/original/KG_0058/KG_0058_01_ca3764759096.jpg,data/image_pipeline/downloaded/optimized/KG_0058/KG_0058_01.webp,/images/destinations/KG_0058/KG_0058_01.webp,downloaded,200,image/webp,800,600,800,600,79014,,2026-05-07T13:49:09+00:00
KG_0058,Hà Tiên,https://ik.imagekit.io/tvlk/blog/2023/03/du-lich-ha-tien-2.jpg?tr=q-70%2Cc-at_max%2Cw-1000%2Ch-600,https://ik.imagekit.io/tvlk/blog/2023/03/du-lich-ha-tien-2.jpg?tr=q-70%2Cc-at_max%2Cw-1000%2Ch-600,Traveloka,,Cần kiểm tra quyền sử dụng,2,0,data/image_pipeline/downloaded/original/KG_0058/KG_0058_02_cc6d2f55a544.jpg,data/image_pipeline/downloaded/optimized/KG_0058/KG_0058_02.webp,/images/destinations/KG_0058/KG_0058_02.webp,downloaded,200,image/webp,800,600,800,600,103630,,2026-05-07T13:49:11+00:00
KG_0058,Hà Tiên,https://cdn.vntrip.vn/cam-nang/wp-content/uploads/2017/08/n%C3%BAi-%C4%91%C3%A8n.jpg,https://cdn.vntrip.vn/cam-nang/wp-content/uploads/2017/08/n%C3%BAi-%C4%91%C3%A8n.jpg,VNTrip,,Cần kiểm tra quyền sử dụng,3,0,data/image_pipeline/downloaded/original/KG_0058/KG_0058_03_622a137b5e1d.jpg,data/image_pipeline/downloaded/optimized/KG_0058/KG_0058_03.webp,/images/destinations/KG_0058/KG_0058_03.webp,downloaded,200,image/jpeg,640,329,640,329,53648,,2026-05-07T13:49:12+00:00
KG_0058,Hà Tiên,https://cdn.vntrip.vn/cam-nang/wp-content/uploads/2017/08/nui-da-dung-e1534780064437.jpg,https://cdn.vntrip.vn/cam-nang/wp-content/uploads/2017/08/nui-da-dung-e1534780064437.jpg,VNTrip,,Cần kiểm tra quyền sử dụng,4,0,data/image_pipeline/downloaded/original/KG_0058/KG_0058_04_b4b1e0d4a789.jpg,data/image_pipeline/downloaded/optimized/KG_0058/KG_0058_04.webp,/images/destinations/KG_0058/KG_0058_04.webp,downloaded,200,image/jpeg,640,425,640,425,60152,,2026-05-07T13:49:13+00:00
KG_0001,Đảo Phú Quốc,https://mia.vn/media/uploads/blog-du-lich/dao-ngoc-phu-quoc-1-1681783689.jpg,https://mia.vn/media/uploads/blog-du-lich/dao-ngoc-phu-quoc-1-1681783689.jpg,MIA.vn,,Cần kiểm tra quyền sử dụng,1,1,data/image_pipeline/downloaded/original/KG_0001/KG_0001_01_d84e2c728200.jpg,data/image_pipeline/downloaded/optimized/KG_0001/KG_0001_01.webp,/images/destinations/KG_0001/KG_0001_01.webp,downloaded,200,image/jpeg,800,491,800,491,88280,,2026-05-07T13:49:14+00:00
KG_0001,Đảo Phú Quốc,https://mia.vn/media/uploads/blog-du-lich/dao-ngoc-phu-quoc-4-1681783689.jpg,https://mia.vn/media/uploads/blog-du-lich/dao-ngoc-phu-quoc-4-1681783689.jpg,MIA.vn,,Cần kiểm tra quyền sử dụng,2,0,data/image_pipeline/downloaded/original/KG_0001/KG_0001_02_11f057b71b0c.jpg,data/image_pipeline/downloaded/optimized/KG_0001/KG_0001_02.webp,/images/destinations/KG_0001/KG_0001_02.webp,downloaded,200,image/jpeg,800,533,800,533,81440,,2026-05-07T13:49:15+00:00
KG_0001,Đảo Phú Quốc,https://mia.vn/media/uploads/blog-du-lich/dao-ngoc-phu-quoc-3-1681783689.jpg,https://mia.vn/media/uploads/blog-du-lich/dao-ngoc-phu-quoc-3-1681783689.jpg,MIA.vn,,Cần kiểm tra quyền sử dụng,3,0,data/image_pipeline/downloaded/original/KG_0001/KG_0001_03_ac035d7f36ba.jpg,data/image_pipeline/downloaded/optimized/KG_0001/KG_0001_03.webp,/images/destinations/KG_0001/KG_0001_03.webp,downloaded,200,image/jpeg,800,450,800,450,99960,,2026-05-07T13:49:17+00:00
KG_0002,Bãi Sao,https://mia.vn/media/uploads/blog-du-lich/kinh-nghiem-di-du-lich-bai-sao-phu-quoc-thien-duong-co-that-o-viet-nam-14-1617587039.jpg,https://mia.vn/media/uploads/blog-du-lich/kinh-nghiem-di-du-lich-bai-sao-phu-quoc-thien-duong-co-that-o-viet-nam-14-1617587039.jpg,MIA.vn,,Cần kiểm tra quyền sử dụng,1,1,data/image_pipeline/downloaded/original/KG_0002/KG_0002_01_a1d33e02d562.jpg,data/image_pipeline/downloaded/optimized/KG_0002/KG_0002_01.webp,/images/destinations/KG_0002/KG_0002_01.webp,downloaded,200,image/jpeg,1200,1601,1200,1601,299532,,2026-05-07T13:49:18+00:00
KG_0002,Bãi Sao,https://mia.vn/media/uploads/blog-du-lich/kinh-nghiem-di-du-lich-bai-sao-phu-quoc-thien-duong-co-that-o-viet-nam-15-1617420111.jpg,https://mia.vn/media/uploads/blog-du-lich/kinh-nghiem-di-du-lich-bai-sao-phu-quoc-thien-duong-co-that-o-viet-nam-15-1617420111.jpg,MIA.vn,,Cần kiểm tra quyền sử dụng,2,0,data/image_pipeline/downloaded/original/KG_0002/KG_0002_02_c881c6748dc4.jpg,data/image_pipeline/downloaded/optimized/KG_0002/KG_0002_02.webp,/images/destinations/KG_0002/KG_0002_02.webp,downloaded,200,image/jpeg,1536,2048,1280,1706,174998,,2026-05-07T13:49:20+00:00
KG_0002,Bãi Sao,https://mia.vn/media/uploads/blog-du-lich/kinh-nghiem-di-du-lich-bai-sao-phu-quoc-thien-duong-co-that-o-viet-nam-16-1617420111.jpg,https://mia.vn/media/uploads/blog-du-lich/kinh-nghiem-di-du-lich-bai-sao-phu-quoc-thien-duong-co-that-o-viet-nam-16-1617420111.jpg,MIA.vn,,Cần kiểm tra quyền sử dụng,3,0,data/image_pipeline/downloaded/original/KG_0002/KG_0002_03_a88ea4581a05.jpg,data/image_pipeline/downloaded/optimized/KG_0002/KG_0002_03.webp,/images/destinations/KG_0002/KG_0002_03.webp,downloaded,200,image/jpeg,2048,1648,1280,1030,129524,,2026-05-07T13:49:21+00:00
KG_0029,Grand World Phú Quốc,https://mia.vn/media/uploads/blog-du-lich/grand-world-1-1710640341.jpg,https://mia.vn/media/uploads/blog-du-lich/grand-world-1-1710640341.jpg,MIA.vn,,Cần kiểm tra quyền sử dụng,1,1,data/image_pipeline/downloaded/original/KG_0029/KG_0029_01_7e4df73f8258.jpg,data/image_pipeline/downloaded/optimized/KG_0029/KG_0029_01.webp,/images/destinations/KG_0029/KG_0029_01.webp,downloaded,200,image/jpeg,800,600,800,600,104502,,2026-05-07T13:49:23+00:00
KG_0029,Grand World Phú Quốc,https://mia.vn/media/uploads/blog-du-lich/grand-world-2-1710640341.jpg,https://mia.vn/media/uploads/blog-du-lich/grand-world-2-1710640341.jpg,MIA.vn,,Cần kiểm tra quyền sử dụng,2,0,data/image_pipeline/downloaded/original/KG_0029/KG_0029_02_a3207f1c2252.jpg,data/image_pipeline/downloaded/optimized/KG_0029/KG_0029_02.webp,/images/destinations/KG_0029/KG_0029_02.webp,downloaded,200,image/jpeg,800,600,800,600,131502,,2026-05-07T13:49:24+00:00
KG_0029,Grand World Phú Quốc,https://mia.vn/media/uploads/blog-du-lich/grand-world-3-1710640341.jpg,https://mia.vn/media/uploads/blog-du-lich/grand-world-3-1710640341.jpg,MIA.vn,,Cần kiểm tra quyền sử dụng,3,0,data/image_pipeline/downloaded/original/KG_0029/KG_0029_03_438b074c2e85.jpg,data/image_pipeline/downloaded/optimized/KG_0029/KG_0029_03.webp,/images/destinations/KG_0029/KG_0029_03.webp,downloaded,200,image/jpeg,800,600,800,600,81038,,2026-05-07T13:49:26+00:00
KG_0030,VinWonders Phú Quốc,https://mia.vn/media/uploads/blog-du-lich/vinwonders-phu-quoc-vinpearl-land-phu-quoc-cong-vien-chu-de-lon-nhat-viet-nam-11.jpg,https://mia.vn/media/uploads/blog-du-lich/vinwonders-phu-quoc-vinpearl-land-phu-quoc-cong-vien-chu-de-lon-nhat-viet-nam-11.jpg,MIA.vn,,Cần kiểm tra quyền sử dụng,1,1,data/image_pipeline/downloaded/original/KG_0030/KG_0030_01_dd9d00e905b8.jpg,data/image_pipeline/downloaded/optimized/KG_0030/KG_0030_01.webp,/images/destinations/KG_0030/KG_0030_01.webp,downloaded,200,image/jpeg,800,533,800,533,136732,,2026-05-07T13:49:27+00:00
KG_0030,VinWonders Phú Quốc,https://mia.vn/media/uploads/blog-du-lich/vinwonders-phu-quoc-vinpearl-land-phu-quoc-cong-vien-chu-de-lon-nhat-viet-nam-12.jpg,https://mia.vn/media/uploads/blog-du-lich/vinwonders-phu-quoc-vinpearl-land-phu-quoc-cong-vien-chu-de-lon-nhat-viet-nam-12.jpg,MIA.vn,,Cần kiểm tra quyền sử dụng,2,0,data/image_pipeline/downloaded/original/KG_0030/KG_0030_02_4461e0ecfd0a.jpg,data/image_pipeline/downloaded/optimized/KG_0030/KG_0030_02.webp,/images/destinations/KG_0030/KG_0030_02.webp,downloaded,200,image/jpeg,800,695,800,695,110418,,2026-05-07T13:49:28+00:00
KG_0030,VinWonders Phú Quốc,https://mia.vn/media/uploads/blog-du-lich/vinwonders-phu-quoc-vinpearl-land-phu-quoc-cong-vien-chu-de-lon-nhat-viet-nam-14.jpg,https://mia.vn/media/uploads/blog-du-lich/vinwonders-phu-quoc-vinpearl-land-phu-quoc-cong-vien-chu-de-lon-nhat-viet-nam-14.jpg,MIA.vn,,Cần kiểm tra quyền sử dụng,3,0,data/image_pipeline/downloaded/original/KG_0030/KG_0030_03_ebc1a3397551.jpg,data/image_pipeline/downloaded/optimized/KG_0030/KG_0030_03.webp,/images/destinations/KG_0030/KG_0030_03.webp,downloaded,200,image/jpeg,1200,801,1200,801,184420,,2026-05-07T13:49:30+00:00
KG_0036,Hòn Thơm,https://mia.vn/media/uploads/blog-du-lich/hon-thom-phu-quoc-ve-dep-me-man-dong-long-nguoi-o-nam-dao-10-1611540593.jpg,https://mia.vn/media/uploads/blog-du-lich/hon-thom-phu-quoc-ve-dep-me-man-dong-long-nguoi-o-nam-dao-10-1611540593.jpg,MIA.vn,,Cần kiểm tra quyền sử dụng,1,1,data/image_pipeline/downloaded/original/KG_0036/KG_0036_01_b43f4157ece2.jpg,data/image_pipeline/downloaded/optimized/KG_0036/KG_0036_01.webp,/images/destinations/KG_0036/KG_0036_01.webp,downloaded,200,image/jpeg,1200,1200,1200,1200,204892,,2026-05-07T13:49:31+00:00
KG_0036,Hòn Thơm,https://mia.vn/media/uploads/blog-du-lich/hon-thom-phu-quoc-ve-dep-me-man-dong-long-nguoi-o-nam-dao-11-1611540593.jpg,https://mia.vn/media/uploads/blog-du-lich/hon-thom-phu-quoc-ve-dep-me-man-dong-long-nguoi-o-nam-dao-11-1611540593.jpg,MIA.vn,,Cần kiểm tra quyền sử dụng,2,0,data/image_pipeline/downloaded/original/KG_0036/KG_0036_02_4a6d20a715b4.jpg,data/image_pipeline/downloaded/optimized/KG_0036/KG_0036_02.webp,/images/destinations/KG_0036/KG_0036_02.webp,downloaded,200,image/jpeg,1280,1598,1280,1598,144036,,2026-05-07T13:49:33+00:00
KG_0036,Hòn Thơm,https://mia.vn/media/uploads/blog-du-lich/hon-thom-phu-quoc-ve-dep-me-man-dong-long-nguoi-o-nam-dao-12-1611540593.jpg,https://mia.vn/media/uploads/blog-du-lich/hon-thom-phu-quoc-ve-dep-me-man-dong-long-nguoi-o-nam-dao-12-1611540593.jpg,MIA.vn,,Cần kiểm tra quyền sử dụng,3,0,data/image_pipeline/downloaded/original/KG_0036/KG_0036_03_0919f6d673a5.jpg,data/image_pipeline/downloaded/optimized/KG_0036/KG_0036_03.webp,/images/destinations/KG_0036/KG_0036_03.webp,downloaded,200,image/jpeg,1280,903,1280,903,277672,,2026-05-07T13:49:34+00:00
CM_0001,Mũi Cà Mau,https://mia.vn/media/uploads/blog-du-lich/vuon-quoc-gia-mui-ca-mau-1-1744641520.jpg,https://mia.vn/media/uploads/blog-du-lich/vuon-quoc-gia-mui-ca-mau-1-1744641520.jpg,MIA.vn,,Cần kiểm tra quyền sử dụng,1,1,data/image_pipeline/downloaded/original/CM_0001/CM_0001_01_956f230d1c8f.jpg,data/image_pipeline/downloaded/optimized/CM_0001/CM_0001_01.webp,/images/destinations/CM_0001/CM_0001_01.webp,downloaded,200,image/jpeg,800,700,800,700,130546,,2026-05-07T13:49:36+00:00
CM_0001,Mũi Cà Mau,https://mia.vn/media/uploads/blog-du-lich/vuon-quoc-gia-mui-ca-mau-2-1744641520.jpg,https://mia.vn/media/uploads/blog-du-lich/vuon-quoc-gia-mui-ca-mau-2-1744641520.jpg,MIA.vn,,Cần kiểm tra quyền sử dụng,2,0,data/image_pipeline/downloaded/original/CM_0001/CM_0001_02_ebe75625d8c0.jpg,data/image_pipeline/downloaded/optimized/CM_0001/CM_0001_02.webp,/images/destinations/CM_0001/CM_0001_02.webp,downloaded,200,image/jpeg,800,700,800,700,71916,,2026-05-07T13:49:37+00:00
CM_0001,Mũi Cà Mau,https://mia.vn/media/uploads/blog-du-lich/vuon-quoc-gia-mui-ca-mau-5-1744641519.jpg,https://mia.vn/media/uploads/blog-du-lich/vuon-quoc-gia-mui-ca-mau-5-1744641519.jpg,MIA.vn,,Cần kiểm tra quyền sử dụng,3,0,data/image_pipeline/downloaded/original/CM_0001/CM_0001_03_40d473b01e6d.jpg,data/image_pipeline/downloaded/optimized/CM_0001/CM_0001_03.webp,/images/destinations/CM_0001/CM_0001_03.webp,downloaded,200,image/jpeg,800,700,800,700,155984,,2026-05-07T13:49:39+00:00
CM_0001,Mũi Cà Mau,https://mia.vn/media/uploads/blog-du-lich/vuon-quoc-gia-mui-ca-mau-4-1744641519.jpg,https://mia.vn/media/uploads/blog-du-lich/vuon-quoc-gia-mui-ca-mau-4-1744641519.jpg,MIA.vn,,Cần kiểm tra quyền sử dụng,4,0,data/image_pipeline/downloaded/original/CM_0001/CM_0001_04_a34eac21e616.jpg,data/image_pipeline/downloaded/optimized/CM_0001/CM_0001_04.webp,/images/destinations/CM_0001/CM_0001_04.webp,downloaded,200,image/jpeg,800,700,800,700,31046,,2026-05-07T13:49:40+00:00
CM_0019,Khu du lịch sinh thái U Minh Hạ,https://mia.vn/media/uploads/blog-du-lich/chiem-nguong-vuon-quoc-gia-u-minh-ha-ve-dep-thien-nhien-tru-phu-01-1663693948.jpg,https://mia.vn/media/uploads/blog-du-lich/chiem-nguong-vuon-quoc-gia-u-minh-ha-ve-dep-thien-nhien-tru-phu-01-1663693948.jpg,MIA.vn,,Cần kiểm tra quyền sử dụng,1,1,data/image_pipeline/downloaded/original/CM_0019/CM_0019_01_d8451d0157a6.jpg,data/image_pipeline/downloaded/optimized/CM_0019/CM_0019_01.webp,/images/destinations/CM_0019/CM_0019_01.webp,downloaded,200,image/jpeg,900,700,900,700,133316,,2026-05-07T13:49:41+00:00
CM_0019,Khu du lịch sinh thái U Minh Hạ,https://mia.vn/media/uploads/blog-du-lich/chiem-nguong-vuon-quoc-gia-u-minh-ha-ve-dep-thien-nhien-tru-phu-02-1663693951.jpg,https://mia.vn/media/uploads/blog-du-lich/chiem-nguong-vuon-quoc-gia-u-minh-ha-ve-dep-thien-nhien-tru-phu-02-1663693951.jpg,MIA.vn,,Cần kiểm tra quyền sử dụng,2,0,data/image_pipeline/downloaded/original/CM_0019/CM_0019_02_aeaae6289c07.jpg,data/image_pipeline/downloaded/optimized/CM_0019/CM_0019_02.webp,/images/destinations/CM_0019/CM_0019_02.webp,downloaded,200,image/jpeg,900,700,900,700,235376,,2026-05-07T13:49:43+00:00
