place_id,name,province,category_main,category_sub,app_category
AG_0047,Búng Bình Thiên,An Giang,Văn hóa cộng đồng,Chợ nổi/làng nghề/miệt vườn,culture
AG_0043,Chùa Linh Sơn Ba Thê,An Giang,Tâm linh,Chùa/thiền viện,religious
AG_0022,Chùa Phật Lớn Núi Cấm,An Giang,Tâm linh,Chùa/thiền viện,religious
AG_0003,Chùa Tây An,An Giang,Tâm linh,Chùa/thiền viện,religious
AG_0020,Cáp treo Núi Cấm,An Giang,Thiên nhiên,Sông nước/rừng tràm/núi đồng bằng,nature
AG_0008,Cáp treo Núi Sam,An Giang,Thiên nhiên,Sông nước/rừng tràm/núi đồng bằng,nature
AG_0017,Cầu tre vạn bước Trà Sư,An Giang,Di tích,Điểm tham quan văn hóa,heritage
AG_0041,Di tích Óc Eo,An Giang,Văn hóa,Di tích lịch sử/bảo tàng,culture
AG_0048,Hồ nước trời Búng Bình Thiên,An Giang,Văn hóa cộng đồng,Chợ nổi/làng nghề/miệt vườn,culture
AG_0042,Khu di tích văn hóa Óc Eo - Ba Thê,An Giang,Văn hóa,Di tích lịch sử/bảo tàng,culture
AG_0019,Khu du lịch Lâm Viên Núi Cấm,An Giang,Thiên nhiên,Sông nước/rừng tràm/núi đồng bằng,nature
AG_0016,Khu du lịch rừng tràm Trà Sư,An Giang,Thiên nhiên,Sông nước/rừng tràm/núi đồng bằng,nature
AG_0031,Khu du lịch đồi Tức Dụp,An Giang,Văn hóa,Di tích lịch sử/bảo tàng,culture
AG_0004,Lăng Thoại Ngọc Hầu,An Giang,Tâm linh,Đền/miếu/đình/lăng,religious
AG_0001,Miếu Bà Chúa Xứ Núi Sam,An Giang,Tâm linh,Đền/miếu/đình/lăng,religious
AG_0040,Núi Ba Thê,An Giang,Văn hóa,Di tích lịch sử/bảo tàng,culture
AG_0018,Núi Cấm,An Giang,Thiên nhiên,Sông nước/rừng tràm/núi đồng bằng,nature
AG_0002,Núi Sam,An Giang,Thiên nhiên,Sông nước/rừng tràm/núi đồng bằng,nature
AG_0015,Rừng tràm Trà Sư,An Giang,Thiên nhiên,Sông nước/rừng tràm/núi đồng bằng,nature
AG_0024,Tượng Phật Di Lặc Núi Cấm,An Giang,Thiên nhiên,Sông nước/rừng tràm/núi đồng bằng,nature
AG_0006,Tượng Phật nằm núi Sam,An Giang,Thiên nhiên,Sông nước/rừng tràm/núi đồng bằng,nature
AG_0046,Đình Thoại Ngọc Hầu Thoại Sơn,An Giang,Tâm linh,Đền/miếu/đình/lăng,religious
AG_0007,Đỉnh núi Sam,An Giang,Thiên nhiên,Sông nước/rừng tràm/núi đồng bằng,nature
AG_0030,Đồi Tức Dụp,An Giang,Văn hóa,Di tích lịch sử/bảo tàng,culture
AG_0056,Bảo tàng An Giang,An Giang,Văn hóa,Di tích lịch sử/bảo tàng,culture
AG_0077,Chùa Giồng Thành,An Giang,Tâm linh,Chùa/thiền viện,religious
AG_0005,Chùa Hang Châu Đốc,An Giang,Tâm linh,Chùa/thiền viện,religious
AG_0085,Chùa Huỳnh Đạo,An Giang,Tâm linh,Chùa/thiền viện,religious
AG_0073,Chùa Thành Hoa Tự,An Giang,Tâm linh,Chùa/thiền viện,religious
AG_0034,Chùa Tà Pạ,An Giang,Tâm linh,Chùa/thiền viện,religious
AG_0021,Chùa Vạn Linh,An Giang,Tâm linh,Chùa/thiền viện,religious
AG_0038,Chùa Xvayton,An Giang,Tâm linh,Chùa/thiền viện,religious
AG_0060,Chùa Ông Bắc Long Xuyên,An Giang,Tâm linh,Chùa/thiền viện,religious
AG_0009,Chợ Châu Đốc,An Giang,Văn hóa cộng đồng,Chợ nổi/làng nghề/miệt vườn,culture
AG_0052,Chợ Long Xuyên,An Giang,Văn hóa cộng đồng,Chợ nổi/làng nghề/miệt vườn,culture
AG_0082,Chợ Mới An Giang,An Giang,Văn hóa cộng đồng,Chợ nổi/làng nghề/miệt vườn,culture
AG_0059,Chợ Mỹ Bình,An Giang,Văn hóa cộng đồng,Chợ nổi/làng nghề/miệt vườn,culture
AG_0087,Chợ Nhà Bàng,An Giang,Văn hóa cộng đồng,Chợ nổi/làng nghề/miệt vườn,culture
AG_0069,Chợ Tân Châu,An Giang,Văn hóa cộng đồng,Chợ nổi/làng nghề/miệt vườn,culture
AG_0025,Chợ Tịnh Biên,An Giang,Văn hóa cộng đồng,Chợ nổi/làng nghề/miệt vườn,culture
AG_0065,Chợ mắm Châu Đốc,An Giang,Văn hóa cộng đồng,Chợ nổi/làng nghề/miệt vườn,culture
AG_0053,Chợ nổi Long Xuyên,An Giang,Văn hóa cộng đồng,Chợ nổi/làng nghề/miệt vườn,culture
AG_0035,Cánh đồng Tà Pạ,An Giang,Thiên nhiên,Sông nước/rừng tràm/núi đồng bằng,nature
AG_0090,Cánh đồng thốt nốt Tri Tôn,An Giang,Thiên nhiên,Sông nước/rừng tràm/núi đồng bằng,nature
AG_0058,Công viên Mỹ Thới,An Giang,Tâm linh,Chùa/thiền viện,religious
AG_0070,Cù lao Giêng,An Giang,Thiên nhiên,Sông nước/rừng tràm/núi đồng bằng,beach
AG_0054,Cù lao Ông Hổ,An Giang,Tâm linh,Chùa/thiền viện,religious
AG_0061,Cồn Tiên An Giang,An Giang,Văn hóa cộng đồng,Chợ nổi/làng nghề/miệt vườn,culture
AG_0089,Hồ Latina,An Giang,Thiên nhiên,Sông nước/rừng tràm/núi đồng bằng,nature
AG_0057,Hồ Nguyễn Du,An Giang,Thiên nhiên,Sông nước/rừng tràm/núi đồng bằng,nature
AG_0037,Hồ Soài So,An Giang,Thiên nhiên,Sông nước/rừng tràm/núi đồng bằng,nature
AG_0023,Hồ Thủy Liêm,An Giang,Thiên nhiên,Sông nước/rừng tràm/núi đồng bằng,nature
AG_0032,Hồ Tà Pạ,An Giang,Thiên nhiên,Sông nước/rừng tràm/núi đồng bằng,nature
AG_0036,Hồ Ô Thum,An Giang,Thiên nhiên,Sông nước/rừng tràm/núi đồng bằng,nature
AG_0044,Hồ Ông Thoại,An Giang,Tâm linh,Chùa/thiền viện,religious
AG_0084,Khu du lịch Núi Sập,An Giang,Thiên nhiên,Sông nước/rừng tràm/núi đồng bằng,nature
AG_0055,Khu lưu niệm Chủ tịch Tôn Đức Thắng,An Giang,Văn hóa,Di tích lịch sử/bảo tàng,culture
AG_0045,Kênh Thoại Hà,An Giang,Thiên nhiên,Sông nước/rừng tràm/núi đồng bằng,nature
AG_0062,Kênh Vĩnh Tế,An Giang,Thiên nhiên,Sông nước/rừng tràm/núi đồng bằng,nature
AG_0011,Làng Chăm Châu Giang,An Giang,Văn hóa cộng đồng,Chợ nổi/làng nghề/miệt vườn,culture
AG_0049,Làng Chăm Nhơn Hội,An Giang,Văn hóa cộng đồng,Chợ nổi/làng nghề/miệt vườn,culture
AG_0079,Làng Chăm Đa Phước,An Giang,Văn hóa cộng đồng,Chợ nổi/làng nghề/miệt vườn,culture
AG_0010,Làng bè Châu Đốc,An Giang,Văn hóa cộng đồng,Chợ nổi/làng nghề/miệt vườn,culture
AG_0014,Làng dệt thổ cẩm Châu Giang,An Giang,Văn hóa cộng đồng,Chợ nổi/làng nghề/miệt vườn,culture
AG_0064,Làng mắm Châu Đốc,An Giang,Văn hóa cộng đồng,Chợ nổi/làng nghề/miệt vườn,culture
AG_0076,Làng nghề bánh phồng Phú Mỹ,An Giang,Văn hóa cộng đồng,Chợ nổi/làng nghề/miệt vườn,culture
AG_0068,Làng nghề lãnh Mỹ A,An Giang,Văn hóa cộng đồng,Chợ nổi/làng nghề/miệt vườn,culture
AG_0067,Làng nghề lụa Tân Châu,An Giang,Văn hóa cộng đồng,Chợ nổi/làng nghề/miệt vườn,culture
AG_0075,Làng nghề mộc Chợ Thủ,An Giang,Văn hóa cộng đồng,Chợ nổi/làng nghề/miệt vườn,culture
AG_0063,Làng nổi Châu Đốc,An Giang,Văn hóa cộng đồng,Chợ nổi/làng nghề/miệt vườn,culture
AG_0071,Nhà thờ Cù Lao Giêng,An Giang,Tâm linh,Đền/miếu/đình/lăng,religious
AG_0029,Núi Cô Tô,An Giang,Thiên nhiên,Sông nước/rừng tràm/núi đồng bằng,nature
AG_0039,Núi Dài Năm Giếng,An Giang,Thiên nhiên,Sông nước/rừng tràm/núi đồng bằng,nature
AG_0027,Núi Két,An Giang,Thiên nhiên,Sông nước/rừng tràm/núi đồng bằng,nature
AG_0083,Núi Sập,An Giang,Thiên nhiên,Sông nước/rừng tràm/núi đồng bằng,nature
AG_0088,Rừng tràm Tân Tuyến,An Giang,Thiên nhiên,Sông nước/rừng tràm/núi đồng bằng,nature
AG_0028,Sân Tiên Núi Két,An Giang,Thiên nhiên,Sông nước/rừng tràm/núi đồng bằng,nature
AG_0078,Thánh đường Hồi giáo Jamiul Islamiyah,An Giang,Tâm linh,Đền/miếu/đình/lăng,religious
AG_0013,Thánh đường Jamiul Azhar,An Giang,Tâm linh,Đền/miếu/đình/lăng,religious
AG_0050,Thánh đường Masjid Al Ehsan,An Giang,Tâm linh,Đền/miếu/đình/lăng,religious
AG_0012,Thánh đường Mubarak,An Giang,Tâm linh,Đền/miếu/đình/lăng,religious
AG_0072,Tu viện Phanxicô Cù Lao Giêng,An Giang,Thiên nhiên,Sông nước/rừng tràm/núi đồng bằng,religious
AG_0086,Tịnh xá Ngọc Châu,An Giang,Tâm linh,Chùa/thiền viện,religious
AG_0080,Vàm Nao,An Giang,Thiên nhiên,Sông nước/rừng tràm/núi đồng bằng,nature
AG_0066,Đình Châu Phú,An Giang,Tâm linh,Đền/miếu/đình/lăng,religious
AG_0033,Đồi Tà Pạ,An Giang,Thiên nhiên,Sông nước/rừng tràm/núi đồng bằng,nature
AG_0081,Cầu Vàm Cống,An Giang,Di tích,Điểm tham quan văn hóa,heritage
AG_0051,Cửa khẩu Khánh Bình,An Giang,Di tích,Điểm tham quan văn hóa,heritage
AG_0026,Cửa khẩu Tịnh Biên,An Giang,Thiên nhiên,Biển đảo/rừng núi/sinh thái,beach
AG_0074,Dinh Chưởng Binh Lễ,An Giang,Di tích,Điểm tham quan văn hóa,heritage
BRVT_0045,Biển Hồ Tràm,Bà Rịa - Vũng Tàu,Thiên nhiên,Biển đảo/rừng ngập mặn/sinh thái,beach
BRVT_0034,Biển Long Hải,Bà Rịa - Vũng Tàu,Thiên nhiên,Biển đảo/rừng ngập mặn/sinh thái,beach
BRVT_0001,Bãi Sau Vũng Tàu,Bà Rịa - Vũng Tàu,Thiên nhiên,Biển đảo/rừng ngập mặn/sinh thái,beach
BRVT_0002,Bãi Trước Vũng Tàu,Bà Rịa - Vũng Tàu,Thiên nhiên,Biển đảo/rừng ngập mặn/sinh thái,beach
BRVT_0047,Bãi biển Hồ Cốc,Bà Rịa - Vũng Tàu,Thiên nhiên,Biển đảo/rừng ngập mặn/sinh thái,beach
BRVT_0080,Bảo tàng Côn Đảo,Bà Rịa - Vũng Tàu,Văn hóa,Di tích lịch sử/bảo tàng,culture
BRVT_0088,Chợ Côn Đảo,Bà Rịa - Vũng Tàu,Văn hóa cộng đồng,Phố/chợ/làng nghề,culture
BRVT_0008,Cáp treo Hồ Mây,Bà Rịa - Vũng Tàu,Thiên nhiên,Biển đảo/rừng ngập mặn/sinh thái,beach
BRVT_0068,Côn Đảo,Bà Rịa - Vũng Tàu,Thiên nhiên,Biển đảo/rừng ngập mặn/sinh thái,beach
BRVT_0035,Dinh Cô Long Hải,Bà Rịa - Vũng Tàu,Tâm linh,Công trình tôn giáo/tưởng niệm,religious
BRVT_0085,Hòn Cau Côn Đảo,Bà Rịa - Vũng Tàu,Thiên nhiên,Biển đảo/rừng ngập mặn/sinh thái,beach
BRVT_0046,Hồ Cốc,Bà Rịa - Vũng Tàu,Thiên nhiên,Biển đảo/rừng ngập mặn/sinh thái,beach
BRVT_0044,Hồ Tràm,Bà Rịa - Vũng Tàu,Thiên nhiên,Biển đảo/rừng ngập mặn/sinh thái,beach
BRVT_0050,Khu bảo tồn thiên nhiên Bình Châu - Phước Bửu,Bà Rịa - Vũng Tàu,Di tích,Điểm tham quan văn hóa,heritage
BRVT_0007,Khu du lịch Hồ Mây,Bà Rịa - Vũng Tàu,Thiên nhiên,Biển đảo/rừng ngập mặn/sinh thái,beach
BRVT_0049,Minera Hot Springs Bình Châu,Bà Rịa - Vũng Tàu,Di tích,Điểm tham quan văn hóa,heritage
BRVT_0078,Mộ Võ Thị Sáu Côn Đảo,Bà Rịa - Vũng Tàu,Thiên nhiên,Biển đảo/rừng ngập mặn/sinh thái,beach
BRVT_0073,Nhà tù Côn Đảo,Bà Rịa - Vũng Tàu,Thiên nhiên,Biển đảo/rừng núi/sinh thái,beach
BRVT_0057,Novaworld Hồ Tràm,Bà Rịa - Vũng Tàu,Thiên nhiên,Biển đảo/rừng ngập mặn/sinh thái,beach
BRVT_0021,Quảng trường Bãi Sau,Bà Rịa - Vũng Tàu,Thiên nhiên,Biển đảo/rừng ngập mặn/sinh thái,beach
BRVT_0051,Rừng nguyên sinh Bình Châu,Bà Rịa - Vũng Tàu,Thiên nhiên,Biển đảo/rừng ngập mặn/sinh thái,beach
BRVT_0048,Suối khoáng nóng Bình Châu,Bà Rịa - Vũng Tàu,Thiên nhiên,Biển đảo/rừng ngập mặn/sinh thái,beach
BRVT_0087,Sân bay Côn Đảo viewpoint,Bà Rịa - Vũng Tàu,Thiên nhiên,Biển đảo/rừng ngập mặn/sinh thái,beach
BRVT_0093,Sở Rẫy Côn Đảo,Bà Rịa - Vũng Tàu,Thiên nhiên,Biển đảo/rừng ngập mặn/sinh thái,beach
BRVT_0055,Tropicana Park Hồ Tràm,Bà Rịa - Vũng Tàu,Thiên nhiên,Biển đảo/rừng ngập mặn/sinh thái,beach
BRVT_0003,Tượng Chúa Kitô Vua,Bà Rịa - Vũng Tàu,Tâm linh,Công trình tôn giáo/tưởng niệm,religious
BRVT_0072,Vườn quốc gia Côn Đảo,Bà Rịa - Vũng Tàu,Thiên nhiên,Biển đảo/rừng ngập mặn/sinh thái,beach
BRVT_0094,Đỉnh Thánh Giá Côn Đảo,Bà Rịa - Vũng Tàu,Thiên nhiên,Biển đảo/rừng ngập mặn/sinh thái,beach
BRVT_0053,Biển Lộc An,Bà Rịa - Vũng Tàu,Thiên nhiên,Biển đảo/rừng ngập mặn/sinh thái,beach
BRVT_0052,Biển Suối Ồ,Bà Rịa - Vũng Tàu,Thiên nhiên,Biển đảo/rừng ngập mặn/sinh thái,beach
BRVT_0091,Bãi An Hải,Bà Rịa - Vũng Tàu,Thiên nhiên,Biển đảo/rừng ngập mặn/sinh thái,beach
BRVT_0016,Bãi Dâu Vũng Tàu,Bà Rịa - Vũng Tàu,Thiên nhiên,Biển đảo/rừng ngập mặn/sinh thái,beach
BRVT_0015,Bãi Dứa Vũng Tàu,Bà Rịa - Vũng Tàu,Thiên nhiên,Biển đảo/rừng ngập mặn/sinh thái,beach
BRVT_0090,Bãi Lò Vôi,Bà Rịa - Vũng Tàu,Thiên nhiên,Biển đảo/rừng ngập mặn/sinh thái,beach
BRVT_0070,Bãi Nhát,Bà Rịa - Vũng Tàu,Thiên nhiên,Biển đảo/rừng ngập mặn/sinh thái,beach
BRVT_0018,Bãi Thủy Tiên,Bà Rịa - Vũng Tàu,Thiên nhiên,Biển đảo/rừng ngập mặn/sinh thái,beach
BRVT_0017,Bãi Vọng Nguyệt,Bà Rịa - Vũng Tàu,Thiên nhiên,Biển đảo/rừng ngập mặn/sinh thái,beach
BRVT_0037,Bãi biển Phước Hải,Bà Rịa - Vũng Tàu,Thiên nhiên,Biển đảo/rừng ngập mặn/sinh thái,beach
BRVT_0092,Bãi Ông Đụng,Bà Rịa - Vũng Tàu,Thiên nhiên,Biển đảo/rừng ngập mặn/sinh thái,beach
BRVT_0069,Bãi Đầm Trầu,Bà Rịa - Vũng Tàu,Thiên nhiên,Biển đảo/rừng ngập mặn/sinh thái,beach
BRVT_0025,Bảo tàng Bà Rịa - Vũng Tàu,Bà Rịa - Vũng Tàu,Văn hóa,Di tích lịch sử/bảo tàng,culture
BRVT_0024,Bảo tàng Vũ khí cổ Robert Taylor,Bà Rịa - Vũng Tàu,Văn hóa,Di tích lịch sử/bảo tàng,culture
BRVT_0064,Chùa Hộ Pháp,Bà Rịa - Vũng Tàu,Tâm linh,Chùa/thiền viện,religious
BRVT_0082,Chùa Núi Một,Bà Rịa - Vũng Tàu,Tâm linh,Chùa/thiền viện,religious
BRVT_0060,Chợ Bà Rịa,Bà Rịa - Vũng Tàu,Văn hóa cộng đồng,Phố/chợ/làng nghề,culture
BRVT_0023,Chợ Xóm Lưới,Bà Rịa - Vũng Tàu,Văn hóa cộng đồng,Phố/chợ/làng nghề,culture
BRVT_0022,Chợ đêm Vũng Tàu,Bà Rịa - Vũng Tàu,Văn hóa cộng đồng,Phố/chợ/làng nghề,culture
BRVT_0062,Công viên Bàu Thành,Bà Rịa - Vũng Tàu,Giải trí,Công viên/khu vui chơi/check-in,checkin
BRVT_0079,Dinh Chúa Đảo,Bà Rịa - Vũng Tàu,Thiên nhiên,Biển đảo/rừng ngập mặn/sinh thái,religious
BRVT_0013,Hòn Bà Vũng Tàu,Bà Rịa - Vũng Tàu,Thiên nhiên,Biển đảo/rừng ngập mặn/sinh thái,beach
BRVT_0083,Hòn Bảy Cạnh,Bà Rịa - Vũng Tàu,Thiên nhiên,Biển đảo/rừng ngập mặn/sinh thái,beach
BRVT_0084,Hòn Tài,Bà Rịa - Vũng Tàu,Thiên nhiên,Biển đảo/rừng ngập mặn/sinh thái,beach
BRVT_0032,Hồ Bàu Sen Vũng Tàu,Bà Rịa - Vũng Tàu,Thiên nhiên,Biển đảo/rừng ngập mặn/sinh thái,beach
BRVT_0067,Hồ Châu Pha,Bà Rịa - Vũng Tàu,Thiên nhiên,Biển đảo/rừng ngập mặn/sinh thái,beach
BRVT_0066,Hồ Đá Xanh,Bà Rịa - Vũng Tàu,Thiên nhiên,Biển đảo/rừng ngập mặn/sinh thái,beach
BRVT_0039,Khu căn cứ Minh Đạm,Bà Rịa - Vũng Tàu,Văn hóa,Di tích lịch sử/bảo tàng,culture
BRVT_0042,Khu di tích Võ Thị Sáu,Bà Rịa - Vũng Tàu,Văn hóa,Di tích lịch sử/bảo tàng,culture
BRVT_0031,Khu di tích trận địa pháo cổ Núi Lớn,Bà Rịa - Vũng Tàu,Văn hóa,Di tích lịch sử/bảo tàng,culture
BRVT_0020,Khu du lịch Gió Biển Vũng Tàu,Bà Rịa - Vũng Tàu,Thiên nhiên,Biển đảo/rừng ngập mặn/sinh thái,beach
BRVT_0065,Khu du lịch sinh thái Bưng Bạc,Bà Rịa - Vũng Tàu,Thiên nhiên,Biển đảo/rừng ngập mặn/sinh thái,beach
BRVT_0095,Làng chài Bến Đầm,Bà Rịa - Vũng Tàu,Thiên nhiên,Biển đảo/rừng núi/sinh thái,beach
BRVT_0041,Làng chài Phước Hải,Bà Rịa - Vũng Tàu,Văn hóa cộng đồng,Phố/chợ/làng nghề,culture
BRVT_0081,Miếu Bà Phi Yến,Bà Rịa - Vũng Tàu,Tâm linh,Công trình tôn giáo/tưởng niệm,religious
BRVT_0014,Miếu Hòn Bà,Bà Rịa - Vũng Tàu,Tâm linh,Công trình tôn giáo/tưởng niệm,religious
BRVT_0071,Mũi Cá Mập,Bà Rịa - Vũng Tàu,Thiên nhiên,Biển đảo/rừng ngập mặn/sinh thái,beach
BRVT_0010,Mũi Nghinh Phong,Bà Rịa - Vũng Tàu,Thiên nhiên,Biển đảo/rừng ngập mặn/sinh thái,beach
BRVT_0059,Nhà thờ Chánh tòa Bà Rịa,Bà Rịa - Vũng Tàu,Tâm linh,Công trình tôn giáo/tưởng niệm,religious
BRVT_0026,Niết Bàn Tịnh Xá,Bà Rịa - Vũng Tàu,Tâm linh,Chùa/thiền viện,religious
BRVT_0006,Núi Lớn Vũng Tàu,Bà Rịa - Vũng Tàu,Thiên nhiên,Biển đảo/rừng ngập mặn/sinh thái,beach
BRVT_0038,Núi Minh Đạm,Bà Rịa - Vũng Tàu,Thiên nhiên,Biển đảo/rừng ngập mặn/sinh thái,beach
BRVT_0005,Núi Nhỏ Vũng Tàu,Bà Rịa - Vũng Tàu,Thiên nhiên,Biển đảo/rừng ngập mặn/sinh thái,beach
BRVT_0040,Thiền viện Trúc Lâm Chân Nguyên,Bà Rịa - Vũng Tàu,Tâm linh,Chùa/thiền viện,religious
BRVT_0027,Thích Ca Phật Đài,Bà Rịa - Vũng Tàu,Văn hóa,Di tích lịch sử/bảo tàng,culture
BRVT_0036,Đèo Nước Ngọt,Bà Rịa - Vũng Tàu,Thiên nhiên,Biển đảo/rừng ngập mặn/sinh thái,beach
BRVT_0030,Đình Thắng Tam,Bà Rịa - Vũng Tàu,Tâm linh,Công trình tôn giáo/tưởng niệm,religious
BRVT_0063,Đại Tòng Lâm Tự,Bà Rịa - Vũng Tàu,Tâm linh,Chùa/thiền viện,religious
BRVT_0061,Địa đạo Long Phước,Bà Rịa - Vũng Tàu,Thiên nhiên,Biển đảo/rừng núi/sinh thái,beach
BRVT_0028,Đức Mẹ Bãi Dâu,Bà Rịa - Vũng Tàu,Thiên nhiên,Biển đảo/rừng núi/sinh thái,beach
BRVT_0058,Bà Rịa City Park,Bà Rịa - Vũng Tàu,Di tích,Điểm tham quan văn hóa,heritage
BRVT_0009,Bạch Dinh,Bà Rịa - Vũng Tàu,Di tích,Điểm tham quan văn hóa,heritage
BRVT_0033,Bến du thuyền Marina Vũng Tàu,Bà Rịa - Vũng Tàu,Di tích,Điểm tham quan văn hóa,heritage
BRVT_0076,Chuồng cọp Mỹ,Bà Rịa - Vũng Tàu,Di tích,Điểm tham quan văn hóa,heritage
BRVT_0075,Chuồng cọp Pháp,Bà Rịa - Vũng Tàu,Di tích,Điểm tham quan văn hóa,heritage
BRVT_0086,Cảng Bến Đầm,Bà Rịa - Vũng Tàu,Thiên nhiên,Biển đảo/rừng núi/sinh thái,beach
BRVT_0054,Cảng cá Lộc An,Bà Rịa - Vũng Tàu,Di tích,Điểm tham quan văn hóa,heritage
BRVT_0089,Cầu tàu 914,Bà Rịa - Vũng Tàu,Di tích,Điểm tham quan văn hóa,heritage
BRVT_0011,Cổng Trời Vũng Tàu,Bà Rịa - Vũng Tàu,Di tích,Điểm tham quan văn hóa,heritage
BRVT_0004,Hải đăng Vũng Tàu,Bà Rịa - Vũng Tàu,Di tích,Điểm tham quan văn hóa,heritage
BRVT_0029,Linh Sơn Cổ Tự Vũng Tàu,Bà Rịa - Vũng Tàu,Di tích,Điểm tham quan văn hóa,heritage
BRVT_0019,Marina Vũng Tàu,Bà Rịa - Vũng Tàu,Di tích,Điểm tham quan văn hóa,heritage
BRVT_0077,Nghĩa trang Hàng Dương,Bà Rịa - Vũng Tàu,Di tích,Điểm tham quan văn hóa,heritage
BRVT_0043,Nhà lưu niệm Võ Thị Sáu,Bà Rịa - Vũng Tàu,Di tích,Điểm tham quan văn hóa,heritage
BRVT_0056,The Bluffs Grand Ho Tram Strip,Bà Rịa - Vũng Tàu,Di tích,Điểm tham quan văn hóa,heritage
BRVT_0074,Trại Phú Hải,Bà Rịa - Vũng Tàu,Di tích,Điểm tham quan văn hóa,heritage
BRVT_0012,Đồi Con Heo,Bà Rịa - Vũng Tàu,Di tích,Điểm tham quan văn hóa,heritage
BDU_0003,Biển nhân tạo Đại Nam,Bình Dương,Thiên nhiên,Biển đảo/rừng núi/sinh thái,beach
BDU_0025,Chùa Bà Lái Thiêu,Bình Dương,Tâm linh,Chùa/thiền viện,religious
BDU_0029,Chùa Châu Thới,Bình Dương,Tâm linh,Chùa/thiền viện,religious
BDU_0006,Chùa Hội Khánh,Bình Dương,Tâm linh,Chùa/thiền viện,religious
BDU_0045,Chợ Dầu Tiếng,Bình Dương,Văn hóa cộng đồng,Làng nghề/chợ/vườn trái cây,culture
BDU_0024,Chợ Lái Thiêu,Bình Dương,Văn hóa cộng đồng,Làng nghề/chợ/vườn trái cây,culture
BDU_0026,Cầu Ngang Lái Thiêu,Bình Dương,Văn hóa cộng đồng,Làng nghề/chợ/vườn trái cây,culture
BDU_0016,Di tích Nhà tù Phú Lợi,Bình Dương,Văn hóa,Di tích lịch sử/bảo tàng,culture
BDU_0036,Hồ Dầu Tiếng phía Bình Dương,Bình Dương,Thiên nhiên,Hồ/rừng/thác/sinh thái,mountain
BDU_0037,Khu du lịch hồ Dầu Tiếng,Bình Dương,Thiên nhiên,Hồ/rừng/thác/sinh thái,mountain
BDU_0001,Khu du lịch Đại Nam,Bình Dương,Giải trí,Công viên/khu vui chơi/check-in,checkin
BDU_0044,Làng cao su Dầu Tiếng,Bình Dương,Văn hóa cộng đồng,Làng nghề/chợ/vườn trái cây,culture
BDU_0021,Làng nghề gốm Lái Thiêu,Bình Dương,Văn hóa cộng đồng,Làng nghề/chợ/vườn trái cây,culture
BDU_0030,Núi Châu Thới,Bình Dương,Tâm linh,Chùa/thiền viện,religious
BDU_0005,Trường đua Đại Nam,Bình Dương,Giải trí,Công viên/khu vui chơi/check-in,checkin
BDU_0007,Tượng Phật nhập Niết bàn chùa Hội Khánh,Bình Dương,Tâm linh,Chùa/thiền viện,religious
BDU_0023,Vườn măng cụt Lái Thiêu,Bình Dương,Văn hóa cộng đồng,Làng nghề/chợ/vườn trái cây,culture
BDU_0004,Vườn thú Đại Nam,Bình Dương,Giải trí,Công viên/khu vui chơi/check-in,checkin
BDU_0022,Vườn trái cây Lái Thiêu,Bình Dương,Văn hóa cộng đồng,Làng nghề/chợ/vườn trái cây,culture
BDU_0002,Đại Nam Văn Hiến,Bình Dương,Giải trí,Công viên/khu vui chơi/check-in,checkin
BDU_0027,AEON Mall Bình Dương Canary,Bình Dương,Giải trí,Công viên/khu vui chơi/check-in,checkin
BDU_0013,Bảo tàng Bình Dương,Bình Dương,Văn hóa,Di tích lịch sử/bảo tàng,culture
BDU_0008,Chùa Bà Thiên Hậu Bình Dương,Bình Dương,Tâm linh,Chùa/thiền viện,religious
BDU_0053,Chùa Hội An Bình Dương,Bình Dương,Tâm linh,Chùa/thiền viện,religious
BDU_0039,Chùa Thái Sơn Núi Cậu,Bình Dương,Tâm linh,Chùa/thiền viện,religious
BDU_0011,Chùa Tây Tạng Bình Dương,Bình Dương,Tâm linh,Chùa/thiền viện,religious
BDU_0012,Chùa Ông Ngựa Bình Dương,Bình Dương,Tâm linh,Chùa/thiền viện,religious
BDU_0067,Chợ Bàu Bàng,Bình Dương,Văn hóa cộng đồng,Làng nghề/chợ/vườn trái cây,culture
BDU_0051,Chợ Bến Cát,Bình Dương,Văn hóa cộng đồng,Làng nghề/chợ/vườn trái cây,culture
BDU_0063,Chợ Phú Giáo,Bình Dương,Văn hóa cộng đồng,Làng nghề/chợ/vườn trái cây,culture
BDU_0019,Chợ Thủ Dầu Một,Bình Dương,Văn hóa cộng đồng,Làng nghề/chợ/vườn trái cây,culture
BDU_0056,Chợ Tân Uyên,Bình Dương,Văn hóa cộng đồng,Làng nghề/chợ/vườn trái cây,culture
BDU_0069,Công viên Thành phố mới Bình Dương,Bình Dương,Văn hóa cộng đồng,Làng nghề/chợ/vườn trái cây,culture
BDU_0017,Công viên Thủ Dầu Một,Bình Dương,Giải trí,Công viên/khu vui chơi/check-in,checkin
BDU_0041,Di tích Sở chỉ huy tiền phương chiến dịch Hồ Chí Minh,Bình Dương,Tâm linh,Công trình tôn giáo/tưởng niệm,religious
BDU_0031,Hồ Bình An,Bình Dương,Thiên nhiên,Hồ/rừng/thác/sinh thái,mountain
BDU_0046,Hồ Cần Nôm,Bình Dương,Thiên nhiên,Hồ/rừng/thác/sinh thái,mountain
BDU_0064,Hồ Phước Hòa,Bình Dương,Thiên nhiên,Hồ/rừng/thác/sinh thái,mountain
BDU_0059,Hồ Đá Bàn Bình Dương,Bình Dương,Thiên nhiên,Hồ/rừng/thác/sinh thái,mountain
BDU_0040,Khu di tích Chiến khu Đ,Bình Dương,Văn hóa,Di tích lịch sử/bảo tàng,culture
BDU_0049,Khu di tích Tam Giác Sắt,Bình Dương,Văn hóa,Di tích lịch sử/bảo tàng,culture
BDU_0047,Khu du lịch Cầu Gãy,Bình Dương,Thiên nhiên,Hồ/rừng/thác/sinh thái,mountain
BDU_0028,Khu du lịch Phương Nam Bình Dương,Bình Dương,Giải trí,Công viên/khu vui chơi/check-in,checkin
BDU_0035,Khu du lịch Thủy Châu,Bình Dương,Giải trí,Công viên/khu vui chơi/check-in,checkin
BDU_0052,Khu du lịch sinh thái Hàn Tam Đẳng,Bình Dương,Giải trí,Công viên/khu vui chơi/check-in,checkin
BDU_0032,Khu du lịch sinh thái Hồ Bình An,Bình Dương,Thiên nhiên,Hồ/rừng/thác/sinh thái,mountain
BDU_0066,Khu du lịch sinh thái Suối Rạt,Bình Dương,Thiên nhiên,Hồ/rừng/thác/sinh thái,mountain
BDU_0061,Khu sinh thái Suối Cái,Bình Dương,Thiên nhiên,Hồ/rừng/thác/sinh thái,mountain
BDU_0055,Làng gốm Tân Phước Khánh,Bình Dương,Văn hóa cộng đồng,Làng nghề/chợ/vườn trái cây,culture
BDU_0058,Làng nghề mộc Tân Uyên,Bình Dương,Văn hóa cộng đồng,Làng nghề/chợ/vườn trái cây,culture
BDU_0020,Làng sơn mài Tương Bình Hiệp,Bình Dương,Văn hóa cộng đồng,Làng nghề/chợ/vườn trái cây,culture
BDU_0050,Làng tre Phú An,Bình Dương,Văn hóa cộng đồng,Làng nghề/chợ/vườn trái cây,culture
BDU_0033,Làng đại học Quốc gia TP.HCM khu Dĩ An,Bình Dương,Văn hóa cộng đồng,Làng nghề/chợ/vườn trái cây,culture
BDU_0071,Midori Park Bình Dương,Bình Dương,Giải trí,Công viên/khu vui chơi/check-in,checkin
BDU_0009,Miếu Bà Thiên Hậu Thủ Dầu Một,Bình Dương,Tâm linh,Chùa/thiền viện,religious
BDU_0010,Nhà thờ Chánh tòa Phú Cường,Bình Dương,Tâm linh,Công trình tôn giáo/tưởng niệm,religious
BDU_0038,Núi Cậu,Bình Dương,Thiên nhiên,Hồ/rừng/thác/sinh thái,mountain
BDU_0018,Phố đi bộ Bạch Đằng Bình Dương,Bình Dương,Văn hóa cộng đồng,Làng nghề/chợ/vườn trái cây,culture
BDU_0042,Rừng Kiến An,Bình Dương,Thiên nhiên,Hồ/rừng/thác/sinh thái,mountain
BDU_0060,Rừng Mã Đà phía Bình Dương,Bình Dương,Thiên nhiên,Hồ/rừng/thác/sinh thái,mountain
BDU_0065,Rừng cao su Phú Giáo,Bình Dương,Thiên nhiên,Hồ/rừng/thác/sinh thái,religious
BDU_0034,Suối Lồ Ồ Bình Dương,Bình Dương,Thiên nhiên,Hồ/rừng/thác/sinh thái,mountain
BDU_0043,Suối Trúc,Bình Dương,Thiên nhiên,Hồ/rừng/thác/sinh thái,mountain
BDU_0054,Vườn trái cây Tân Uyên,Bình Dương,Văn hóa cộng đồng,Làng nghề/chợ/vườn trái cây,culture
BDU_0048,Địa đạo Tam Giác Sắt,Bình Dương,Thiên nhiên,Biển đảo/rừng núi/sinh thái,beach
BDU_0057,Cù lao Rùa,Bình Dương,Di tích,Điểm tham quan văn hóa,heritage
BDU_0068,Khu đô thị Bàu Bàng,Bình Dương,Di tích,Điểm tham quan văn hóa,heritage
BDU_0015,Nhà cổ Trần Công Vàng,Bình Dương,Di tích,Điểm tham quan văn hóa,heritage
BDU_0014,Nhà cổ Trần Văn Hổ,Bình Dương,Di tích,Điểm tham quan văn hóa,heritage
BDU_0070,Trung tâm Hành chính Bình Dương viewpoint,Bình Dương,Di tích,Điểm tham quan văn hóa,heritage
BDU_0062,Vườn cây ăn trái Bắc Tân Uyên,Bình Dương,Di tích,Điểm tham quan văn hóa,heritage
BP_0020,Chợ Lộc Ninh,Bình Phước,Văn hóa cộng đồng,Làng nghề/chợ/vườn trái cây,culture
BP_0003,Cáp treo Bà Rá,Bình Phước,Thiên nhiên,Hồ/rừng/thác/sinh thái,mountain
BP_0016,Di tích căn cứ Tà Thiết,Bình Phước,Văn hóa,Di tích lịch sử/bảo tàng,culture
BP_0026,Hồ Suối Lam,Bình Phước,Thiên nhiên,Hồ/rừng/thác/sinh thái,mountain
BP_0022,Khu bảo tồn văn hóa Sóc Bom Bo,Bình Phước,Văn hóa,Di tích lịch sử/bảo tàng,culture
BP_0015,Khu căn cứ Tà Thiết,Bình Phước,Văn hóa,Di tích lịch sử/bảo tàng,culture
BP_0025,Khu du lịch Trảng cỏ Bù Lạch,Bình Phước,Giải trí,Công viên/khu vui chơi/check-in,checkin
BP_0027,Khu du lịch hồ Suối Lam,Bình Phước,Thiên nhiên,Hồ/rừng/thác/sinh thái,mountain
BP_0002,Khu du lịch núi Bà Rá,Bình Phước,Thiên nhiên,Hồ/rừng/thác/sinh thái,mountain
BP_0061,Làng S'tiêng Bù Gia Mập,Bình Phước,Văn hóa cộng đồng,Làng nghề/chợ/vườn trái cây,culture
BP_0006,Miếu Bà Rá,Bình Phước,Tâm linh,Công trình tôn giáo/tưởng niệm,religious
BP_0017,Nhà Giao tế Lộc Ninh,Bình Phước,Di tích,Điểm tham quan văn hóa,heritage
BP_0001,Núi Bà Rá,Bình Phước,Thiên nhiên,Hồ/rừng/thác/sinh thái,mountain
BP_0054,Núi Bà Rá viewpoint,Bình Phước,Thiên nhiên,Hồ/rừng/thác/sinh thái,mountain
BP_0009,Rừng Bù Gia Mập,Bình Phước,Thiên nhiên,Hồ/rừng/thác/sinh thái,mountain
BP_0018,Sân bay quân sự Lộc Ninh cũ,Bình Phước,Di tích,Điểm tham quan văn hóa,heritage
BP_0021,Sóc Bom Bo,Bình Phước,Văn hóa,Di tích lịch sử/bảo tàng,culture
BP_0011,Thác Lưu Ly Bù Gia Mập,Bình Phước,Thiên nhiên,Hồ/rừng/thác/sinh thái,mountain
BP_0023,Thác Đứng,Bình Phước,Thiên nhiên,Hồ/rừng/thác/sinh thái,mountain
BP_0024,Trảng cỏ Bù Lạch,Bình Phước,Di tích,Điểm tham quan văn hóa,heritage
BP_0064,Vườn cao su Lộc Ninh,Bình Phước,Di tích,Điểm tham quan văn hóa,heritage
BP_0008,Vườn quốc gia Bù Gia Mập,Bình Phước,Thiên nhiên,Hồ/rừng/thác/sinh thái,mountain
BP_0063,Vườn tiêu Lộc Ninh,Bình Phước,Di tích,Điểm tham quan văn hóa,heritage
BP_0060,Bon Bu Prâng,Bình Phước,Văn hóa cộng đồng,Làng nghề/chợ/vườn trái cây,culture
BP_0032,Bảo tàng Bình Phước,Bình Phước,Văn hóa,Di tích lịch sử/bảo tàng,culture
BP_0034,Chùa Quang Minh Đồng Xoài,Bình Phước,Tâm linh,Chùa/thiền viện,religious
BP_0045,Chợ Bình Long,Bình Phước,Văn hóa cộng đồng,Làng nghề/chợ/vườn trái cây,culture
BP_0041,Chợ Bù Đốp,Bình Phước,Văn hóa,Di tích lịch sử/bảo tàng,culture
BP_0052,Chợ Chơn Thành,Bình Phước,Văn hóa cộng đồng,Làng nghề/chợ/vườn trái cây,culture
BP_0038,Chợ Phú Riềng,Bình Phước,Văn hóa cộng đồng,Làng nghề/chợ/vườn trái cây,culture
BP_0056,Chợ Phước Long,Bình Phước,Văn hóa cộng đồng,Làng nghề/chợ/vườn trái cây,culture
BP_0050,Chợ Tân Khai,Bình Phước,Văn hóa cộng đồng,Làng nghề/chợ/vườn trái cây,culture
BP_0033,Chợ Đồng Xoài,Bình Phước,Văn hóa cộng đồng,Làng nghề/chợ/vườn trái cây,culture
BP_0029,Công viên Đồng Xoài,Bình Phước,Giải trí,Công viên/khu vui chơi/check-in,checkin
BP_0048,Căn cứ Nha Bích,Bình Phước,Văn hóa,Di tích lịch sử/bảo tàng,culture
BP_0037,Di tích Phú Riềng Đỏ,Bình Phước,Văn hóa,Di tích lịch sử/bảo tàng,culture
BP_0043,Di tích chiến thắng An Lộc,Bình Phước,Văn hóa,Di tích lịch sử/bảo tàng,culture
BP_0059,Hồ Bù Lạch,Bình Phước,Thiên nhiên,Hồ/rừng/thác/sinh thái,mountain
BP_0055,Hồ Long Thủy Phước Long,Bình Phước,Thiên nhiên,Hồ/rừng/thác/sinh thái,mountain
BP_0068,Hồ Rừng Đồng Xoài,Bình Phước,Thiên nhiên,Hồ/rừng/thác/sinh thái,mountain
BP_0046,Hồ Sa Cát Bình Long,Bình Phước,Thiên nhiên,Hồ/rừng/thác/sinh thái,mountain
BP_0039,Hồ thủy điện Cần Đơn,Bình Phước,Thiên nhiên,Hồ/rừng/thác/sinh thái,mountain
BP_0005,Hồ thủy điện Thác Mơ,Bình Phước,Thiên nhiên,Hồ/rừng/thác/sinh thái,mountain
BP_0028,Hồ Đồng Xoài,Bình Phước,Thiên nhiên,Hồ/rừng/thác/sinh thái,mountain
BP_0051,Khu công viên Chơn Thành,Bình Phước,Giải trí,Công viên/khu vui chơi/check-in,checkin
BP_0053,Khu di tích Nha Bích - Chơn Thành,Bình Phước,Văn hóa,Di tích lịch sử/bảo tàng,culture
BP_0049,Khu di tích Tổng kho Long Bình cũ Bình Phước,Bình Phước,Văn hóa,Di tích lịch sử/bảo tàng,culture
BP_0047,Khu di tích chiến thắng Chốt chặn Tàu Ô,Bình Phước,Văn hóa,Di tích lịch sử/bảo tàng,culture
BP_0035,Khu du lịch Mỹ Lệ,Bình Phước,Giải trí,Công viên/khu vui chơi/check-in,checkin
BP_0062,Khu du lịch sinh thái Bom Bo,Bình Phước,Giải trí,Công viên/khu vui chơi/check-in,checkin
BP_0066,Khu du lịch sinh thái Sơn Hà,Bình Phước,Giải trí,Công viên/khu vui chơi/check-in,checkin
BP_0069,Khu tưởng niệm Đồng Xoài,Bình Phước,Tâm linh,Công trình tôn giáo/tưởng niệm,religious
BP_0042,Núi Gió Bình Long,Bình Phước,Thiên nhiên,Hồ/rừng/thác/sinh thái,mountain
BP_0067,Suối Đá Đồng Phú,Bình Phước,Thiên nhiên,Hồ/rừng/thác/sinh thái,religious
BP_0012,Suối Đắk Ca,Bình Phước,Thiên nhiên,Hồ/rừng/thác/sinh thái,mountain
BP_0004,Thác Mơ Phước Long,Bình Phước,Thiên nhiên,Hồ/rừng/thác/sinh thái,mountain
BP_0058,Thác Pan Toong,Bình Phước,Thiên nhiên,Hồ/rừng/thác/sinh thái,mountain
BP_0057,Thác Voi Bình Phước,Bình Phước,Thiên nhiên,Hồ/rừng/thác/sinh thái,mountain
BP_0040,Thác số 4 Bù Đốp,Bình Phước,Văn hóa,Di tích lịch sử/bảo tàng,culture
BP_0010,Thác Đắk Mai,Bình Phước,Thiên nhiên,Hồ/rừng/thác/sinh thái,mountain
BP_0044,Tượng đài chiến thắng An Lộc,Bình Phước,Tâm linh,Công trình tôn giáo/tưởng niệm,religious
BP_0007,Tượng đài chiến thắng Phước Long,Bình Phước,Tâm linh,Công trình tôn giáo/tưởng niệm,religious
BP_0031,Tượng đài chiến thắng Đồng Xoài,Bình Phước,Tâm linh,Công trình tôn giáo/tưởng niệm,religious
BP_0014,Cửa khẩu Hoa Lư,Bình Phước,Di tích,Điểm tham quan văn hóa,heritage
BP_0013,Cửa khẩu Hoàng Diệu,Bình Phước,Di tích,Điểm tham quan văn hóa,heritage
BP_0019,Kho xăng Lộc Quang,Bình Phước,Di tích,Điểm tham quan văn hóa,heritage
BP_0030,Quảng trường 23/3 Đồng Xoài,Bình Phước,Di tích,Điểm tham quan văn hóa,heritage
BP_0036,Vườn điều Phú Riềng,Bình Phước,Di tích,Điểm tham quan văn hóa,heritage
BP_0065,Đồi chè Phú Riềng,Bình Phước,Di tích,Điểm tham quan văn hóa,heritage
BT_0043,Biển Cổ Thạch,Bình Thuận,Thiên nhiên,Biển đảo/rừng núi/sinh thái,beach
BT_0001,Biển Mũi Né,Bình Thuận,Thiên nhiên,Biển đảo/đồi cát/rừng núi/sinh thái,beach
BT_0009,Bàu Trắng,Bình Thuận,Thiên nhiên,Biển đảo/đồi cát/rừng núi/sinh thái,beach
BT_0025,Bãi Rạng Mũi Né,Bình Thuận,Thiên nhiên,Biển đảo/đồi cát/rừng núi/sinh thái,beach
BT_0034,Bãi đá Kê Gà,Bình Thuận,Thiên nhiên,Biển đảo/đồi cát/rừng núi/sinh thái,beach
BT_0044,Bãi đá bảy màu Cổ Thạch,Bình Thuận,Thiên nhiên,Biển đảo/rừng núi/sinh thái,beach
BT_0045,Chùa Cổ Thạch,Bình Thuận,Tâm linh,Chùa/thiền viện,religious
BT_0049,Chùa Hang Cổ Thạch,Bình Thuận,Tâm linh,Chùa/thiền viện,religious
BT_0059,Chùa Linh Sơn Phú Quý,Bình Thuận,Tâm linh,Chùa/thiền viện,religious
BT_0077,Chợ Mũi Né,Bình Thuận,Thiên nhiên,Biển đảo/đồi cát/rừng núi/sinh thái,beach
BT_0068,Chợ Phú Quý,Bình Thuận,Thiên nhiên,Biển đảo/đồi cát/rừng núi/sinh thái,religious
BT_0012,Cung đường Bàu Trắng,Bình Thuận,Thiên nhiên,Biển đảo/đồi cát/rừng núi/sinh thái,beach
BT_0069,Cảng Phú Quý,Bình Thuận,Thiên nhiên,Biển đảo/đồi cát/rừng núi/sinh thái,religious
BT_0066,Cột cờ Phú Quý,Bình Thuận,Thiên nhiên,Biển đảo/đồi cát/rừng núi/sinh thái,religious
BT_0065,Dốc Phượt Phú Quý,Bình Thuận,Thiên nhiên,Biển đảo/đồi cát/rừng núi/sinh thái,religious
BT_0064,Hòn Đen Phú Quý,Bình Thuận,Thiên nhiên,Biển đảo/đồi cát/rừng núi/sinh thái,religious
BT_0033,Hải đăng Kê Gà,Bình Thuận,Thiên nhiên,Biển đảo/đồi cát/rừng núi/sinh thái,beach
BT_0057,Hải đăng Phú Quý,Bình Thuận,Thiên nhiên,Biển đảo/đồi cát/rừng núi/sinh thái,religious
BT_0062,Hồ vô cực Phú Quý,Bình Thuận,Thiên nhiên,Biển đảo/đồi cát/rừng núi/sinh thái,religious
BT_0035,Khu du lịch Tà Cú,Bình Thuận,Di tích,Điểm tham quan văn hóa,heritage
BT_0002,Làng chài Mũi Né,Bình Thuận,Thiên nhiên,Biển đảo/rừng núi/sinh thái,beach
BT_0024,Lầu Ông Hoàng,Bình Thuận,Văn hóa,Di tích lịch sử/bảo tàng,culture
BT_0032,Mũi Kê Gà,Bình Thuận,Thiên nhiên,Biển đảo/đồi cát/rừng núi/sinh thái,beach
BT_0036,Núi Tà Cú,Bình Thuận,Tâm linh,Chùa/thiền viện,religious
BT_0027,Sea Links Golf Mũi Né,Bình Thuận,Thiên nhiên,Biển đảo/đồi cát/rừng núi/sinh thái,beach
BT_0005,Suối Tiên Mũi Né,Bình Thuận,Thiên nhiên,Biển đảo/đồi cát/rừng núi/sinh thái,beach
BT_0017,Trường Dục Thanh,Bình Thuận,Văn hóa,Di tích lịch sử/bảo tàng,culture
BT_0038,Tượng Phật nằm Tà Cú,Bình Thuận,Di tích,Điểm tham quan văn hóa,heritage
BT_0056,Đảo Phú Quý,Bình Thuận,Thiên nhiên,Biển đảo/đồi cát/rừng núi/sinh thái,religious
BT_0003,Đồi cát Bay Mũi Né,Bình Thuận,Thiên nhiên,Biển đảo/đồi cát/rừng núi/sinh thái,beach
BT_0004,Đồi cát đỏ Mũi Né,Bình Thuận,Thiên nhiên,Biển đảo/đồi cát/rừng núi/sinh thái,beach
BT_0051,Biển Cam Bình,Bình Thuận,Thiên nhiên,Biển đảo/đồi cát/rừng núi/sinh thái,beach
BT_0050,Biển La Gi,Bình Thuận,Thiên nhiên,Biển đảo/đồi cát/rừng núi/sinh thái,beach
BT_0039,Biển Thuận Quý,Bình Thuận,Thiên nhiên,Biển đảo/đồi cát/rừng núi/sinh thái,beach
BT_0031,Biển Tiến Thành,Bình Thuận,Thiên nhiên,Biển đảo/đồi cát/rừng núi/sinh thái,beach
BT_0040,Biển Tân Thành,Bình Thuận,Thiên nhiên,Biển đảo/đồi cát/rừng núi/sinh thái,beach
BT_0013,Biển Đồi Dương,Bình Thuận,Thiên nhiên,Biển đảo/đồi cát/rừng núi/sinh thái,beach
BT_0061,Bãi Nhỏ - Gành Hang,Bình Thuận,Thiên nhiên,Biển đảo/đồi cát/rừng núi/sinh thái,beach
BT_0090,Bãi Suối Nước,Bình Thuận,Thiên nhiên,Biển đảo/đồi cát/rừng núi/sinh thái,beach
BT_0084,Bãi biển Hòa Thắng,Bình Thuận,Thiên nhiên,Biển đảo/đồi cát/rừng núi/sinh thái,beach
BT_0053,Bãi biển Đồi Dương La Gi,Bình Thuận,Thiên nhiên,Biển đảo/đồi cát/rừng núi/sinh thái,beach
BT_0007,Bãi đá Ông Địa,Bình Thuận,Thiên nhiên,Biển đảo/đồi cát/rừng núi/sinh thái,beach
BT_0088,Bãi đá Ông Địa mở rộng,Bình Thuận,Thiên nhiên,Biển đảo/đồi cát/rừng núi/sinh thái,beach
BT_0019,Bảo tàng Bình Thuận,Bình Thuận,Văn hóa,Di tích lịch sử/bảo tàng,culture
BT_0018,Bảo tàng Hồ Chí Minh chi nhánh Bình Thuận,Bình Thuận,Văn hóa,Di tích lịch sử/bảo tàng,culture
BT_0037,Chùa Linh Sơn Trường Thọ,Bình Thuận,Tâm linh,Chùa/thiền viện,religious
BT_0022,Chợ đêm Phan Thiết,Bình Thuận,Văn hóa cộng đồng,Bản làng/làng nghề/chợ,culture
BT_0030,Circus Land Phan Thiết,Bình Thuận,Giải trí,Công viên/khu vui chơi/check-in,checkin
BT_0014,Công viên Đồi Dương,Bình Thuận,Giải trí,Công viên/khu vui chơi/check-in,checkin
BT_0041,Cù Lao Câu,Bình Thuận,Thiên nhiên,Biển đảo/đồi cát/rừng núi/sinh thái,beach
BT_0067,Dinh Mộ Thầy Nại,Bình Thuận,Tâm linh,Đền/tháp/miếu/lăng,religious
BT_0052,Dinh Thầy Thím,Bình Thuận,Tâm linh,Đền/tháp/miếu/lăng,religious
BT_0020,Dinh Vạn Thủy Tú,Bình Thuận,Tâm linh,Đền/tháp/miếu/lăng,religious
BT_0046,Gành Son,Bình Thuận,Thiên nhiên,Biển đảo/đồi cát/rừng núi/sinh thái,beach
BT_0006,Hòn Rơm,Bình Thuận,Thiên nhiên,Biển đảo/đồi cát/rừng núi/sinh thái,beach
BT_0089,Hòn Rơm 2,Bình Thuận,Thiên nhiên,Biển đảo/đồi cát/rừng núi/sinh thái,beach
BT_0063,Hòn Tranh,Bình Thuận,Thiên nhiên,Biển đảo/đồi cát/rừng núi/sinh thái,beach
BT_0070,Hồ Biển Lạc,Bình Thuận,Thiên nhiên,Biển đảo/đồi cát/rừng núi/sinh thái,beach
BT_0074,Hồ Hàm Thuận - Đa Mi,Bình Thuận,Thiên nhiên,Biển đảo/đồi cát/rừng núi/sinh thái,beach
BT_0072,Khu bảo tồn thiên nhiên Núi Ông,Bình Thuận,Thiên nhiên,Biển đảo/đồi cát/rừng núi/sinh thái,beach
BT_0091,Khu du lịch Hòn Rơm,Bình Thuận,Thiên nhiên,Biển đảo/đồi cát/rừng núi/sinh thái,beach
BT_0082,Làng chài Phan Thiết,Bình Thuận,Văn hóa cộng đồng,Bản làng/làng nghề/chợ,culture
BT_0079,Làng nghề nước mắm Phan Thiết,Bình Thuận,Văn hóa cộng đồng,Bản làng/làng nghề/chợ,culture
BT_0080,Làng nghề thanh long Hàm Thuận Nam,Bình Thuận,Văn hóa cộng đồng,Bản làng/làng nghề/chợ,culture
BT_0026,Lâu đài rượu vang RD,Bình Thuận,Giải trí,Công viên/khu vui chơi/check-in,checkin
BT_0029,NovaWorld Phan Thiết,Bình Thuận,Giải trí,Công viên/khu vui chơi/check-in,checkin
BT_0058,Núi Cao Cát,Bình Thuận,Thiên nhiên,Biển đảo/đồi cát/rừng núi/sinh thái,beach
BT_0075,Thác 9 tầng Đa Mi,Bình Thuận,Thiên nhiên,Biển đảo/đồi cát/rừng núi/sinh thái,beach
BT_0071,Thác Bà Tánh Linh,Bình Thuận,Thiên nhiên,Biển đảo/đồi cát/rừng núi/sinh thái,beach
BT_0073,Thác Reo Đức Linh,Bình Thuận,Thiên nhiên,Biển đảo/đồi cát/rừng núi/sinh thái,beach
BT_0023,Tháp Po Sah Inư,Bình Thuận,Tâm linh,Đền/tháp/miếu/lăng,religious
BT_0015,Tháp nước Phan Thiết,Bình Thuận,Văn hóa,Di tích lịch sử/bảo tàng,culture
BT_0060,Vịnh Triều Dương,Bình Thuận,Thiên nhiên,Biển đảo/đồi cát/rừng núi/sinh thái,beach
BT_0042,Đảo Cù Lao Câu,Bình Thuận,Thiên nhiên,Biển đảo/đồi cát/rừng núi/sinh thái,beach
BT_0047,Đồi cát Bình Thạnh,Bình Thuận,Thiên nhiên,Biển đảo/đồi cát/rừng núi/sinh thái,beach
BT_0085,Đồi cát Hòa Thắng,Bình Thuận,Thiên nhiên,Biển đảo/đồi cát/rừng núi/sinh thái,beach
BT_0011,Đồi cát Trinh Nữ,Bình Thuận,Thiên nhiên,Biển đảo/đồi cát/rừng núi/sinh thái,beach
BT_0087,Bàu Bà,Bình Thuận,Di tích,Điểm tham quan văn hóa,heritage
BT_0010,Bàu Sen,Bình Thuận,Di tích,Điểm tham quan văn hóa,heritage
BT_0086,Bàu Ông,Bình Thuận,Di tích,Điểm tham quan văn hóa,heritage
BT_0021,Chợ Phan Thiết,Bình Thuận,Ẩm thực,Chợ/đặc sản,food
BT_0083,Chợ cá Phan Thiết,Bình Thuận,Ẩm thực,Chợ/đặc sản,food
BT_0078,Chợ hải sản Hàm Tiến,Bình Thuận,Ẩm thực,Chợ/đặc sản,food
BT_0054,Coco Beach Camp La Gi,Bình Thuận,Thiên nhiên,Biển đảo/rừng núi/sinh thái,beach
BT_0048,Cánh đồng điện gió Tuy Phong,Bình Thuận,Di tích,Điểm tham quan văn hóa,heritage
BT_0055,Cảng cá La Gi,Bình Thuận,Di tích,Điểm tham quan văn hóa,heritage
BT_0028,Forgotten Land Sand Sculpture Park,Bình Thuận,Di tích,Điểm tham quan văn hóa,heritage
BT_0008,Hàm Tiến Beach,Bình Thuận,Thiên nhiên,Biển đảo/rừng núi/sinh thái,beach
BT_0016,Sông Cà Ty,Bình Thuận,Di tích,Điểm tham quan văn hóa,heritage
BT_0081,Vườn thanh long Bình Thuận,Bình Thuận,Di tích,Điểm tham quan văn hóa,heritage
BT_0076,Đa Mi viewpoint,Bình Thuận,Di tích,Điểm tham quan văn hóa,heritage
BDI_0013,Bãi Gala Cù Lao Xanh,Bình Định,Thiên nhiên,Biển đảo/rừng/hồ thác/sinh thái,beach
BDI_0012,Bãi Nhỏ Cù Lao Xanh,Bình Định,Thiên nhiên,Biển đảo/rừng/hồ thác/sinh thái,beach
BDI_0043,Bãi biển Trung Lương,Bình Định,Thiên nhiên,Biển đảo/rừng/hồ thác/sinh thái,beach
BDI_0046,Bảo tàng Quang Trung,Bình Định,Văn hóa,Di tích lịch sử/bảo tàng,culture
BDI_0010,Cù Lao Xanh,Bình Định,Thiên nhiên,Biển đảo/rừng/hồ thác/sinh thái,beach
BDI_0002,Eo Gió,Bình Định,Thiên nhiên,Biển đảo/rừng/hồ thác/sinh thái,beach
BDI_0017,Ghềnh Ráng Tiên Sa,Bình Định,Thiên nhiên,Biển đảo/rừng/hồ thác/sinh thái,beach
BDI_0011,Hải đăng Cù Lao Xanh,Bình Định,Thiên nhiên,Biển đảo/rừng/hồ thác/sinh thái,beach
BDI_0023,Khu du lịch Ghềnh Ráng,Bình Định,Thiên nhiên,Biển đảo/rừng/hồ thác/sinh thái,beach
BDI_0050,Khu du lịch Hầm Hô,Bình Định,Giải trí,Khu du lịch/công viên/check-in,checkin
BDI_0042,Khu du lịch Trung Lương,Bình Định,Giải trí,Khu du lịch/công viên/check-in,checkin
BDI_0001,Kỳ Co,Bình Định,Thiên nhiên,Biển đảo/rừng/hồ thác/sinh thái,beach
BDI_0051,Sông Kút Hầm Hô,Bình Định,Di tích,Điểm tham quan văn hóa,heritage
BDI_0036,Tháp Bánh Ít,Bình Định,Tâm linh,Đền/miếu/đình/tháp/lăng,religious
BDI_0024,Tháp Đôi Quy Nhơn,Bình Định,Tâm linh,Đền/miếu/đình/tháp/lăng,religious
BDI_0009,Bãi Dứa Nhơn Lý,Bình Định,Thiên nhiên,Biển đảo/rừng/hồ thác/sinh thái,beach
BDI_0018,Bãi Trứng,Bình Định,Thiên nhiên,Biển đảo/rừng/hồ thác/sinh thái,beach
BDI_0021,Bãi Xép Quy Nhơn,Bình Định,Thiên nhiên,Biển đảo/rừng/hồ thác/sinh thái,beach
BDI_0070,Bãi biển Hoài Hải,Bình Định,Thiên nhiên,Biển đảo/rừng/hồ thác/sinh thái,beach
BDI_0066,Bãi biển Lộ Diêu,Bình Định,Thiên nhiên,Biển đảo/rừng/hồ thác/sinh thái,beach
BDI_0063,Bãi biển Mỹ Thọ,Bình Định,Thiên nhiên,Biển đảo/rừng/hồ thác/sinh thái,beach
BDI_0007,Bãi biển Nhơn Lý,Bình Định,Thiên nhiên,Biển đảo/rừng/hồ thác/sinh thái,beach
BDI_0016,Bãi biển Quy Nhơn,Bình Định,Thiên nhiên,Biển đảo/rừng/hồ thác/sinh thái,beach
BDI_0060,Bãi biển Đề Gi,Bình Định,Thiên nhiên,Biển đảo/rừng/hồ thác/sinh thái,beach
BDI_0076,Bản làng An Toàn,Bình Định,Văn hóa cộng đồng,Chợ/làng nghề/miệt vườn,culture
BDI_0030,Bảo tàng Bình Định,Bình Định,Văn hóa,Di tích lịch sử/bảo tàng,culture
BDI_0044,Chùa Linh Phong Ông Núi,Bình Định,Tâm linh,Chùa/thiền viện,religious
BDI_0025,Chùa Long Khánh Quy Nhơn,Bình Định,Tâm linh,Chùa/thiền viện,religious
BDI_0026,Chùa Minh Tịnh,Bình Định,Tâm linh,Chùa/thiền viện,religious
BDI_0037,Chùa Thiên Hưng,Bình Định,Tâm linh,Chùa/thiền viện,religious
BDI_0065,Chợ Phù Mỹ,Bình Định,Văn hóa cộng đồng,Chợ/làng nghề/miệt vườn,culture
BDI_0080,Chợ Quy Nhơn,Bình Định,Văn hóa cộng đồng,Chợ/làng nghề/miệt vườn,culture
BDI_0031,Chợ Đầm Quy Nhơn,Bình Định,Văn hóa cộng đồng,Chợ/làng nghề/miệt vườn,culture
BDI_0032,Chợ đêm Quy Nhơn,Bình Định,Văn hóa cộng đồng,Chợ/làng nghề/miệt vườn,culture
BDI_0020,Dốc Mộng Cầm,Bình Định,Tâm linh,Đền/miếu/đình/tháp/lăng,religious
BDI_0005,FLC Quy Nhơn Beach & Golf Resort,Bình Định,Giải trí,Khu du lịch/công viên/check-in,checkin
BDI_0004,FLC Zoo Safari Park Quy Nhơn,Bình Định,Giải trí,Khu du lịch/công viên/check-in,checkin
BDI_0015,Hòn Khô,Bình Định,Thiên nhiên,Biển đảo/rừng/hồ thác/sinh thái,beach
BDI_0057,Hồ Định Bình,Bình Định,Thiên nhiên,Biển đảo/rừng/hồ thác/sinh thái,beach
BDI_0072,Khu căn cứ Núi Bà,Bình Định,Văn hóa,Di tích lịch sử/bảo tàng,culture
BDI_0075,Khu du lịch sinh thái An Toàn,Bình Định,Giải trí,Khu du lịch/công viên/check-in,checkin
BDI_0056,Khu du lịch sinh thái Vĩnh Sơn,Bình Định,Thiên nhiên,Biển đảo/rừng núi/sinh thái,beach
BDI_0035,Khu sinh thái Cồn Chim Thị Nại,Bình Định,Văn hóa cộng đồng,Chợ/làng nghề/miệt vườn,culture
BDI_0079,Làng Hà Văn Trên,Bình Định,Văn hóa cộng đồng,Chợ/làng nghề/miệt vườn,culture
BDI_0059,Làng K3 Vĩnh Sơn,Bình Định,Thiên nhiên,Biển đảo/rừng núi/sinh thái,beach
BDI_0082,Làng bún Song Thằn An Thái,Bình Định,Văn hóa cộng đồng,Chợ/làng nghề/miệt vườn,culture
BDI_0022,Làng chài Bãi Xép,Bình Định,Thiên nhiên,Biển đảo/rừng núi/sinh thái,beach
BDI_0014,Làng chài Nhơn Hải,Bình Định,Văn hóa cộng đồng,Chợ/làng nghề/miệt vườn,culture
BDI_0008,Làng chài Nhơn Lý,Bình Định,Văn hóa cộng đồng,Chợ/làng nghề/miệt vườn,culture
BDI_0069,Làng nghề dừa Tam Quan,Bình Định,Văn hóa cộng đồng,Chợ/làng nghề/miệt vườn,culture
BDI_0041,Làng nón ngựa Phú Gia,Bình Định,Văn hóa cộng đồng,Chợ/làng nghề/miệt vườn,culture
BDI_0084,Làng rèn Tây Phương Danh,Bình Định,Văn hóa cộng đồng,Chợ/làng nghề/miệt vườn,culture
BDI_0040,Làng rượu Bàu Đá,Bình Định,Văn hóa cộng đồng,Chợ/làng nghề/miệt vườn,culture
BDI_0083,Làng tiện gỗ Nhơn Hậu,Bình Định,Văn hóa cộng đồng,Chợ/làng nghề/miệt vườn,culture
BDI_0062,Mũi Vi Rồng,Bình Định,Thiên nhiên,Biển đảo/rừng/hồ thác/sinh thái,beach
BDI_0019,Mộ Hàn Mặc Tử,Bình Định,Tâm linh,Đền/miếu/đình/tháp/lăng,religious
BDI_0027,Nhà thờ Chính tòa Quy Nhơn,Bình Định,Tâm linh,Đền/miếu/đình/tháp/lăng,religious
BDI_0028,Quảng trường Nguyễn Tất Thành,Bình Định,Văn hóa,Di tích lịch sử/bảo tàng,culture
BDI_0078,Suối Tà Má,Bình Định,Thiên nhiên,Biển đảo/rừng/hồ thác/sinh thái,beach
BDI_0074,Suối nước nóng Hội Vân,Bình Định,Thiên nhiên,Biển đảo/rừng/hồ thác/sinh thái,beach
BDI_0068,Tam Quan Bắc làng chài,Bình Định,Văn hóa cộng đồng,Chợ/làng nghề/miệt vườn,culture
BDI_0038,Thành Hoàng Đế,Bình Định,Văn hóa,Di tích lịch sử/bảo tàng,culture
BDI_0058,Thác K50 Bình Định,Bình Định,Thiên nhiên,Biển đảo/rừng/hồ thác/sinh thái,beach
BDI_0077,Thác Đổ An Lão,Bình Định,Thiên nhiên,Biển đảo/rừng/hồ thác/sinh thái,beach
BDI_0052,Thác Đổ Tây Sơn,Bình Định,Thiên nhiên,Biển đảo/rừng/hồ thác/sinh thái,beach
BDI_0039,Tháp Cánh Tiên,Bình Định,Tâm linh,Đền/miếu/đình/tháp/lăng,religious
BDI_0054,Tháp Dương Long,Bình Định,Tâm linh,Đền/miếu/đình/tháp/lăng,religious
BDI_0055,Tháp Thủ Thiện,Bình Định,Tâm linh,Đền/miếu/đình/tháp/lăng,religious
BDI_0045,Tượng Phật ngồi chùa Ông Núi,Bình Định,Tâm linh,Chùa/thiền viện,religious
BDI_0029,Tượng đài Nguyễn Tất Thành - Nguyễn Sinh Sắc,Bình Định,Tâm linh,Đền/miếu/đình/tháp/lăng,religious
BDI_0034,Đầm Thị Nại,Bình Định,Thiên nhiên,Biển đảo/rừng/hồ thác/sinh thái,beach
BDI_0064,Đầm Trà Ổ,Bình Định,Thiên nhiên,Biển đảo/rừng/hồ thác/sinh thái,beach
BDI_0047,Đền thờ Tây Sơn Tam Kiệt,Bình Định,Tâm linh,Đền/miếu/đình/tháp/lăng,religious
BDI_0049,Cây me cổ thụ Tây Sơn,Bình Định,Di tích,Điểm tham quan văn hóa,heritage
BDI_0061,Cảng cá Đề Gi,Bình Định,Di tích,Điểm tham quan văn hóa,heritage
BDI_0033,Cầu Thị Nại,Bình Định,Di tích,Điểm tham quan văn hóa,heritage
BDI_0048,Giếng nước xưa Tây Sơn,Bình Định,Di tích,Điểm tham quan văn hóa,heritage
BDI_0067,Gành đá Lộ Diêu,Bình Định,Di tích,Điểm tham quan văn hóa,heritage
BDI_0073,Núi Bà Bình Định,Bình Định,Di tích,Điểm tham quan văn hóa,heritage
BDI_0081,Phố ẩm thực Quy Nhơn,Bình Định,Ẩm thực,Khu ẩm thực/đặc sản,food
BDI_0003,Tịnh xá Ngọc Hòa,Bình Định,Di tích,Điểm tham quan văn hóa,heritage
BDI_0053,Đàn tế Trời Đất,Bình Định,Di tích,Điểm tham quan văn hóa,heritage
BDI_0071,Đèo An Khê,Bình Định,Di tích,Điểm tham quan văn hóa,heritage
BDI_0006,Đồi cát Phương Mai,Bình Định,Di tích,Điểm tham quan văn hóa,heritage
BL_0018,Biển nhân tạo Nhà Mát,Bạc Liêu,Thiên nhiên,Sông nước/biển/rừng ngập mặn,beach
BL_0019,Bãi biển Nhà Mát,Bạc Liêu,Thiên nhiên,Sông nước/biển/rừng ngập mặn,beach
BL_0011,Chùa Xiêm Cán,Bạc Liêu,Tâm linh,Chùa/thiền viện,religious
BL_0012,Cánh đồng điện gió Bạc Liêu,Bạc Liêu,Thiên nhiên,Sông nước/biển/rừng ngập mặn,nature
BL_0060,Cầu cảng Nhà Mát,Bạc Liêu,Thiên nhiên,Sông nước/biển/rừng ngập mặn,nature
BL_0014,Cầu dẫn điện gió Bạc Liêu,Bạc Liêu,Thiên nhiên,Sông nước/biển/rừng ngập mặn,nature
BL_0017,Khu du lịch Nhà Mát,Bạc Liêu,Thiên nhiên,Sông nước/biển/rừng ngập mặn,nature
BL_0002,Khu lưu niệm nhạc sĩ Cao Văn Lầu,Bạc Liêu,Văn hóa,Di tích lịch sử/bảo tàng,culture
BL_0013,Khu điện gió Bạc Liêu,Bạc Liêu,Thiên nhiên,Sông nước/biển/rừng ngập mặn,nature
BL_0001,Nhà Công tử Bạc Liêu,Bạc Liêu,Văn hóa,Di tích lịch sử/bảo tàng,culture
BL_0005,Nhà hát Cao Văn Lầu,Bạc Liêu,Di tích,Điểm tham quan văn hóa,heritage
BL_0015,Quan Âm Phật Đài Bạc Liêu,Bạc Liêu,Tâm linh,Đền/miếu/đình/lăng,religious
BL_0023,Sân chim Bạc Liêu,Bạc Liêu,Văn hóa cộng đồng,Chợ/làng nghề/miệt vườn,culture
BL_0038,Biển Gành Hào,Bạc Liêu,Thiên nhiên,Sông nước/biển/rừng ngập mặn,beach
BL_0059,Bãi bồi ven biển Bạc Liêu,Bạc Liêu,Thiên nhiên,Sông nước/biển/rừng ngập mặn,beach
BL_0006,Bảo tàng Bạc Liêu,Bạc Liêu,Văn hóa,Di tích lịch sử/bảo tàng,culture
BL_0047,Chùa Buppharam Bạc Liêu,Bạc Liêu,Tâm linh,Chùa/thiền viện,religious
BL_0045,Chùa Cù Lao Bạc Liêu,Bạc Liêu,Tâm linh,Chùa/thiền viện,religious
BL_0046,Chùa Ghositaram,Bạc Liêu,Tâm linh,Chùa/thiền viện,religious
BL_0026,Chùa Giác Hoa,Bạc Liêu,Tâm linh,Chùa/thiền viện,religious
BL_0027,Chùa Hưng Thiện,Bạc Liêu,Tâm linh,Chùa/thiền viện,religious
BL_0048,Chùa Khmer Komphisako,Bạc Liêu,Tâm linh,Chùa/thiền viện,religious
BL_0008,Chợ Bạc Liêu,Bạc Liêu,Văn hóa cộng đồng,Chợ/làng nghề/miệt vườn,culture
BL_0064,Chợ Giá Rai,Bạc Liêu,Văn hóa cộng đồng,Chợ/làng nghề/miệt vườn,culture
BL_0036,Chợ Gành Hào,Bạc Liêu,Văn hóa cộng đồng,Chợ/làng nghề/miệt vườn,culture
BL_0050,Chợ Hồng Dân,Bạc Liêu,Văn hóa cộng đồng,Chợ/làng nghề/miệt vườn,culture
BL_0049,Chợ Phước Long Bạc Liêu,Bạc Liêu,Văn hóa cộng đồng,Chợ/làng nghề/miệt vườn,culture
BL_0009,Chợ đêm Bạc Liêu,Bạc Liêu,Văn hóa cộng đồng,Chợ/làng nghề/miệt vườn,culture
BL_0056,Cánh đồng lúa Hồng Dân,Bạc Liêu,Thiên nhiên,Sông nước/biển/rừng ngập mặn,nature
BL_0034,Cánh đồng muối Đông Hải,Bạc Liêu,Văn hóa cộng đồng,Chợ/làng nghề/miệt vườn,culture
BL_0065,Cánh đồng tôm - lúa Bạc Liêu,Bạc Liêu,Thiên nhiên,Sông nước/biển/rừng ngập mặn,nature
BL_0041,Công viên Trần Huỳnh Bạc Liêu,Bạc Liêu,Giải trí,Công viên/khu vui chơi/check-in,checkin
BL_0061,Công viên văn hóa Trần Huỳnh,Bạc Liêu,Giải trí,Công viên/khu vui chơi/check-in,checkin
BL_0035,Cửa biển Gành Hào,Bạc Liêu,Thiên nhiên,Sông nước/biển/rừng ngập mặn,beach
BL_0030,Di tích căn cứ Cái Chanh,Bạc Liêu,Văn hóa,Di tích lịch sử/bảo tàng,culture
BL_0044,Di tích tháp Vĩnh Hưng,Bạc Liêu,Thiên nhiên,Biển đảo/rừng núi/sinh thái,beach
BL_0063,Di tích Đồng Nọc Nạng,Bạc Liêu,Văn hóa,Di tích lịch sử/bảo tàng,culture
BL_0025,Khu bảo tồn loài - sinh cảnh vườn chim Bạc Liêu,Bạc Liêu,Văn hóa cộng đồng,Chợ/làng nghề/miệt vườn,culture
BL_0029,Khu căn cứ Cái Chanh,Bạc Liêu,Văn hóa,Di tích lịch sử/bảo tàng,culture
BL_0042,Khu du lịch sinh thái Bạc Liêu Farm,Bạc Liêu,Giải trí,Công viên/khu vui chơi/check-in,checkin
BL_0040,Khu du lịch sinh thái Hồ Nam,Bạc Liêu,Giải trí,Công viên/khu vui chơi/check-in,checkin
BL_0022,Khu mộ Cha Phanxicô Trương Bửu Diệp,Bạc Liêu,Tâm linh,Đền/miếu/đình/lăng,religious
BL_0037,Làng chài Gành Hào,Bạc Liêu,Văn hóa cộng đồng,Chợ/làng nghề/miệt vườn,culture
BL_0055,Làng nghề bánh tằm Ngan Dừa,Bạc Liêu,Văn hóa cộng đồng,Chợ/làng nghề/miệt vườn,culture
BL_0033,Làng nghề làm muối Bạc Liêu,Bạc Liêu,Văn hóa cộng đồng,Chợ/làng nghề/miệt vườn,culture
BL_0054,Làng nghề đan đát Bạc Liêu,Bạc Liêu,Văn hóa cộng đồng,Chợ/làng nghề/miệt vườn,culture
BL_0039,Lăng Ông Nam Hải Gành Hào,Bạc Liêu,Tâm linh,Đền/miếu/đình/lăng,religious
BL_0016,Mẹ Nam Hải Bạc Liêu,Bạc Liêu,Tâm linh,Đền/miếu/đình/lăng,religious
BL_0021,Nhà thờ Cha Diệp,Bạc Liêu,Tâm linh,Đền/miếu/đình/lăng,religious
BL_0020,Nhà thờ Tắc Sậy,Bạc Liêu,Tâm linh,Đền/miếu/đình/lăng,religious
BL_0003,Quảng trường Hùng Vương Bạc Liêu,Bạc Liêu,Giải trí,Công viên/khu vui chơi/check-in,checkin
BL_0058,Rừng phòng hộ ven biển Bạc Liêu,Bạc Liêu,Thiên nhiên,Sông nước/biển/rừng ngập mặn,beach
BL_0024,Vườn chim Bạc Liêu,Bạc Liêu,Văn hóa cộng đồng,Chợ/làng nghề/miệt vườn,culture
BL_0057,Vườn chim Lập Điền,Bạc Liêu,Văn hóa cộng đồng,Chợ/làng nghề/miệt vườn,culture
BL_0032,Vườn nhãn Hiệp Thành,Bạc Liêu,Văn hóa cộng đồng,Chợ/làng nghề/miệt vườn,culture
BL_0031,Vườn nhãn cổ Bạc Liêu,Bạc Liêu,Văn hóa cộng đồng,Chợ/làng nghề/miệt vườn,culture
BL_0051,Vườn sinh thái Phước Long,Bạc Liêu,Văn hóa cộng đồng,Chợ/làng nghề/miệt vườn,culture
BL_0028,Đền thờ Bác Hồ Bạc Liêu,Bạc Liêu,Tâm linh,Đền/miếu/đình/lăng,religious
BL_0007,Đồng hồ đá Thái Dương,Bạc Liêu,Văn hóa,Di tích lịch sử/bảo tàng,culture
BL_0004,Biểu tượng cây đàn kìm Bạc Liêu,Bạc Liêu,Di tích,Điểm tham quan văn hóa,heritage
BL_0053,Cầu Võ Thị Sáu Bạc Liêu,Bạc Liêu,Di tích,Điểm tham quan văn hóa,heritage
BL_0010,Khu ẩm thực đêm Bạc Liêu,Bạc Liêu,Ẩm thực,Khu ẩm thực/đặc sản,food
BL_0052,Kênh xáng Bạc Liêu,Bạc Liêu,Di tích,Điểm tham quan văn hóa,heritage
BL_0062,Nhà hát ba nón lá Bạc Liêu,Bạc Liêu,Di tích,Điểm tham quan văn hóa,heritage
BL_0043,Tháp cổ Vĩnh Hưng,Bạc Liêu,Thiên nhiên,Biển đảo/rừng núi/sinh thái,beach
BG_0028,Chùa Bổ Đà,Bắc Giang,Tâm linh,Chùa/thiền viện,religious
BG_0002,Chùa Hạ Tây Yên Tử,Bắc Giang,Tâm linh,Chùa/thiền viện,religious
BG_0003,Chùa Thượng Tây Yên Tử,Bắc Giang,Tâm linh,Chùa/thiền viện,religious
BG_0026,Chùa Vĩnh Nghiêm,Bắc Giang,Tâm linh,Chùa/thiền viện,religious
BG_0004,Cáp treo Tây Yên Tử,Bắc Giang,Thiên nhiên,Danh thắng/sinh thái,nature
BG_0018,Hồ Cấm Sơn Bắc Giang,Bắc Giang,Thiên nhiên,Danh thắng/sinh thái,nature
BG_0016,Hồ Khuôn Thần,Bắc Giang,Thiên nhiên,Danh thắng/sinh thái,nature
BG_0006,Khu bảo tồn thiên nhiên Tây Yên Tử,Bắc Giang,Thiên nhiên,Danh thắng/sinh thái,nature
BG_0035,Khu di tích chiến thắng Xương Giang,Bắc Giang,Văn hóa,Di tích lịch sử/bảo tàng,culture
BG_0048,Khu di tích khởi nghĩa Yên Thế,Bắc Giang,Văn hóa,Di tích lịch sử/bảo tàng,culture
BG_0011,Khu du lịch Suối Mỡ,Bắc Giang,Thiên nhiên,Danh thắng/sinh thái,mountain
BG_0019,Khu du lịch hồ Cấm Sơn,Bắc Giang,Thiên nhiên,Danh thắng/sinh thái,nature
BG_0017,Khu du lịch sinh thái Khuôn Thần,Bắc Giang,Thiên nhiên,Danh thắng/sinh thái,nature
BG_0001,Khu du lịch tâm linh - sinh thái Tây Yên Tử,Bắc Giang,Thiên nhiên,Danh thắng/sinh thái,religious
BG_0027,Mộc bản chùa Vĩnh Nghiêm,Bắc Giang,Tâm linh,Chùa/thiền viện,religious
BG_0015,Thác Suối Mỡ,Bắc Giang,Thiên nhiên,Danh thắng/sinh thái,mountain
BG_0029,Vườn tháp chùa Bổ Đà,Bắc Giang,Tâm linh,Chùa/thiền viện,religious
BG_0050,Đình Hả Yên Thế,Bắc Giang,Di tích,Đình làng,heritage
BG_0012,Đền Hạ Suối Mỡ,Bắc Giang,Tâm linh,Đền/phủ/miếu,religious
BG_0058,Đền Suối Mỡ,Bắc Giang,Tâm linh,Đền/phủ/miếu,religious
BG_0014,Đền Thượng Suối Mỡ,Bắc Giang,Tâm linh,Đền/phủ/miếu,religious
BG_0013,Đền Trung Suối Mỡ,Bắc Giang,Tâm linh,Đền/phủ/miếu,religious
BG_0036,Đền Xương Giang,Bắc Giang,Tâm linh,Đền/phủ/miếu,religious
BG_0008,Bản Gà,Bắc Giang,Văn hóa cộng đồng,Bản làng/chợ phiên,culture
BG_0064,Bản Mậu Sơn Bắc Giang,Bắc Giang,Văn hóa cộng đồng,Bản làng/chợ phiên,culture
BG_0059,Bản Ven,Bắc Giang,Văn hóa cộng đồng,Bản làng/chợ phiên,culture
BG_0037,Bảo tàng tỉnh Bắc Giang,Bắc Giang,Văn hóa,Di tích lịch sử/bảo tàng,culture
BG_0023,Chùa Am Vãi,Bắc Giang,Tâm linh,Chùa/thiền viện,religious
BG_0069,Chùa Cao Lục Nam,Bắc Giang,Tâm linh,Chùa/thiền viện,religious
BG_0077,Chùa Dĩnh Kế,Bắc Giang,Tâm linh,Chùa/thiền viện,religious
BG_0043,Chùa Kem,Bắc Giang,Tâm linh,Chùa/thiền viện,religious
BG_0078,Chùa Phúc Quang,Bắc Giang,Tâm linh,Chùa/thiền viện,religious
BG_0080,Chùa Y Sơn,Bắc Giang,Tâm linh,Chùa/thiền viện,religious
BG_0063,Chùa Đồng Thông,Bắc Giang,Tâm linh,Chùa/thiền viện,religious
BG_0057,Chùa Đức La,Bắc Giang,Tâm linh,Chùa/thiền viện,religious
BG_0087,Chợ phiên Cao Thượng,Bắc Giang,Văn hóa cộng đồng,Bản làng/chợ phiên,culture
BG_0039,Công viên Hoàng Hoa Thám,Bắc Giang,Văn hóa,Di tích lịch sử/bảo tàng,culture
BG_0070,Hồ Suối Nứa,Bắc Giang,Thiên nhiên,Danh thắng/sinh thái,mountain
BG_0082,Khu di tích Hoàng Vân,Bắc Giang,Văn hóa,Di tích lịch sử/bảo tàng,culture
BG_0030,Làng Thổ Hà,Bắc Giang,Văn hóa cộng đồng,Bản làng/chợ phiên,culture
BG_0060,Làng chè Bản Ven,Bắc Giang,Văn hóa cộng đồng,Bản làng/chợ phiên,culture
BG_0033,Làng gốm Thổ Hà,Bắc Giang,Văn hóa cộng đồng,Bản làng/chợ phiên,culture
BG_0086,Làng nghề bánh đa Kế,Bắc Giang,Văn hóa cộng đồng,Bản làng/chợ phiên,culture
BG_0032,Làng nghề bánh đa nem Thổ Hà,Bắc Giang,Văn hóa cộng đồng,Bản làng/chợ phiên,culture
BG_0053,Làng nghề mây tre đan Tăng Tiến,Bắc Giang,Văn hóa cộng đồng,Bản làng/chợ phiên,culture
BG_0022,Làng nghề mỳ Chũ,Bắc Giang,Văn hóa cộng đồng,Bản làng/chợ phiên,culture
BG_0074,Làng nghề mỳ Kế,Bắc Giang,Văn hóa cộng đồng,Bản làng/chợ phiên,culture
BG_0052,Làng nghề rượu làng Vân,Bắc Giang,Văn hóa cộng đồng,Bản làng/chợ phiên,culture
BG_0088,Làng nghề tương La,Bắc Giang,Văn hóa cộng đồng,Bản làng/chợ phiên,culture
BG_0055,Làng quan họ Sen Hồ,Bắc Giang,Văn hóa cộng đồng,Bản làng/chợ phiên,culture
BG_0054,Làng quan họ cổ Nội Ninh,Bắc Giang,Văn hóa cộng đồng,Bản làng/chợ phiên,culture
BG_0024,Núi Am Vãi,Bắc Giang,Thiên nhiên,Danh thắng/sinh thái,mountain
BG_0045,Núi Nham Biền,Bắc Giang,Thiên nhiên,Danh thắng/sinh thái,mountain
BG_0005,Rừng nguyên sinh Khe Rỗ,Bắc Giang,Thiên nhiên,Danh thắng/sinh thái,nature
BG_0010,Suối Nước Vàng,Bắc Giang,Thiên nhiên,Danh thắng/sinh thái,mountain
BG_0044,Thiền viện Trúc Lâm Phượng Hoàng,Bắc Giang,Tâm linh,Chùa/thiền viện,religious
BG_0009,Thác Ba Tia,Bắc Giang,Thiên nhiên,Danh thắng/sinh thái,mountain
BG_0065,Thác Đồng Cao,Bắc Giang,Thiên nhiên,Danh thắng/sinh thái,mountain
BG_0072,Vườn vải Hồng Giang,Bắc Giang,Thiên nhiên,Danh thắng/sinh thái,nature
BG_0083,Đền Dành,Bắc Giang,Tâm linh,Đền/phủ/miếu,religious
BG_0025,Đền Hả,Bắc Giang,Tâm linh,Đền/phủ/miếu,religious
BG_0042,Đền Tân Ninh,Bắc Giang,Tâm linh,Đền/phủ/miếu,religious
BG_0068,Đền Từ Hả,Bắc Giang,Tâm linh,Đền/phủ/miếu,religious
BG_0047,Đền thờ Hoàng Hoa Thám,Bắc Giang,Tâm linh,Đền/phủ/miếu,religious
BG_0089,Đền thờ Trạng nguyên Giáp Hải,Bắc Giang,Tâm linh,Đền/phủ/miếu,religious
BG_0061,Đồi chè Bản Ven,Bắc Giang,Văn hóa cộng đồng,Bản làng/chợ phiên,culture
BG_0049,Đồn Phồn Xương,Bắc Giang,Thiên nhiên,Danh thắng/sinh thái,nature
BG_0007,Đồng Cao,Bắc Giang,Thiên nhiên,Danh thắng/sinh thái,nature
BG_0081,ATK II Hiệp Hòa,Bắc Giang,Di tích,Điểm tham quan văn hóa,heritage
BG_0066,Chợ An Châu,Bắc Giang,Ẩm thực,Chợ/đặc sản,food
BG_0021,Chợ Chũ,Bắc Giang,Ẩm thực,Chợ/đặc sản,food
BG_0051,Chợ Cầu Gồ,Bắc Giang,Ẩm thực,Chợ/đặc sản,food
BG_0075,Chợ Kế,Bắc Giang,Ẩm thực,Chợ/đặc sản,food
BG_0067,Chợ Lục Nam,Bắc Giang,Ẩm thực,Chợ/đặc sản,food
BG_0040,Chợ Thương Bắc Giang,Bắc Giang,Làng nghề,Trải nghiệm văn hóa,culture
BG_0073,Chợ vải Lục Ngạn,Bắc Giang,Ẩm thực,Chợ/đặc sản,food
BG_0084,Cây Dã Hương Tiên Lục,Bắc Giang,Làng nghề,Trải nghiệm văn hóa,culture
BG_0062,Khu du lịch sinh thái Đồng Thông,Bắc Giang,Di tích,Điểm tham quan văn hóa,heritage
BG_0038,Quảng trường 3/2 Bắc Giang,Bắc Giang,Giải trí,Công viên/khu vui chơi,checkin
BG_0046,Sân golf Yên Dũng,Bắc Giang,Giải trí,Công viên/khu vui chơi,checkin
BG_0041,Vincom Plaza Bắc Giang,Bắc Giang,Giải trí,Công viên/khu vui chơi,checkin
BG_0071,Vườn vải Thanh Hải,Bắc Giang,Di tích,Điểm tham quan văn hóa,heritage
BG_0020,Vườn vải thiều Lục Ngạn,Bắc Giang,Làng nghề,Trải nghiệm văn hóa,culture
BG_0034,Đình Bảng Bắc Giang,Bắc Giang,Di tích,Đình làng,heritage
BG_0076,Đình Dĩnh Kế,Bắc Giang,Di tích,Đình làng,heritage
BG_0079,Đình Lỗ Hạnh,Bắc Giang,Di tích,Đình làng,heritage
BG_0056,Đình Nội Ninh,Bắc Giang,Di tích,Đình làng,heritage
BG_0031,Đình Thổ Hà,Bắc Giang,Di tích,Đình làng,heritage
BG_0085,Đình Tiên Lục,Bắc Giang,Di tích,Đình làng,heritage
BK_0006,Ao Tiên Ba Bể,Bắc Kạn,Thiên nhiên,Danh thắng/sinh thái,nature
BK_0003,Bản Pác Ngòi,Bắc Kạn,Văn hóa cộng đồng,Bản làng/chợ phiên,culture
BK_0036,Bản Pác Ngòi Na Rì,Bắc Kạn,Văn hóa cộng đồng,Bản làng/chợ phiên,culture
BK_0016,Chợ Nam Cường Ba Bể,Bắc Kạn,Thiên nhiên,Danh thắng/sinh thái,nature
BK_0002,Hồ Ba Bể,Bắc Kạn,Thiên nhiên,Danh thắng/sinh thái,nature
BK_0031,Khu bảo tồn thiên nhiên Kim Hỷ,Bắc Kạn,Thiên nhiên,Danh thắng/sinh thái,nature
BK_0020,Khu di tích ATK Chợ Đồn,Bắc Kạn,Văn hóa,Di tích lịch sử/bảo tàng,culture
BK_0017,Khu du lịch sinh thái Ba Bể,Bắc Kạn,Thiên nhiên,Danh thắng/sinh thái,nature
BK_0055,Làng nghề thổ cẩm Ba Bể,Bắc Kạn,Văn hóa cộng đồng,Bản làng/chợ phiên,culture
BK_0001,Vườn quốc gia Ba Bể,Bắc Kạn,Thiên nhiên,Danh thắng/sinh thái,nature
BK_0008,Động Hua Mạ,Bắc Kạn,Thiên nhiên,Danh thắng/sinh thái,nature
BK_0032,Động Nàng Tiên,Bắc Kạn,Thiên nhiên,Danh thắng/sinh thái,nature
BK_0004,Bản Bó Lù,Bắc Kạn,Văn hóa cộng đồng,Bản làng/chợ phiên,culture
BK_0023,Bản Ca,Bắc Kạn,Văn hóa cộng đồng,Bản làng/chợ phiên,culture
BK_0015,Bản Cám,Bắc Kạn,Văn hóa cộng đồng,Bản làng/chợ phiên,culture
BK_0064,Bản Cốc Lùng Pác Nặm,Bắc Kạn,Văn hóa cộng đồng,Bản làng/chợ phiên,culture
BK_0005,Bản Cốc Tộc,Bắc Kạn,Văn hóa cộng đồng,Bản làng/chợ phiên,culture
BK_0051,Bản Khuổi Linh,Bắc Kạn,Văn hóa cộng đồng,Bản làng/chợ phiên,culture
BK_0059,Bản du lịch cộng đồng Bó Lù,Bắc Kạn,Văn hóa cộng đồng,Bản làng/chợ phiên,culture
BK_0060,Bản du lịch cộng đồng Cốc Tộc,Bắc Kạn,Văn hóa cộng đồng,Bản làng/chợ phiên,culture
BK_0067,Bản du lịch cộng đồng Khuổi Luông,Bắc Kạn,Văn hóa cộng đồng,Bản làng/chợ phiên,culture
BK_0042,Bản du lịch cộng đồng Nà Tu,Bắc Kạn,Văn hóa cộng đồng,Bản làng/chợ phiên,culture
BK_0027,Bản du lịch cộng đồng Pù Lùng,Bắc Kạn,Văn hóa cộng đồng,Bản làng/chợ phiên,culture
BK_0046,Bảo tàng tỉnh Bắc Kạn,Bắc Kạn,Văn hóa,Di tích lịch sử/bảo tàng,culture
BK_0048,Chùa Thạch Long,Bắc Kạn,Tâm linh,Chùa/thiền viện,religious
BK_0030,Chợ phiên Nà Phặc,Bắc Kạn,Văn hóa cộng đồng,Bản làng/chợ phiên,culture
BK_0063,Chợ phiên Pác Nặm,Bắc Kạn,Văn hóa cộng đồng,Bản làng/chợ phiên,culture
BK_0026,Di tích Khuổi Kịch,Bắc Kạn,Văn hóa,Di tích lịch sử/bảo tàng,culture
BK_0033,Hang Nà Phoòng,Bắc Kạn,Thiên nhiên,Danh thắng/sinh thái,mountain
BK_0061,Hang Sơn Dương Bắc Kạn,Bắc Kạn,Thiên nhiên,Danh thắng/sinh thái,mountain
BK_0018,Hang Thẳm Phầy,Bắc Kạn,Thiên nhiên,Danh thắng/sinh thái,mountain
BK_0028,Hồ Bản Chang,Bắc Kạn,Văn hóa cộng đồng,Bản làng/chợ phiên,culture
BK_0057,Hồ Khuổi Lừa,Bắc Kạn,Thiên nhiên,Danh thắng/sinh thái,nature
BK_0025,Khu di tích Nà Quân,Bắc Kạn,Văn hóa,Di tích lịch sử/bảo tàng,culture
BK_0041,Khu di tích Nà Tu,Bắc Kạn,Văn hóa,Di tích lịch sử/bảo tàng,culture
BK_0050,Khu di tích lịch sử Nà Pậu,Bắc Kạn,Văn hóa,Di tích lịch sử/bảo tàng,culture
BK_0053,Làng nghề miến dong Bắc Kạn,Bắc Kạn,Văn hóa cộng đồng,Bản làng/chợ phiên,culture
BK_0052,Làng nghề miến dong Côn Minh,Bắc Kạn,Văn hóa cộng đồng,Bản làng/chợ phiên,culture
BK_0054,Làng nghề rượu men lá Bằng Phúc,Bắc Kạn,Văn hóa cộng đồng,Bản làng/chợ phiên,culture
BK_0065,Ruộng bậc thang Pác Nặm,Bắc Kạn,Thiên nhiên,Danh thắng/sinh thái,nature
BK_0038,Thác Bạc Bạch Thông,Bắc Kạn,Thiên nhiên,Danh thắng/sinh thái,mountain
BK_0019,Thác Nà Khoang,Bắc Kạn,Thiên nhiên,Danh thắng/sinh thái,mountain
BK_0034,Thác Nà Khoang Na Rì,Bắc Kạn,Thiên nhiên,Danh thắng/sinh thái,mountain
BK_0058,Thác Nà Đăng,Bắc Kạn,Thiên nhiên,Danh thắng/sinh thái,mountain
BK_0014,Thác Tát Mạ,Bắc Kạn,Thiên nhiên,Danh thắng/sinh thái,mountain
BK_0009,Thác Đầu Đẳng,Bắc Kạn,Thiên nhiên,Danh thắng/sinh thái,mountain
BK_0039,Đèo Giàng,Bắc Kạn,Thiên nhiên,Danh thắng/sinh thái,mountain
BK_0029,Đèo Gió Ngân Sơn,Bắc Kạn,Thiên nhiên,Danh thắng/sinh thái,mountain
BK_0066,Đèo Áng Toòng,Bắc Kạn,Thiên nhiên,Danh thắng/sinh thái,mountain
BK_0010,Đền An Mạ,Bắc Kạn,Tâm linh,Đền/phủ/miếu,religious
BK_0062,Đền Mẫu Bắc Kạn,Bắc Kạn,Tâm linh,Đền/phủ/miếu,religious
BK_0047,Đền Thắm Bắc Kạn,Bắc Kạn,Tâm linh,Đền/phủ/miếu,religious
BK_0037,Động Nả Phoòng,Bắc Kạn,Thiên nhiên,Danh thắng/sinh thái,nature
BK_0007,Động Puông,Bắc Kạn,Thiên nhiên,Danh thắng/sinh thái,nature
BK_0049,Động Thạch Long,Bắc Kạn,Thiên nhiên,Danh thắng/sinh thái,nature
BK_0013,Bến thuyền Buốc Lốm,Bắc Kạn,Di tích,Điểm tham quan văn hóa,heritage
BK_0040,Chợ Bạch Thông,Bắc Kạn,Ẩm thực,Chợ/đặc sản,food
BK_0035,Chợ Na Rì,Bắc Kạn,Ẩm thực,Chợ/đặc sản,food
BK_0044,Chợ Đức Xuân,Bắc Kạn,Ẩm thực,Chợ/đặc sản,food
BK_0024,Khuổi Linh,Bắc Kạn,Di tích,Điểm tham quan văn hóa,heritage
BK_0021,Nà Pậu,Bắc Kạn,Di tích,Điểm tham quan văn hóa,heritage
BK_0045,Quảng trường Bắc Kạn,Bắc Kạn,Giải trí,Công viên/khu vui chơi,checkin
BK_0012,Sông Năng,Bắc Kạn,Di tích,Điểm tham quan văn hóa,heritage
BK_0043,TP Bắc Kạn,Bắc Kạn,Di tích,Điểm tham quan văn hóa,heritage
BK_0056,Vườn quýt Quang Thuận,Bắc Kạn,Di tích,Điểm tham quan văn hóa,heritage
BK_0011,Đảo Bà Góa,Bắc Kạn,Thiên nhiên,Biển đảo/rừng núi/sinh thái,beach
BK_0022,Đồi Khau Mạ,Bắc Kạn,Di tích,Điểm tham quan văn hóa,heritage
BNH_0022,Chùa Bút Tháp,Bắc Ninh,Văn hóa - tâm linh,Chùa,religious
BNH_0104,Chùa Bổ Đà,Bắc Ninh,Văn hóa - tâm linh,Chùa,religious
BNH_0155,Chùa Bổ Đà Hạ,Bắc Ninh,Văn hóa - tâm linh,Chùa,religious
BNH_0021,Chùa Dâu,Bắc Ninh,Văn hóa - tâm linh,Chùa,religious
BNH_0070,Chùa Hạ Tây Yên Tử,Bắc Ninh,Văn hóa - tâm linh,Chùa,religious
BNH_0011,Chùa Phật Tích,Bắc Ninh,Văn hóa - tâm linh,Chùa,religious
BNH_0071,Chùa Thượng Tây Yên Tử,Bắc Ninh,Văn hóa - tâm linh,Chùa,religious
BNH_0023,Chùa Tổ,Bắc Ninh,Văn hóa - tâm linh,Chùa,religious
BNH_0081,Chùa Vĩnh Nghiêm,Bắc Ninh,Văn hóa - tâm linh,Chùa,religious
BNH_0072,Cáp treo Tây Yên Tử,Bắc Ninh,Giải trí - nghỉ dưỡng,Khu vui chơi,checkin
BNH_0074,Khu bảo tồn thiên nhiên Tây Yên Tử,Bắc Ninh,Thiên nhiên - sinh thái,Khu bảo tồn,nature
BNH_0086,Khu du lịch sinh thái Suối Mỡ,Bắc Ninh,Thiên nhiên - sinh thái,Suối,mountain
BNH_0069,Khu du lịch tâm linh - sinh thái Tây Yên Tử,Bắc Ninh,Thiên nhiên - sinh thái,Sinh thái,religious
BNH_0002,Khu lăng mộ các vua nhà Lý,Bắc Ninh,Văn hóa - tâm linh,Lăng,religious
BNH_0082,Mộc bản chùa Vĩnh Nghiêm,Bắc Ninh,Văn hóa - lịch sử,Di tích,religious
BNH_0012,Núi Phật Tích,Bắc Ninh,Thiên nhiên - sinh thái,Núi,mountain
BNH_0024,Thành cổ Luy Lâu,Bắc Ninh,Văn hóa - lịch sử,Thành cổ,heritage
BNH_0105,Vườn tháp chùa Bổ Đà,Bắc Ninh,Văn hóa - lịch sử,Di tích,religious
BNH_0087,Đền Hạ Suối Mỡ,Bắc Ninh,Văn hóa - tâm linh,Đền,religious
BNH_0140,Đền Suối Mỡ,Bắc Ninh,Văn hóa - tâm linh,Đền,religious
BNH_0089,Đền Thượng Suối Mỡ,Bắc Ninh,Văn hóa - tâm linh,Đền,religious
BNH_0088,Đền Trung Suối Mỡ,Bắc Ninh,Văn hóa - tâm linh,Đền,religious
BNH_0158,Đền Trình Tây Yên Tử,Bắc Ninh,Văn hóa - tâm linh,Đền,religious
BNH_0001,Đền Đô,Bắc Ninh,Văn hóa - tâm linh,Đền,religious
BNH_0073,Đồng Thông Tây Yên Tử,Bắc Ninh,Thiên nhiên - sinh thái,Sinh thái,nature
BNH_0077,Bản Nà Ó,Bắc Ninh,Thiên nhiên - sinh thái,Sinh thái,nature
BNH_0091,Chùa Am Vãi,Bắc Ninh,Văn hóa - tâm linh,Chùa,religious
BNH_0019,Chùa Bách Môn,Bắc Ninh,Văn hóa - tâm linh,Chùa,religious
BNH_0136,Chùa Bát Nhã Lục Nam,Bắc Ninh,Văn hóa - tâm linh,Chùa,religious
BNH_0063,Chùa Bồ Vàng,Bắc Ninh,Văn hóa - tâm linh,Chùa,religious
BNH_0005,Chùa Cổ Pháp,Bắc Ninh,Văn hóa - tâm linh,Chùa,religious
BNH_0058,Chùa Diềm,Bắc Ninh,Văn hóa - tâm linh,Chùa,religious
BNH_0030,Chùa Dàn,Bắc Ninh,Văn hóa - tâm linh,Chùa,religious
BNH_0122,Chùa Dành,Bắc Ninh,Văn hóa - tâm linh,Chùa,religious
BNH_0044,Chùa Dạm,Bắc Ninh,Văn hóa - tâm linh,Chùa,religious
BNH_0147,Chùa Dền,Bắc Ninh,Văn hóa - tâm linh,Chùa,religious
BNH_0043,Chùa Hàm Long,Bắc Ninh,Văn hóa - tâm linh,Chùa,religious
BNH_0159,Chùa Hồ Bấc,Bắc Ninh,Văn hóa - tâm linh,Chùa,religious
BNH_0146,Chùa Hồng Phúc Bắc Giang,Bắc Ninh,Văn hóa - tâm linh,Chùa,religious
BNH_0139,Chùa Kem,Bắc Ninh,Văn hóa - tâm linh,Chùa,religious
BNH_0128,Chùa Kế,Bắc Ninh,Văn hóa - tâm linh,Chùa,religious
BNH_0013,Chùa Lim,Bắc Ninh,Văn hóa - tâm linh,Chùa,religious
BNH_0068,Chùa Linh Ứng Lương Tài,Bắc Ninh,Văn hóa - tâm linh,Chùa,religious
BNH_0020,Chùa Long Khám,Bắc Ninh,Văn hóa - tâm linh,Chùa,religious
BNH_0115,Chùa Lỗ Hạnh,Bắc Ninh,Văn hóa - tâm linh,Chùa,religious
BNH_0160,Chùa Mã Yên,Bắc Ninh,Văn hóa - tâm linh,Chùa,religious
BNH_0041,Chùa Phù Lãng,Bắc Ninh,Văn hóa - tâm linh,Chùa,religious
BNH_0152,Chùa Phúc Quang,Bắc Ninh,Văn hóa - tâm linh,Chùa,religious
BNH_0161,Chùa Sơn Tháp,Bắc Ninh,Văn hóa - tâm linh,Chùa,religious
BNH_0101,Chùa Thổ Hà,Bắc Ninh,Văn hóa - tâm linh,Chùa,religious
BNH_0113,Chùa Tiên Lục,Bắc Ninh,Văn hóa - tâm linh,Chùa,religious
BNH_0004,Chùa Tiêu,Bắc Ninh,Văn hóa - tâm linh,Chùa,religious
BNH_0110,Chùa Y Sơn,Bắc Ninh,Văn hóa - tâm linh,Chùa,religious
BNH_0037,Chùa Đại Bi,Bắc Ninh,Văn hóa - tâm linh,Chùa,religious
BNH_0065,Chùa Đại Bi Lương Tài,Bắc Ninh,Văn hóa - tâm linh,Chùa,religious
BNH_0093,Hồ Cấm Sơn,Bắc Ninh,Thiên nhiên - sinh thái,Hồ,mountain
BNH_0079,Hồ Khe Chão,Bắc Ninh,Thiên nhiên - sinh thái,Hồ,mountain
BNH_0094,Hồ Khuôn Thần,Bắc Ninh,Thiên nhiên - sinh thái,Hồ,mountain
BNH_0150,Hồ Làng Thum,Bắc Ninh,Thiên nhiên - sinh thái,Hồ,mountain
BNH_0052,Hồ Nguyên Phi Ỷ Lan,Bắc Ninh,Thiên nhiên - sinh thái,Hồ,mountain
BNH_0137,Hồ Suối Cấy,Bắc Ninh,Thiên nhiên - sinh thái,Hồ,mountain
BNH_0134,Hồ Suối Nứa,Bắc Ninh,Thiên nhiên - sinh thái,Hồ,mountain
BNH_0141,Khu du lịch sinh thái Bản Ven,Bắc Ninh,Thiên nhiên - sinh thái,Sinh thái,nature
BNH_0097,Khu du lịch sinh thái Đồng Dao,Bắc Ninh,Thiên nhiên - sinh thái,Sinh thái,nature
BNH_0145,Khu du lịch sinh thái Đồng Giao,Bắc Ninh,Thiên nhiên - sinh thái,Sinh thái,nature
BNH_0153,Khu sinh thái hồ Bầu Lầy,Bắc Ninh,Thiên nhiên - sinh thái,Hồ,mountain
BNH_0098,Làng Sàn Nội Hoàng,Bắc Ninh,Văn hóa - làng nghề,Làng cổ,culture
BNH_0099,Làng cổ Thổ Hà,Bắc Ninh,Thiên nhiên,Biển đảo/rừng núi/sinh thái,beach
BNH_0156,Làng cổ Vân Hà,Bắc Ninh,Thiên nhiên,Biển đảo/rừng núi/sinh thái,beach
BNH_0040,Làng gốm Phù Lãng,Bắc Ninh,Văn hóa - làng nghề,Làng nghề,religious
BNH_0009,Làng gỗ mỹ nghệ Phù Khê,Bắc Ninh,Văn hóa - làng nghề,Làng nghề,religious
BNH_0008,Làng nghề bánh phu thê Đình Bảng,Bắc Ninh,Văn hóa - làng nghề,Làng nghề,religious
BNH_0124,Làng nghề bánh đa Kế,Bắc Ninh,Văn hóa - làng nghề,Làng nghề,culture
BNH_0102,Làng nghề bánh đa nem Thổ Hà,Bắc Ninh,Văn hóa - làng nghề,Làng nghề,culture
BNH_0062,Làng nghề giấy Phong Khê,Bắc Ninh,Văn hóa - làng nghề,Làng nghề,culture
BNH_0017,Làng nghề mộc Hương Mạc,Bắc Ninh,Văn hóa - làng nghề,Làng nghề,culture
BNH_0123,Làng nghề mỳ Chũ,Bắc Ninh,Văn hóa - làng nghề,Làng nghề,culture
BNH_0067,Làng nghề nem Bùi Xá,Bắc Ninh,Văn hóa - làng nghề,Làng nghề,culture
BNH_0138,Làng nghề nón lá Nghĩa Hưng,Bắc Ninh,Văn hóa - làng nghề,Làng nghề,culture
BNH_0149,Làng nghề rượu Vân,Bắc Ninh,Văn hóa - làng nghề,Làng nghề,culture
BNH_0010,Làng nghề sơn mài Tương Bình Hiệp - Từ Sơn,Bắc Ninh,Văn hóa - làng nghề,Làng nghề,culture
BNH_0036,Làng nghề tre trúc Xuân Lai,Bắc Ninh,Văn hóa - làng nghề,Làng nghề,culture
BNH_0103,Làng rượu Vân Hà,Bắc Ninh,Văn hóa - làng nghề,Làng nghề,culture
BNH_0027,Làng tranh Đông Hồ,Bắc Ninh,Văn hóa - làng nghề,Làng nghề,culture
BNH_0034,Làng đúc đồng Đại Bái,Bắc Ninh,Văn hóa - làng nghề,Làng nghề,culture
BNH_0032,Lăng và đền thờ Lê Văn Thịnh,Bắc Ninh,Văn hóa - tâm linh,Đền,religious
BNH_0075,Thác Ba Tia,Bắc Ninh,Thiên nhiên - sinh thái,Thác,mountain
BNH_0078,Thác Giót,Bắc Ninh,Thiên nhiên - sinh thái,Thác,mountain
BNH_0143,Thác Ngà,Bắc Ninh,Thiên nhiên - sinh thái,Thác,mountain
BNH_0090,Thác Thùm Thùm,Bắc Ninh,Thiên nhiên - sinh thái,Thác,mountain
BNH_0144,Đình Cao Thượng,Bắc Ninh,Văn hóa - tâm linh,Đình,religious
BNH_0061,Đình Châm Khê,Bắc Ninh,Văn hóa - tâm linh,Đình,religious
BNH_0107,Đình Hương Câu,Bắc Ninh,Văn hóa - tâm linh,Đình,religious
BNH_0114,Đình Lỗ Hạnh,Bắc Ninh,Văn hóa - tâm linh,Đình,religious
BNH_0042,Đình Phù Lãng,Bắc Ninh,Văn hóa - tâm linh,Đình,religious
BNH_0018,Đình Tam Tảo,Bắc Ninh,Văn hóa - tâm linh,Đình,religious
BNH_0100,Đình Thổ Hà,Bắc Ninh,Văn hóa - tâm linh,Đình,religious
BNH_0112,Đình Tiên Lục,Bắc Ninh,Văn hóa - tâm linh,Đình,religious
BNH_0132,Đình Vồng,Bắc Ninh,Văn hóa - tâm linh,Đình,religious
BNH_0066,Đình làng Bùi Xá,Bắc Ninh,Văn hóa - tâm linh,Đình,religious
BNH_0029,Đình làng Đông Hồ,Bắc Ninh,Văn hóa - tâm linh,Đình,religious
BNH_0003,Đình Đình Bảng,Bắc Ninh,Văn hóa - tâm linh,Đình,religious
BNH_0106,Đình Đông,Bắc Ninh,Văn hóa - tâm linh,Đình,religious
BNH_0035,Đình Đại Bái,Bắc Ninh,Văn hóa - tâm linh,Đình,religious
BNH_0046,Đền Bà Chúa Kho,Bắc Ninh,Văn hóa - tâm linh,Đền,religious
BNH_0047,Đền Cùng - Giếng Ngọc,Bắc Ninh,Văn hóa - tâm linh,Đền,religious
BNH_0121,Đền Dành,Bắc Ninh,Văn hóa - tâm linh,Đền,religious
BNH_0154,Đền Ia,Bắc Ninh,Văn hóa - tâm linh,Đền,religious
BNH_0007,Đền Rồng,Bắc Ninh,Văn hóa - tâm linh,Đền,religious
BNH_0151,Đền Tân Ninh,Bắc Ninh,Văn hóa - tâm linh,Đền,religious
BNH_0135,Đền Từ Hả,Bắc Ninh,Văn hóa - tâm linh,Đền,religious
BNH_0056,Đền Vua Bà Thủy Tổ Quan Họ,Bắc Ninh,Văn hóa - tâm linh,Đền,religious
BNH_0059,Đền Xà,Bắc Ninh,Văn hóa - tâm linh,Đền,religious
BNH_0129,Đền Xương Giang,Bắc Ninh,Văn hóa - tâm linh,Đền,religious
BNH_0109,Đền Y Sơn,Bắc Ninh,Văn hóa - tâm linh,Đền,religious
BNH_0031,Đền thờ Cao Lỗ Vương,Bắc Ninh,Văn hóa - tâm linh,Đền,religious
BNH_0118,Đền thờ Hoàng Hoa Thám,Bắc Ninh,Văn hóa - tâm linh,Đền,religious
BNH_0064,Đền thờ Lý Thường Kiệt - Tam Giang,Bắc Ninh,Văn hóa - tâm linh,Đền,religious
BNH_0039,Đền thờ Nguyễn Cao,Bắc Ninh,Văn hóa - tâm linh,Đền,religious
BNH_0038,Đền thờ Nguyễn Đăng Đạo,Bắc Ninh,Văn hóa - tâm linh,Đền,religious
BNH_0026,Đền thờ Sĩ Nhiếp,Bắc Ninh,Văn hóa - tâm linh,Đền,religious
BNH_0148,Đền thờ Thân Nhân Trung,Bắc Ninh,Văn hóa - tâm linh,Đền,religious
BNH_0142,Đồi chè Bản Ven,Bắc Ninh,Thiên nhiên - sinh thái,Sinh thái,mountain
BNH_0049,Bảo tàng Bắc Ninh,Bắc Ninh,Văn hóa - lịch sử,Bảo tàng,heritage
BNH_0125,Bảo tàng tỉnh Bắc Giang,Bắc Ninh,Văn hóa - lịch sử,Bảo tàng,heritage
BNH_0157,Bến đò Thổ Hà,Bắc Ninh,Văn hóa - lịch sử,Di tích,heritage
BNH_0096,Chợ Chũ,Bắc Ninh,Đô thị - giải trí,Chợ,checkin
BNH_0133,Chợ Nhã Nam,Bắc Ninh,Đô thị - giải trí,Chợ,checkin
BNH_0111,Cây dã hương Tiên Lục,Bắc Ninh,Văn hóa - lịch sử,Di tích,heritage
BNH_0127,Công viên Hoàng Hoa Thám,Bắc Ninh,Đô thị - giải trí,Công viên,checkin
BNH_0051,Công viên Nguyễn Văn Cừ,Bắc Ninh,Đô thị - giải trí,Công viên,checkin
BNH_0057,Giếng Ngọc làng Diềm,Bắc Ninh,Văn hóa - lịch sử,Di tích,heritage
BNH_0076,Khe Rỗ,Bắc Ninh,Thiên nhiên - sinh thái,Rừng,nature
BNH_0108,Khu di tích ATK II Hiệp Hòa,Bắc Ninh,Văn hóa - lịch sử,Di tích,heritage
BNH_0033,Khu di tích Lệ Chi Viên,Bắc Ninh,Văn hóa - lịch sử,Di tích,heritage
BNH_0116,Khu di tích khởi nghĩa Yên Thế,Bắc Ninh,Văn hóa - lịch sử,Di tích,heritage
BNH_0131,Khu lưu niệm Sáu điều Bác Hồ dạy CAND,Bắc Ninh,Văn hóa - lịch sử,Nhà lưu niệm,heritage
BNH_0015,Làng quan họ Lũng Giang,Bắc Ninh,Văn hóa - làng nghề,Làng quan họ,culture
BNH_0016,Làng quan họ Nội Duệ,Bắc Ninh,Văn hóa - làng nghề,Làng quan họ,culture
BNH_0055,Làng quan họ Viêm Xá,Bắc Ninh,Văn hóa - làng nghề,Làng quan họ,culture
BNH_0025,Lăng và đền thờ Kinh Dương Vương,Bắc Ninh,Văn hóa - tâm linh,Lăng,religious
BNH_0060,Ngã ba Xà,Bắc Ninh,Văn hóa - lịch sử,Di tích,heritage
BNH_0053,Nhà hát Dân ca Quan họ Bắc Ninh,Bắc Ninh,Văn hóa - lịch sử,Di tích,heritage
BNH_0006,Nhà lưu niệm Lý Công Uẩn,Bắc Ninh,Văn hóa - lịch sử,Nhà lưu niệm,heritage
BNH_0119,Nhà trưng bày khởi nghĩa Yên Thế,Bắc Ninh,Văn hóa - lịch sử,Bảo tàng,heritage
BNH_0092,Núi Am Vãi,Bắc Ninh,Thiên nhiên - sinh thái,Núi,mountain
BNH_0120,Núi Dành,Bắc Ninh,Thiên nhiên - sinh thái,Núi,mountain
BNH_0045,Núi Dạm,Bắc Ninh,Thiên nhiên - sinh thái,Núi,mountain
BNH_0084,Núi Nham Biền,Bắc Ninh,Thiên nhiên - sinh thái,Núi,mountain
BNH_0126,Quảng trường 3/2 Bắc Giang,Bắc Ninh,Đô thị - giải trí,Quảng trường,checkin
BNH_0085,Sân golf Yên Dũng,Bắc Ninh,Giải trí - nghỉ dưỡng,Sân golf,checkin
BNH_0083,Thiền viện Trúc Lâm Phượng Hoàng,Bắc Ninh,Văn hóa - tâm linh,Thiền viện,religious
BNH_0130,Thành Xương Giang,Bắc Ninh,Văn hóa - lịch sử,Thành cổ,heritage
BNH_0050,Thành cổ Bắc Ninh,Bắc Ninh,Văn hóa - lịch sử,Thành cổ,heritage
BNH_0054,Trung tâm Văn hóa Kinh Bắc,Bắc Ninh,Văn hóa - lịch sử,Di tích,heritage
BNH_0028,Trung tâm bảo tồn tranh dân gian Đông Hồ,Bắc Ninh,Văn hóa - lịch sử,Bảo tàng,heritage
BNH_0048,Văn Miếu Bắc Ninh,Bắc Ninh,Văn hóa - tâm linh,Văn miếu,religious
BNH_0095,Vườn vải thiều Lục Ngạn,Bắc Ninh,Văn hóa - làng nghề,Vườn vải,culture
BNH_0014,Đồi Lim,Bắc Ninh,Văn hóa - lịch sử,Di tích,heritage
BNH_0117,Đồn Phồn Xương,Bắc Ninh,Văn hóa - lịch sử,Di tích,heritage
BNH_0080,Đồng Cao,Bắc Ninh,Thiên nhiên - sinh thái,Đồng cỏ,mountain
BTre_0023,Công viên Đồng Khởi,Bến Tre,Giải trí,Công viên/khu vui chơi/check-in,checkin
BTre_0001,Cồn Phụng,Bến Tre,Văn hóa cộng đồng,Chợ/làng nghề/miệt vườn,culture
BTre_0004,Cồn Quy,Bến Tre,Văn hóa cộng đồng,Chợ/làng nghề/miệt vườn,culture
BTre_0015,Di tích Đồng Khởi,Bến Tre,Văn hóa,Di tích lịch sử/bảo tàng,culture
BTre_0016,Khu di tích Đồng Khởi,Bến Tre,Văn hóa,Di tích lịch sử/bảo tàng,culture
BTre_0002,Khu du lịch Cồn Phụng,Bến Tre,Văn hóa cộng đồng,Chợ/làng nghề/miệt vườn,culture
BTre_0005,Khu du lịch Cồn Quy,Bến Tre,Văn hóa cộng đồng,Chợ/làng nghề/miệt vườn,culture
BTre_0011,Khu du lịch sinh thái Vàm Hồ,Bến Tre,Giải trí,Công viên/khu vui chơi/check-in,checkin
BTre_0013,Khu lưu niệm Nguyễn Đình Chiểu,Bến Tre,Tâm linh,Đền/miếu/đình/lăng,religious
BTre_0033,Làng hoa kiểng Cái Mơn,Bến Tre,Văn hóa cộng đồng,Chợ/làng nghề/miệt vườn,culture
BTre_0017,Làng nghề dừa Bến Tre,Bến Tre,Văn hóa cộng đồng,Chợ/làng nghề/miệt vườn,culture
BTre_0012,Lăng mộ Nguyễn Đình Chiểu,Bến Tre,Tâm linh,Đền/miếu/đình/lăng,religious
BTre_0041,Nhà thờ Cái Mơn,Bến Tre,Tâm linh,Đền/miếu/đình/lăng,religious
BTre_0010,Sân chim Vàm Hồ,Bến Tre,Văn hóa cộng đồng,Chợ/làng nghề/miệt vườn,culture
BTre_0024,Tượng đài Đồng Khởi,Bến Tre,Di tích,Điểm tham quan văn hóa,heritage
BTre_0034,Vườn cây giống Cái Mơn,Bến Tre,Văn hóa cộng đồng,Chợ/làng nghề/miệt vườn,culture
BTre_0035,Vườn trái cây Cái Mơn,Bến Tre,Văn hóa cộng đồng,Chợ/làng nghề/miệt vườn,culture
BTre_0054,Biển Cồn Bửng,Bến Tre,Thiên nhiên,Biển đảo/rừng núi/sinh thái,beach
BTre_0055,Biển Thạnh Phú,Bến Tre,Thiên nhiên,Sông nước/biển/rừng ngập mặn,religious
BTre_0048,Bãi biển Thừa Đức,Bến Tre,Thiên nhiên,Sông nước/biển/rừng ngập mặn,beach
BTre_0020,Bảo tàng Bến Tre,Bến Tre,Văn hóa,Di tích lịch sử/bảo tàng,culture
BTre_0066,Chùa Tuyên Linh,Bến Tre,Tâm linh,Chùa/thiền viện,religious
BTre_0026,Chùa Viên Minh,Bến Tre,Tâm linh,Chùa/thiền viện,religious
BTre_0062,Chợ Ba Tri,Bến Tre,Văn hóa cộng đồng,Chợ/làng nghề/miệt vườn,culture
BTre_0051,Chợ Bình Đại,Bến Tre,Văn hóa cộng đồng,Chợ/làng nghề/miệt vườn,culture
BTre_0021,Chợ Bến Tre,Bến Tre,Văn hóa cộng đồng,Chợ/làng nghề/miệt vườn,culture
BTre_0044,Chợ Giồng Trôm,Bến Tre,Văn hóa cộng đồng,Chợ/làng nghề/miệt vườn,culture
BTre_0036,Chợ Lách,Bến Tre,Văn hóa cộng đồng,Chợ/làng nghề/miệt vườn,culture
BTre_0068,Chợ Mỏ Cày,Bến Tre,Văn hóa cộng đồng,Chợ/làng nghề/miệt vườn,culture
BTre_0071,Chợ Mỏ Cày Bắc,Bến Tre,Văn hóa cộng đồng,Chợ/làng nghề/miệt vườn,culture
BTre_0060,Chợ Thạnh Phú,Bến Tre,Văn hóa cộng đồng,Chợ/làng nghề/miệt vườn,culture
BTre_0022,Chợ đêm Bến Tre,Bến Tre,Văn hóa cộng đồng,Chợ/làng nghề/miệt vườn,culture
BTre_0063,Cây xoài cổ thụ Ba Tri,Bến Tre,Văn hóa,Di tích lịch sử/bảo tàng,culture
BTre_0006,Cồn Phú Đa,Bến Tre,Văn hóa cộng đồng,Chợ/làng nghề/miệt vườn,culture
BTre_0052,Cồn Tam Hiệp,Bến Tre,Văn hóa cộng đồng,Chợ/làng nghề/miệt vườn,culture
BTre_0008,Cồn Ốc,Bến Tre,Văn hóa cộng đồng,Chợ/làng nghề/miệt vườn,culture
BTre_0058,Di tích bến tàu không số Thạnh Phú,Bến Tre,Văn hóa,Di tích lịch sử/bảo tàng,culture
BTre_0003,Di tích Đạo Dừa,Bến Tre,Thiên nhiên,Biển đảo/rừng núi/sinh thái,beach
BTre_0009,Khu du lịch Cồn Ốc,Bến Tre,Văn hóa cộng đồng,Chợ/làng nghề/miệt vườn,culture
BTre_0079,Khu du lịch Forever Green Resort,Bến Tre,Giải trí,Công viên/khu vui chơi/check-in,checkin
BTre_0028,Khu du lịch Lan Vương,Bến Tre,Giải trí,Công viên/khu vui chơi/check-in,checkin
BTre_0029,Khu du lịch Làng Bè,Bến Tre,Văn hóa cộng đồng,Chợ/làng nghề/miệt vườn,culture
BTre_0030,Khu du lịch Phú An Khang,Bến Tre,Giải trí,Công viên/khu vui chơi/check-in,checkin
BTre_0056,Khu du lịch biển Cồn Bửng,Bến Tre,Thiên nhiên,Biển đảo/rừng núi/sinh thái,beach
BTre_0047,Khu du lịch sinh thái Hưng Phong,Bến Tre,Giải trí,Công viên/khu vui chơi/check-in,checkin
BTre_0045,Khu lưu niệm Nguyễn Thị Định,Bến Tre,Văn hóa,Di tích lịch sử/bảo tàng,culture
BTre_0064,Khu mộ Võ Trường Toản,Bến Tre,Tâm linh,Đền/miếu/đình/lăng,religious
BTre_0050,Làng chài Bình Đại,Bến Tre,Văn hóa cộng đồng,Chợ/làng nghề/miệt vườn,culture
BTre_0073,Làng du lịch Nhơn Thạnh,Bến Tre,Văn hóa cộng đồng,Chợ/làng nghề/miệt vườn,culture
BTre_0043,Làng nghề bánh phồng Sơn Đốc,Bến Tre,Văn hóa cộng đồng,Chợ/làng nghề/miệt vườn,culture
BTre_0042,Làng nghề bánh tráng Mỹ Lồng,Bến Tre,Văn hóa cộng đồng,Chợ/làng nghề/miệt vườn,culture
BTre_0069,Làng nghề chỉ xơ dừa An Thạnh,Bến Tre,Văn hóa cộng đồng,Chợ/làng nghề/miệt vườn,culture
BTre_0037,Làng nghề cây giống Chợ Lách,Bến Tre,Văn hóa cộng đồng,Chợ/làng nghề/miệt vườn,culture
BTre_0072,Làng nghề dệt chiếu Nhơn Thạnh,Bến Tre,Văn hóa cộng đồng,Chợ/làng nghề/miệt vườn,culture
BTre_0038,Làng nghề hoa kiểng Chợ Lách,Bến Tre,Văn hóa cộng đồng,Chợ/làng nghề/miệt vườn,culture
BTre_0018,Làng nghề kẹo dừa Mỏ Cày,Bến Tre,Văn hóa cộng đồng,Chợ/làng nghề/miệt vườn,culture
BTre_0070,Làng nghề kẹo dừa Thanh Long,Bến Tre,Văn hóa cộng đồng,Chợ/làng nghề/miệt vườn,culture
BTre_0078,Làng nghề đan giỏ cọng dừa,Bến Tre,Văn hóa cộng đồng,Chợ/làng nghề/miệt vườn,culture
BTre_0061,Làng nghề đan lát Phước Tuy,Bến Tre,Văn hóa cộng đồng,Chợ/làng nghề/miệt vườn,culture
BTre_0007,Làng ốc gạo Phú Đa,Bến Tre,Văn hóa cộng đồng,Chợ/làng nghề/miệt vườn,culture
BTre_0019,Lò kẹo dừa Bến Tre,Bến Tre,Văn hóa cộng đồng,Chợ/làng nghề/miệt vườn,culture
BTre_0014,Mộ Phan Thanh Giản,Bến Tre,Văn hóa,Di tích lịch sử/bảo tàng,culture
BTre_0027,Nhà thờ Bến Tre,Bến Tre,Tâm linh,Đền/miếu/đình/lăng,religious
BTre_0053,Rừng ngập mặn Bình Đại,Bến Tre,Thiên nhiên,Sông nước/biển/rừng ngập mặn,nature
BTre_0059,Rừng ngập mặn Thạnh Phú,Bến Tre,Thiên nhiên,Sông nước/biển/rừng ngập mặn,religious
BTre_0025,Sông Bến Tre,Bến Tre,Thiên nhiên,Sông nước/biển/rừng ngập mặn,nature
BTre_0076,Sông Hàm Luông,Bến Tre,Thiên nhiên,Sông nước/biển/rừng ngập mặn,nature
BTre_0077,Sông Tiền đoạn Bến Tre,Bến Tre,Thiên nhiên,Sông nước/biển/rừng ngập mặn,nature
BTre_0040,Vườn chôm chôm Chợ Lách,Bến Tre,Văn hóa cộng đồng,Chợ/làng nghề/miệt vườn,culture
BTre_0031,Vườn du lịch Hạ Thảo,Bến Tre,Văn hóa cộng đồng,Chợ/làng nghề/miệt vườn,culture
BTre_0082,Vườn dừa Bến Tre,Bến Tre,Văn hóa cộng đồng,Chợ/làng nghề/miệt vườn,culture
BTre_0039,Vườn sầu riêng Chợ Lách,Bến Tre,Văn hóa cộng đồng,Chợ/làng nghề/miệt vườn,culture
BTre_0067,Đình Rắn,Bến Tre,Tâm linh,Đền/miếu/đình/lăng,religious
BTre_0057,Đường Hồ Chí Minh trên biển Bến Tre,Bến Tre,Thiên nhiên,Biển đảo/rừng núi/sinh thái,beach
BTre_0046,Đền thờ Nguyễn Thị Định,Bến Tre,Tâm linh,Đền/miếu/đình/lăng,religious
BTre_0075,Cầu Hàm Luông,Bến Tre,Di tích,Điểm tham quan văn hóa,heritage
BTre_0074,Cầu Rạch Miễu,Bến Tre,Di tích,Điểm tham quan văn hóa,heritage
BTre_0049,Cửa Đại Bến Tre,Bến Tre,Di tích,Điểm tham quan văn hóa,heritage
BTre_0081,Jardin du Mekong Homestay Area,Bến Tre,Di tích,Điểm tham quan văn hóa,heritage
BTre_0080,Mango Home Riverside,Bến Tre,Di tích,Điểm tham quan văn hóa,heritage
BTre_0065,Nhà cổ Huỳnh Phủ,Bến Tre,Di tích,Điểm tham quan văn hóa,heritage
BTre_0032,Nông trại du lịch Hải Vân Bến Tre,Bến Tre,Di tích,Điểm tham quan văn hóa,heritage
CB_0046,Biệt thự cổ Phja Oắc,Cao Bằng,Thiên nhiên,Danh thắng/sinh thái,nature
CB_0027,Cao nguyên đá Cao Bằng - Non nước Cao Bằng,Cao Bằng,Thiên nhiên,Danh thắng/sinh thái,mountain
CB_0004,Chùa Phật Tích Trúc Lâm Bản Giốc,Cao Bằng,Tâm linh,Chùa/thiền viện,religious
CB_0028,Công viên địa chất toàn cầu UNESCO Non nước Cao Bằng,Cao Bằng,Thiên nhiên,Danh thắng/sinh thái,nature
CB_0023,Cột mốc 108 Pác Bó,Cao Bằng,Văn hóa,Di tích lịch sử/bảo tàng,culture
CB_0018,Di tích quốc gia đặc biệt Pác Bó,Cao Bằng,Văn hóa,Di tích lịch sử/bảo tàng,culture
CB_0037,Hồ Thang Hen,Cao Bằng,Thiên nhiên,Danh thắng/sinh thái,nature
CB_0002,Khu du lịch thác Bản Giốc,Cao Bằng,Văn hóa cộng đồng,Bản làng/chợ phiên,culture
CB_0039,Núi Mắt Thần,Cao Bằng,Thiên nhiên,Danh thắng/sinh thái,mountain
CB_0038,Quần thể hồ Thang Hen,Cao Bằng,Thiên nhiên,Danh thắng/sinh thái,nature
CB_0047,Rừng trúc Phja Oắc,Cao Bằng,Thiên nhiên,Danh thắng/sinh thái,nature
CB_0040,Thung lũng Mắt Thần,Cao Bằng,Thiên nhiên,Danh thắng/sinh thái,nature
CB_0001,Thác Bản Giốc,Cao Bằng,Văn hóa cộng đồng,Bản làng/chợ phiên,culture
CB_0056,Thác Bản Giốc phụ,Cao Bằng,Văn hóa cộng đồng,Bản làng/chợ phiên,culture
CB_0042,Vườn quốc gia Phja Oắc - Phja Đén,Cao Bằng,Thiên nhiên,Danh thắng/sinh thái,religious
CB_0024,Đền thờ Chủ tịch Hồ Chí Minh Pác Bó,Cao Bằng,Tâm linh,Đền/phủ/miếu,religious
CB_0043,Đỉnh Phja Oắc,Cao Bằng,Thiên nhiên,Danh thắng/sinh thái,nature
CB_0003,Động Ngườm Ngao,Cao Bằng,Thiên nhiên,Danh thắng/sinh thái,nature
CB_0072,Bản Giuồng,Cao Bằng,Văn hóa cộng đồng,Bản làng/chợ phiên,culture
CB_0084,Bản Giuồng Bảo Lâm,Cao Bằng,Văn hóa cộng đồng,Bản làng/chợ phiên,culture
CB_0073,Bản Hoài Khao,Cao Bằng,Văn hóa cộng đồng,Bản làng/chợ phiên,culture
CB_0050,Bản Khuổi Khon,Cao Bằng,Văn hóa cộng đồng,Bản làng/chợ phiên,culture
CB_0006,Bản Khuổi Ky,Cao Bằng,Văn hóa cộng đồng,Bản làng/chợ phiên,culture
CB_0051,Bản Lô Lô Đen Khuổi Khon,Cao Bằng,Văn hóa cộng đồng,Bản làng/chợ phiên,culture
CB_0077,Bản Nà Kéo,Cao Bằng,Văn hóa cộng đồng,Bản làng/chợ phiên,culture
CB_0083,Bản Nưa Hòa An,Cao Bằng,Văn hóa cộng đồng,Bản làng/chợ phiên,culture
CB_0088,Bản Phja Thắp,Cao Bằng,Văn hóa cộng đồng,Bản làng/chợ phiên,culture
CB_0070,Bản Pác Rằng,Cao Bằng,Văn hóa cộng đồng,Bản làng/chợ phiên,culture
CB_0081,Bản Um,Cao Bằng,Văn hóa cộng đồng,Bản làng/chợ phiên,culture
CB_0032,Bảo tàng tỉnh Cao Bằng,Cao Bằng,Văn hóa,Di tích lịch sử/bảo tàng,culture
CB_0036,Chùa Đống Lân,Cao Bằng,Tâm linh,Chùa/thiền viện,religious
CB_0049,Chợ phiên Bảo Lạc,Cao Bằng,Văn hóa cộng đồng,Bản làng/chợ phiên,culture
CB_0076,Chợ phiên Phja Đén,Cao Bằng,Văn hóa cộng đồng,Bản làng/chợ phiên,culture
CB_0060,Di tích Đông Khê,Cao Bằng,Văn hóa,Di tích lịch sử/bảo tàng,culture
CB_0019,Hang Cốc Bó,Cao Bằng,Thiên nhiên,Danh thắng/sinh thái,mountain
CB_0057,Hang Dơi Cao Bằng,Cao Bằng,Thiên nhiên,Danh thắng/sinh thái,mountain
CB_0089,Hang Ngườm Pục,Cao Bằng,Thiên nhiên,Danh thắng/sinh thái,mountain
CB_0055,Hang Rơi,Cao Bằng,Thiên nhiên,Danh thắng/sinh thái,mountain
CB_0086,Hồ Bản Viết,Cao Bằng,Văn hóa cộng đồng,Bản làng/chợ phiên,culture
CB_0025,Khu di tích Kim Đồng,Cao Bằng,Văn hóa,Di tích lịch sử/bảo tàng,culture
CB_0063,Khu di tích Lam Sơn,Cao Bằng,Văn hóa,Di tích lịch sử/bảo tàng,culture
CB_0078,Khu di tích rừng Trần Hưng Đạo,Cao Bằng,Thiên nhiên,Biển đảo/rừng núi/sinh thái,beach
CB_0044,Khu nghỉ dưỡng Phja Đén,Cao Bằng,Thiên nhiên,Danh thắng/sinh thái,religious
CB_0074,Làng du lịch cộng đồng Hoài Khao,Cao Bằng,Văn hóa,Di tích lịch sử/bảo tàng,culture
CB_0014,Làng giấy bản Dìa Trên,Cao Bằng,Văn hóa cộng đồng,Bản làng/chợ phiên,culture
CB_0067,Làng nghề bánh khảo Thông Huề,Cao Bằng,Văn hóa cộng đồng,Bản làng/chợ phiên,culture
CB_0012,Làng nghề hương Phia Thắp,Cao Bằng,Văn hóa cộng đồng,Bản làng/chợ phiên,culture
CB_0066,Làng nghề rèn Nà Rì Cao Bằng,Cao Bằng,Văn hóa cộng đồng,Bản làng/chợ phiên,culture
CB_0069,Làng nghề thổ cẩm Pác Rằng,Cao Bằng,Văn hóa cộng đồng,Bản làng/chợ phiên,culture
CB_0068,Làng nghề đường phên Bó Tờ,Cao Bằng,Văn hóa cộng đồng,Bản làng/chợ phiên,culture
CB_0013,Làng rèn Phúc Sen,Cao Bằng,Văn hóa cộng đồng,Bản làng/chợ phiên,culture
CB_0005,Làng đá Khuổi Ky,Cao Bằng,Văn hóa cộng đồng,Bản làng/chợ phiên,culture
CB_0026,Mộ Kim Đồng,Cao Bằng,Văn hóa,Di tích lịch sử/bảo tàng,culture
CB_0065,Núi Báo Đông,Cao Bằng,Thiên nhiên,Danh thắng/sinh thái,mountain
CB_0021,Núi Các Mác,Cao Bằng,Thiên nhiên,Danh thắng/sinh thái,mountain
CB_0080,Núi Slam Cao,Cao Bằng,Thiên nhiên,Danh thắng/sinh thái,mountain
CB_0030,Phố đi bộ Kim Đồng,Cao Bằng,Văn hóa,Di tích lịch sử/bảo tàng,culture
CB_0020,Suối Lê Nin,Cao Bằng,Thiên nhiên,Danh thắng/sinh thái,mountain
CB_0054,Sông Gâm Bảo Lạc,Cao Bằng,Thiên nhiên,Danh thắng/sinh thái,nature
CB_0087,Thác Bản Viết,Cao Bằng,Văn hóa cộng đồng,Bản làng/chợ phiên,culture
CB_0008,Thác Cò Là,Cao Bằng,Thiên nhiên,Danh thắng/sinh thái,mountain
CB_0010,Thác Lũng Niếc,Cao Bằng,Thiên nhiên,Danh thắng/sinh thái,mountain
CB_0071,Thác Nặm Ngua,Cao Bằng,Thiên nhiên,Danh thắng/sinh thái,mountain
CB_0009,Thác Nặm Trá,Cao Bằng,Thiên nhiên,Danh thắng/sinh thái,mountain
CB_0090,Thác Nặm Trá Trà Lĩnh,Cao Bằng,Thiên nhiên,Danh thắng/sinh thái,mountain
CB_0031,Tượng đài Chủ tịch Hồ Chí Minh Cao Bằng,Cao Bằng,Thiên nhiên,Danh thắng/sinh thái,nature
CB_0048,Đèo Khau Cốc Chà,Cao Bằng,Thiên nhiên,Danh thắng/sinh thái,mountain
CB_0041,Đèo Khau Liêu,Cao Bằng,Thiên nhiên,Danh thắng/sinh thái,mountain
CB_0015,Đèo Mã Phục,Cao Bằng,Thiên nhiên,Danh thắng/sinh thái,mountain
CB_0053,Đèo Mẻ Pia,Cao Bằng,Thiên nhiên,Danh thắng/sinh thái,mountain
CB_0035,Đền Kỳ Sầm,Cao Bằng,Tâm linh,Đền/phủ/miếu,religious
CB_0064,Đền Vua Lê Cao Bằng,Cao Bằng,Tâm linh,Đền/phủ/miếu,religious
CB_0045,Đồi chè Kolia Phja Đén,Cao Bằng,Thiên nhiên,Danh thắng/sinh thái,religious
CB_0061,Đồn Đông Khê,Cao Bằng,Văn hóa,Di tích lịch sử/bảo tàng,culture
CB_0085,Chợ Bảo Lâm,Cao Bằng,Ẩm thực,Chợ/đặc sản,food
CB_0052,Chợ Cốc Pàng,Cao Bằng,Ẩm thực,Chợ/đặc sản,food
CB_0075,Chợ Nguyên Bình,Cao Bằng,Ẩm thực,Chợ/đặc sản,food
CB_0082,Chợ Nước Hai,Cao Bằng,Ẩm thực,Chợ/đặc sản,food
CB_0059,Chợ Trà Lĩnh,Cao Bằng,Ẩm thực,Chợ/đặc sản,food
CB_0011,Chợ Trùng Khánh,Cao Bằng,Ẩm thực,Chợ/đặc sản,food
CB_0017,Chợ Tà Lùng,Cao Bằng,Ẩm thực,Chợ/đặc sản,food
CB_0033,Chợ Xanh Cao Bằng,Cao Bằng,Ẩm thực,Chợ/đặc sản,food
CB_0058,Cửa khẩu Trà Lĩnh,Cao Bằng,Di tích,Điểm tham quan văn hóa,heritage
CB_0016,Cửa khẩu Tà Lùng,Cao Bằng,Di tích,Điểm tham quan văn hóa,heritage
CB_0022,Lán Khuổi Nặm,Cao Bằng,Di tích,Điểm tham quan văn hóa,heritage
CB_0079,Lán thành lập Đội Việt Nam Tuyên truyền Giải phóng quân,Cao Bằng,Di tích,Điểm tham quan văn hóa,heritage
CB_0062,Nghĩa trang liệt sĩ Đông Khê,Cao Bằng,Di tích,Điểm tham quan văn hóa,heritage
CB_0034,Sông Bằng Giang,Cao Bằng,Di tích,Điểm tham quan văn hóa,heritage
CB_0007,Sông Quây Sơn,Cao Bằng,Di tích,Điểm tham quan văn hóa,heritage
CB_0029,TP Cao Bằng,Cao Bằng,Di tích,Điểm tham quan văn hóa,heritage
CM_0031,Biển Khai Long,Cà Mau,Thiên nhiên,Biển đảo/rừng/hồ thác/sinh thái,beach
CM_0004,Biểu tượng con tàu Mũi Cà Mau,Cà Mau,Thiên nhiên,Biển đảo/rừng/hồ thác/sinh thái,beach
CM_0002,Cột mốc tọa độ quốc gia Đất Mũi,Cà Mau,Thiên nhiên,Biển đảo/rừng/hồ thác/sinh thái,beach
CM_0033,Cửa biển Khai Long,Cà Mau,Thiên nhiên,Biển đảo/rừng/hồ thác/sinh thái,beach
CM_0027,Di tích Hòn Đá Bạc,Cà Mau,Thiên nhiên,Biển đảo/rừng núi/sinh thái,beach
CM_0025,Hòn Đá Bạc,Cà Mau,Thiên nhiên,Biển đảo/rừng/hồ thác/sinh thái,beach
CM_0024,Khu du lịch Hòn Đá Bạc,Cà Mau,Thiên nhiên,Biển đảo/rừng/hồ thác/sinh thái,beach
CM_0032,Khu du lịch biển Khai Long,Cà Mau,Thiên nhiên,Biển đảo/rừng/hồ thác/sinh thái,beach
CM_0009,Khu du lịch cộng đồng Đất Mũi,Cà Mau,Thiên nhiên,Biển đảo/rừng/hồ thác/sinh thái,beach
CM_0019,Khu du lịch sinh thái U Minh Hạ,Cà Mau,Thiên nhiên,Biển đảo/rừng/hồ thác/sinh thái,beach
CM_0030,Khu du lịch sinh thái Đầm Thị Tường,Cà Mau,Thiên nhiên,Biển đảo/rừng/hồ thác/sinh thái,beach
CM_0006,Khu du lịch Đất Mũi,Cà Mau,Thiên nhiên,Biển đảo/rừng/hồ thác/sinh thái,beach
CM_0011,Làng rừng Đất Mũi,Cà Mau,Văn hóa cộng đồng,Chợ/làng nghề/miệt vườn,culture
CM_0026,Lăng Ông Nam Hải Hòn Đá Bạc,Cà Mau,Thiên nhiên,Biển đảo/rừng núi/sinh thái,religious
CM_0001,Mũi Cà Mau,Cà Mau,Thiên nhiên,Biển đảo/rừng/hồ thác/sinh thái,beach
CM_0003,Panorama Mũi Cà Mau,Cà Mau,Thiên nhiên,Biển đảo/rừng/hồ thác/sinh thái,beach
CM_0018,Rừng U Minh Hạ,Cà Mau,Thiên nhiên,Biển đảo/rừng/hồ thác/sinh thái,beach
CM_0007,Rừng ngập mặn Đất Mũi,Cà Mau,Thiên nhiên,Biển đảo/rừng/hồ thác/sinh thái,beach
CM_0020,Sân chim U Minh Hạ,Cà Mau,Thiên nhiên,Biển đảo/rừng/hồ thác/sinh thái,beach
CM_0005,Vườn quốc gia Mũi Cà Mau,Cà Mau,Văn hóa cộng đồng,Chợ/làng nghề/miệt vườn,culture
CM_0017,Vườn quốc gia U Minh Hạ,Cà Mau,Văn hóa cộng đồng,Chợ/làng nghề/miệt vườn,culture
CM_0028,Đầm Thị Tường,Cà Mau,Thiên nhiên,Biển đảo/rừng/hồ thác/sinh thái,beach
CM_0057,Biển Sông Đốc,Cà Mau,Thiên nhiên,Biển đảo/rừng/hồ thác/sinh thái,beach
CM_0036,Bảo tàng Cà Mau,Cà Mau,Văn hóa,Di tích lịch sử/bảo tàng,culture
CM_0071,Chùa Bà Thiên Hậu Cà Mau,Cà Mau,Tâm linh,Chùa/thiền viện,religious
CM_0040,Chùa Monivongsa Bopharam,Cà Mau,Tâm linh,Chùa/thiền viện,religious
CM_0041,Chùa Phật Tổ Cà Mau,Cà Mau,Tâm linh,Chùa/thiền viện,religious
CM_0034,Chợ Cà Mau,Cà Mau,Văn hóa cộng đồng,Chợ/làng nghề/miệt vườn,culture
CM_0063,Chợ Cái Nước,Cà Mau,Văn hóa cộng đồng,Chợ/làng nghề/miệt vườn,culture
CM_0066,Chợ Cái Đôi Vàm,Cà Mau,Văn hóa cộng đồng,Chợ/làng nghề/miệt vườn,culture
CM_0013,Chợ Năm Căn,Cà Mau,Văn hóa cộng đồng,Chợ/làng nghề/miệt vườn,culture
CM_0064,Chợ Phú Tân Cà Mau,Cà Mau,Văn hóa cộng đồng,Chợ/làng nghề/miệt vườn,culture
CM_0055,Chợ Sông Đốc,Cà Mau,Văn hóa cộng đồng,Chợ/làng nghề/miệt vườn,culture
CM_0051,Chợ U Minh,Cà Mau,Văn hóa cộng đồng,Chợ/làng nghề/miệt vườn,culture
CM_0059,Chợ Đầm Dơi,Cà Mau,Văn hóa cộng đồng,Chợ/làng nghề/miệt vườn,culture
CM_0035,Chợ đêm Cà Mau,Cà Mau,Văn hóa cộng đồng,Chợ/làng nghề/miệt vườn,culture
CM_0037,Công viên Hùng Vương Cà Mau,Cà Mau,Giải trí,Khu du lịch/công viên/check-in,checkin
CM_0044,Căn cứ Tỉnh ủy Lung Lá Nhà Thể,Cà Mau,Văn hóa,Di tích lịch sử/bảo tàng,culture
CM_0008,Cồn Ông Trang,Cà Mau,Văn hóa cộng đồng,Chợ/làng nghề/miệt vườn,culture
CM_0065,Cửa biển Cái Đôi Vàm,Cà Mau,Thiên nhiên,Biển đảo/rừng/hồ thác/sinh thái,beach
CM_0010,Cửa biển Rạch Tàu,Cà Mau,Thiên nhiên,Biển đảo/rừng/hồ thác/sinh thái,beach
CM_0053,Cửa biển Sông Đốc,Cà Mau,Thiên nhiên,Biển đảo/rừng/hồ thác/sinh thái,beach
CM_0045,Di tích Lung Lá Nhà Thể,Cà Mau,Văn hóa,Di tích lịch sử/bảo tàng,culture
CM_0048,Khu du lịch Mười Ngọt,Cà Mau,Giải trí,Khu du lịch/công viên/check-in,checkin
CM_0022,Khu du lịch Sông Trẹm,Cà Mau,Giải trí,Khu du lịch/công viên/check-in,checkin
CM_0052,Khu du lịch sinh thái Hương Tràm,Cà Mau,Giải trí,Khu du lịch/công viên/check-in,checkin
CM_0060,Khu sinh thái Đầm Dơi,Cà Mau,Thiên nhiên,Biển đảo/rừng/hồ thác/sinh thái,beach
CM_0069,Khu trải nghiệm rừng ngập mặn Ngọc Hiển,Cà Mau,Thiên nhiên,Biển đảo/rừng/hồ thác/sinh thái,beach
CM_0067,Làng chài Cái Đôi Vàm,Cà Mau,Văn hóa cộng đồng,Chợ/làng nghề/miệt vườn,culture
CM_0056,Làng chài Sông Đốc,Cà Mau,Văn hóa cộng đồng,Chợ/làng nghề/miệt vườn,culture
CM_0062,Làng nghề ba khía Đầm Dơi,Cà Mau,Văn hóa cộng đồng,Chợ/làng nghề/miệt vườn,culture
CM_0016,Làng nghề cua Năm Căn,Cà Mau,Văn hóa cộng đồng,Chợ/làng nghề/miệt vườn,culture
CM_0050,Làng nghề gác kèo ong U Minh,Cà Mau,Văn hóa cộng đồng,Chợ/làng nghề/miệt vườn,culture
CM_0058,Lăng Ông Sông Đốc,Cà Mau,Tâm linh,Đền/miếu/đình/tháp/lăng,religious
CM_0072,Nhà thờ Chính tòa Cà Mau,Cà Mau,Tâm linh,Đền/miếu/đình/tháp/lăng,religious
CM_0042,Quan Âm Cổ Tự Cà Mau,Cà Mau,Tâm linh,Chùa/thiền viện,religious
CM_0038,Quảng trường Thanh Niên Cà Mau,Cà Mau,Giải trí,Khu du lịch/công viên/check-in,checkin
CM_0061,Rừng ngập mặn Đầm Dơi,Cà Mau,Thiên nhiên,Biển đảo/rừng/hồ thác/sinh thái,beach
CM_0021,Rừng tràm U Minh,Cà Mau,Thiên nhiên,Biển đảo/rừng/hồ thác/sinh thái,beach
CM_0015,Rừng đước Năm Căn,Cà Mau,Thiên nhiên,Biển đảo/rừng/hồ thác/sinh thái,beach
CM_0047,Sân chim trong lòng thành phố Cà Mau,Cà Mau,Văn hóa,Di tích lịch sử/bảo tàng,culture
CM_0039,Tượng đài Cà Mau,Cà Mau,Tâm linh,Đền/miếu/đình/tháp/lăng,religious
CM_0046,Vườn chim Cà Mau,Cà Mau,Văn hóa cộng đồng,Chợ/làng nghề/miệt vườn,culture
CM_0070,Vườn chim Lâm Viên Cà Mau,Cà Mau,Văn hóa cộng đồng,Chợ/làng nghề/miệt vườn,culture
CM_0049,Vườn dâu Cái Tàu,Cà Mau,Văn hóa cộng đồng,Chợ/làng nghề/miệt vườn,culture
CM_0043,Đình Tân Hưng Cà Mau,Cà Mau,Tâm linh,Đền/miếu/đình/tháp/lăng,religious
CM_0029,Đầm Bà Tường,Cà Mau,Thiên nhiên,Biển đảo/rừng/hồ thác/sinh thái,beach
CM_0068,Cánh đồng tôm Cà Mau,Cà Mau,Di tích,Điểm tham quan văn hóa,heritage
CM_0014,Cầu Năm Căn,Cà Mau,Di tích,Điểm tham quan văn hóa,heritage
CM_0023,Sông Trẹm,Cà Mau,Di tích,Điểm tham quan văn hóa,heritage
CM_0012,Thị trấn Năm Căn,Cà Mau,Di tích,Điểm tham quan văn hóa,heritage
CM_0054,Thị trấn Sông Đốc,Cà Mau,Di tích,Điểm tham quan văn hóa,heritage
CT_0029,Bè cá Cồn Sơn,Cần Thơ,Văn hóa cộng đồng,Chợ nổi/làng nghề/miệt vườn,culture
CT_0001,Bến Ninh Kiều,Cần Thơ,Giải trí,Công viên/khu vui chơi/check-in,checkin
CT_0013,Chợ nổi Cái Răng,Cần Thơ,Văn hóa cộng đồng,Chợ nổi/làng nghề/miệt vườn,culture
CT_0027,Cồn Sơn,Cần Thơ,Văn hóa cộng đồng,Chợ nổi/làng nghề/miệt vườn,culture
CT_0017,Khu du lịch Mỹ Khánh,Cần Thơ,Giải trí,Công viên/khu vui chơi/check-in,checkin
CT_0018,Làng du lịch Mỹ Khánh,Cần Thơ,Văn hóa cộng đồng,Chợ nổi/làng nghề/miệt vườn,culture
CT_0028,Làng du lịch cộng đồng Cồn Sơn,Cần Thơ,Văn hóa cộng đồng,Chợ nổi/làng nghề/miệt vườn,culture
CT_0031,Nhà cổ Bình Thủy,Cần Thơ,Văn hóa,Di tích lịch sử/bảo tàng,culture
CT_0019,Thiền viện Trúc Lâm Phương Nam,Cần Thơ,Tâm linh,Chùa/thiền viện,religious
CT_0030,Trải nghiệm cá lóc bay Cồn Sơn,Cần Thơ,Văn hóa cộng đồng,Chợ nổi/làng nghề/miệt vườn,culture
CT_0007,Bảo tàng Cần Thơ,Cần Thơ,Văn hóa,Di tích lịch sử/bảo tàng,culture
CT_0008,Bảo tàng Quân khu 9,Cần Thơ,Văn hóa,Di tích lịch sử/bảo tàng,culture
CT_0010,Chùa Khmer Munir Ansay,Cần Thơ,Tâm linh,Chùa/thiền viện,religious
CT_0033,Chùa Nam Nhã,Cần Thơ,Tâm linh,Chùa/thiền viện,religious
CT_0043,Chùa Pitu Khôsa Răngsây,Cần Thơ,Tâm linh,Chùa/thiền viện,religious
CT_0009,Chùa Ông Cần Thơ,Cần Thơ,Tâm linh,Chùa/thiền viện,religious
CT_0046,Chợ An Bình,Cần Thơ,Văn hóa cộng đồng,Chợ nổi/làng nghề/miệt vườn,culture
CT_0016,Chợ Cái Răng,Cần Thơ,Văn hóa cộng đồng,Chợ nổi/làng nghề/miệt vườn,culture
CT_0056,Chợ Cờ Đỏ,Cần Thơ,Văn hóa cộng đồng,Chợ nổi/làng nghề/miệt vườn,culture
CT_0051,Chợ Hàng Dương Cần Thơ,Cần Thơ,Văn hóa cộng đồng,Chợ nổi/làng nghề/miệt vườn,culture
CT_0036,Chợ Thốt Nốt,Cần Thơ,Văn hóa cộng đồng,Chợ nổi/làng nghề/miệt vườn,culture
CT_0059,Chợ Vĩnh Thạnh,Cần Thơ,Văn hóa cộng đồng,Chợ nổi/làng nghề/miệt vườn,culture
CT_0004,Chợ cổ Cần Thơ,Cần Thơ,Văn hóa cộng đồng,Chợ nổi/làng nghề/miệt vườn,culture
CT_0026,Chợ nổi Phong Điền,Cần Thơ,Văn hóa cộng đồng,Chợ nổi/làng nghề/miệt vườn,culture
CT_0041,Chợ Ô Môn,Cần Thơ,Văn hóa cộng đồng,Chợ nổi/làng nghề/miệt vườn,culture
CT_0003,Chợ đêm Ninh Kiều,Cần Thơ,Văn hóa cộng đồng,Chợ nổi/làng nghề/miệt vườn,culture
CT_0058,Cánh đồng lúa Cờ Đỏ,Cần Thơ,Thiên nhiên,Sông nước/rừng tràm/núi đồng bằng,nature
CT_0047,Công viên Lưu Hữu Phước,Cần Thơ,Tâm linh,Chùa/thiền viện,religious
CT_0005,Công viên Ninh Kiều,Cần Thơ,Tâm linh,Chùa/thiền viện,religious
CT_0038,Cù lao Tân Lộc,Cần Thơ,Thiên nhiên,Sông nước/rừng tràm/núi đồng bằng,beach
CT_0002,Cầu đi bộ Ninh Kiều,Cần Thơ,Giải trí,Công viên/khu vui chơi/check-in,checkin
CT_0022,Khu du lịch Lung Cột Cầu,Cần Thơ,Giải trí,Công viên/khu vui chơi/check-in,checkin
CT_0060,Khu du lịch sinh thái Cần Thơ Eco Resort,Cần Thơ,Giải trí,Công viên/khu vui chơi/check-in,checkin
CT_0053,Khu du lịch sinh thái Lung Ngọc Hoàng Cần Thơ,Cần Thơ,Giải trí,Công viên/khu vui chơi/check-in,checkin
CT_0055,Khu du lịch sinh thái Lung Tràm,Cần Thơ,Thiên nhiên,Sông nước/rừng tràm/núi đồng bằng,nature
CT_0044,Khu du lịch sinh thái Ô Môn,Cần Thơ,Giải trí,Công viên/khu vui chơi/check-in,checkin
CT_0052,Làng hoa Phó Thọ - Bà Bộ,Cần Thơ,Văn hóa cộng đồng,Chợ nổi/làng nghề/miệt vườn,culture
CT_0045,Làng hoa Thới Nhựt,Cần Thơ,Văn hóa cộng đồng,Chợ nổi/làng nghề/miệt vườn,culture
CT_0037,Làng nghề bánh tráng Thuận Hưng,Cần Thơ,Văn hóa cộng đồng,Chợ nổi/làng nghề/miệt vườn,culture
CT_0011,Nhà thờ Chính tòa Cần Thơ,Cần Thơ,Tâm linh,Đền/miếu/đình/lăng,religious
CT_0024,Nhà vườn Giáo Dương,Cần Thơ,Văn hóa cộng đồng,Chợ nổi/làng nghề/miệt vườn,culture
CT_0025,Nhà vườn Rạch Kè,Cần Thơ,Văn hóa cộng đồng,Chợ nổi/làng nghề/miệt vườn,culture
CT_0057,Nông trường Sông Hậu,Cần Thơ,Tâm linh,Chùa/thiền viện,religious
CT_0006,Tượng đài Chủ tịch Hồ Chí Minh Cần Thơ,Cần Thơ,Thiên nhiên,Sông nước/rừng tràm/núi đồng bằng,nature
CT_0035,Vườn cò Bằng Lăng,Cần Thơ,Tâm linh,Đền/miếu/đình/lăng,religious
CT_0061,Vườn du lịch Ba Cống,Cần Thơ,Văn hóa cộng đồng,Chợ nổi/làng nghề/miệt vườn,culture
CT_0062,Vườn du lịch Bảo Gia Trang Viên,Cần Thơ,Văn hóa cộng đồng,Chợ nổi/làng nghề/miệt vườn,culture
CT_0021,Vườn du lịch Vàm Xáng,Cần Thơ,Văn hóa cộng đồng,Chợ nổi/làng nghề/miệt vườn,culture
CT_0020,Vườn trái cây Phong Điền,Cần Thơ,Văn hóa cộng đồng,Chợ nổi/làng nghề/miệt vườn,culture
CT_0032,Đình Bình Thủy,Cần Thơ,Tâm linh,Đền/miếu/đình/lăng,religious
CT_0042,Đình Thới An,Cần Thơ,Tâm linh,Đền/miếu/đình/lăng,religious
CT_0040,Đình Tân Lộc Đông,Cần Thơ,Tâm linh,Chùa/thiền viện,religious
CT_0049,Bến tàu du lịch Ninh Kiều,Cần Thơ,Di tích,Điểm tham quan văn hóa,heritage
CT_0012,Cầu Cần Thơ,Cần Thơ,Di tích,Điểm tham quan văn hóa,heritage
CT_0050,Du thuyền Cần Thơ,Cần Thơ,Di tích,Điểm tham quan văn hóa,heritage
CT_0048,Khu ẩm thực đêm Trần Phú,Cần Thơ,Ẩm thực,Khu ẩm thực/đặc sản,food
CT_0014,Lò hủ tiếu truyền thống Cái Răng,Cần Thơ,Di tích,Điểm tham quan văn hóa,heritage
CT_0015,Lò kẹo dừa Cái Răng,Cần Thơ,Di tích,Điểm tham quan văn hóa,heritage
CT_0034,Mộ thủ khoa Bùi Hữu Nghĩa,Cần Thơ,Di tích,Điểm tham quan văn hóa,heritage
CT_0023,Vườn ca cao Mười Cương,Cần Thơ,Di tích,Điểm tham quan văn hóa,heritage
CT_0039,Vườn mận An Phước Tân Lộc,Cần Thơ,Di tích,Điểm tham quan văn hóa,heritage
CT_0054,Vườn sinh thái Hoa Súng,Cần Thơ,Di tích,Điểm tham quan văn hóa,heritage
GL_0002,Biển Hồ Chè,Gia Lai,Thiên nhiên,Rừng núi/thác hồ/sinh thái,beach
GL_0057,Biển Hồ Ia Nueng,Gia Lai,Thiên nhiên,Rừng núi/thác hồ/sinh thái,beach
GL_0001,Biển Hồ T'Nưng,Gia Lai,Thiên nhiên,Rừng núi/thác hồ/sinh thái,beach
GL_0042,Bảo tàng Tây Sơn Thượng Đạo,Gia Lai,Văn hóa,Di tích lịch sử/bảo tàng,culture
GL_0006,Chùa Minh Thành,Gia Lai,Tâm linh,Chùa/thiền viện,religious
GL_0023,Hồ thủy điện Ia Ly,Gia Lai,Thiên nhiên,Rừng núi/thác hồ/sinh thái,mountain
GL_0038,Khu di tích Tây Sơn Thượng Đạo,Gia Lai,Thiên nhiên,Biển đảo/rừng núi/sinh thái,beach
GL_0005,Làng Ia Gri Chư Đăng Ya,Gia Lai,Văn hóa cộng đồng,Bản làng/nhà rông/chợ,culture
GL_0017,Núi Hàm Rồng Gia Lai,Gia Lai,Thiên nhiên,Rừng núi/thác hồ/sinh thái,mountain
GL_0004,Núi lửa Chư Đăng Ya,Gia Lai,Thiên nhiên,Rừng núi/thác hồ/sinh thái,mountain
GL_0022,Thủy điện Ia Ly,Gia Lai,Thiên nhiên,Rừng núi/thác hồ/sinh thái,mountain
GL_0030,Vườn quốc gia Kon Ka Kinh,Gia Lai,Văn hóa cộng đồng,Bản làng/nhà rông/chợ,culture
GL_0018,Đỉnh Hàm Rồng,Gia Lai,Thiên nhiên,Rừng núi/thác hồ/sinh thái,mountain
GL_0031,Đỉnh Kon Ka Kinh,Gia Lai,Văn hóa cộng đồng,Bản làng/nhà rông/chợ,culture
GL_0037,Bảo tàng Anh hùng Núp,Gia Lai,Văn hóa,Di tích lịch sử/bảo tàng,culture
GL_0010,Bảo tàng Hồ Chí Minh chi nhánh Gia Lai - Kon Tum,Gia Lai,Văn hóa,Di tích lịch sử/bảo tàng,culture
GL_0009,Bảo tàng tỉnh Gia Lai,Gia Lai,Văn hóa,Di tích lịch sử/bảo tàng,culture
GL_0081,Bửu Minh Pagoda,Gia Lai,Tâm linh,Chùa/thiền viện,religious
GL_0012,Chợ Pleiku,Gia Lai,Văn hóa cộng đồng,Bản làng/nhà rông/chợ,culture
GL_0013,Chợ đêm Pleiku,Gia Lai,Văn hóa cộng đồng,Bản làng/nhà rông/chợ,culture
GL_0016,Công viên Diên Hồng Gia Lai,Gia Lai,Thiên nhiên,Rừng núi/thác hồ/sinh thái,mountain
GL_0079,Công viên Đồng Xanh,Gia Lai,Giải trí,Công viên/khu vui chơi/check-in,checkin
GL_0073,Cụm di tích khảo cổ Rộc Tưng - Gò Đá,Gia Lai,Văn hóa,Di tích lịch sử/bảo tàng,culture
GL_0047,Di tích chiến thắng Chư Ty,Gia Lai,Văn hóa,Di tích lịch sử/bảo tàng,culture
GL_0026,Hồ Ayun Hạ,Gia Lai,Thiên nhiên,Rừng núi/thác hồ/sinh thái,mountain
GL_0021,Hồ Diên Hồng,Gia Lai,Thiên nhiên,Rừng núi/thác hồ/sinh thái,mountain
GL_0045,Hồ Ia Băng,Gia Lai,Thiên nhiên,Rừng núi/thác hồ/sinh thái,mountain
GL_0051,Hồ Ia Grăng,Gia Lai,Thiên nhiên,Rừng núi/thác hồ/sinh thái,mountain
GL_0066,Hồ Ia Ring,Gia Lai,Thiên nhiên,Rừng núi/thác hồ/sinh thái,mountain
GL_0055,Hồ Tân Sơn,Gia Lai,Thiên nhiên,Rừng núi/thác hồ/sinh thái,mountain
GL_0080,Hồ Đức An,Gia Lai,Thiên nhiên,Rừng núi/thác hồ/sinh thái,mountain
GL_0033,Khu bảo tồn thiên nhiên Kon Chư Răng,Gia Lai,Văn hóa cộng đồng,Bản làng/nhà rông/chợ,culture
GL_0029,Khu di tích Plei Ơi,Gia Lai,Văn hóa,Di tích lịch sử/bảo tàng,culture
GL_0054,Khu di tích chiến thắng Plei Me,Gia Lai,Văn hóa,Di tích lịch sử/bảo tàng,culture
GL_0078,Khu du lịch sinh thái Làng Ốp,Gia Lai,Văn hóa cộng đồng,Bản làng/nhà rông/chợ,culture
GL_0060,Làng Plei Phun,Gia Lai,Văn hóa cộng đồng,Bản làng/nhà rông/chợ,culture
GL_0058,Làng Plei Ốp,Gia Lai,Văn hóa cộng đồng,Bản làng/nhà rông/chợ,culture
GL_0075,Làng cà phê Pleiku,Gia Lai,Văn hóa cộng đồng,Bản làng/nhà rông/chợ,culture
GL_0036,Làng của Anh hùng Núp,Gia Lai,Văn hóa cộng đồng,Bản làng/nhà rông/chợ,culture
GL_0035,Làng kháng chiến Stơr,Gia Lai,Văn hóa cộng đồng,Bản làng/nhà rông/chợ,culture
GL_0074,Làng nghề dệt thổ cẩm Gia Lai,Gia Lai,Văn hóa cộng đồng,Bản làng/nhà rông/chợ,culture
GL_0061,Làng văn hóa Jrai Pleiku,Gia Lai,Văn hóa cộng đồng,Bản làng/nhà rông/chợ,culture
GL_0011,Nhà lao Pleiku,Gia Lai,Văn hóa cộng đồng,Bản làng/nhà rông/chợ,culture
GL_0059,Nhà rông Plei Ốp,Gia Lai,Văn hóa cộng đồng,Bản làng/nhà rông/chợ,culture
GL_0014,Nhà thờ Đức An,Gia Lai,Tâm linh,Công trình tôn giáo/tưởng niệm,religious
GL_0053,Núi Chư Prông,Gia Lai,Thiên nhiên,Rừng núi/thác hồ/sinh thái,mountain
GL_0048,Núi Chư Ty,Gia Lai,Thiên nhiên,Rừng núi/thác hồ/sinh thái,mountain
GL_0070,Quảng trường Ayun Pa,Gia Lai,Giải trí,Công viên/khu vui chơi/check-in,checkin
GL_0007,Quảng trường Đại Đoàn Kết,Gia Lai,Giải trí,Công viên/khu vui chơi/check-in,checkin
GL_0015,Sân vận động Pleiku,Gia Lai,Văn hóa cộng đồng,Bản làng/nhà rông/chợ,culture
GL_0071,Sông Ba Gia Lai,Gia Lai,Thiên nhiên,Rừng núi/thác hồ/sinh thái,mountain
GL_0032,Thác 50,Gia Lai,Thiên nhiên,Rừng núi/thác hồ/sinh thái,mountain
GL_0025,Thác Công Chúa,Gia Lai,Thiên nhiên,Rừng núi/thác hồ/sinh thái,religious
GL_0072,Thác Ia Nhí,Gia Lai,Thiên nhiên,Rừng núi/thác hồ/sinh thái,mountain
GL_0034,Thác K50,Gia Lai,Thiên nhiên,Rừng núi/thác hồ/sinh thái,mountain
GL_0049,Thác Lệ Kim,Gia Lai,Thiên nhiên,Rừng núi/thác hồ/sinh thái,mountain
GL_0050,Thác Mơ Ia Khai,Gia Lai,Thiên nhiên,Rừng núi/thác hồ/sinh thái,mountain
GL_0024,Thác Phú Cường,Gia Lai,Thiên nhiên,Rừng núi/thác hồ/sinh thái,religious
GL_0056,Thác Xung Khoeng,Gia Lai,Thiên nhiên,Rừng núi/thác hồ/sinh thái,mountain
GL_0008,Tượng đài Bác Hồ với các dân tộc Tây Nguyên,Gia Lai,Tâm linh,Công trình tôn giáo/tưởng niệm,religious
GL_0076,Vườn cà phê Gia Lai,Gia Lai,Giải trí,Công viên/khu vui chơi/check-in,checkin
GL_0043,Đèo Mang Yang,Gia Lai,Thiên nhiên,Rừng núi/thác hồ/sinh thái,mountain
GL_0040,Đình An Lũy,Gia Lai,Tâm linh,Công trình tôn giáo/tưởng niệm,religious
GL_0041,Đền thờ Tây Sơn Tam Kiệt An Khê,Gia Lai,Tâm linh,Công trình tôn giáo/tưởng niệm,religious
GL_0019,Đồi cỏ hồng Đắk Đoa,Gia Lai,Thiên nhiên,Rừng núi/thác hồ/sinh thái,mountain
GL_0039,An Khê Trường,Gia Lai,Di tích,Điểm tham quan văn hóa,heritage
GL_0028,Chư A Thai,Gia Lai,Di tích,Điểm tham quan văn hóa,heritage
GL_0052,Chư Prông rubber viewpoint,Gia Lai,Di tích,Điểm tham quan văn hóa,heritage
GL_0068,Chợ An Khê,Gia Lai,Ẩm thực,Chợ/đặc sản,food
GL_0069,Chợ Ayun Pa,Gia Lai,Ẩm thực,Chợ/đặc sản,food
GL_0067,Chợ Chư Sê,Gia Lai,Ẩm thực,Chợ/đặc sản,food
GL_0077,Chợ Ia Kha,Gia Lai,Ẩm thực,Chợ/đặc sản,food
GL_0065,Cánh đồng quạt gió Ia Le,Gia Lai,Di tích,Điểm tham quan văn hóa,heritage
GL_0063,Cánh đồng điện gió Ia Pết,Gia Lai,Di tích,Điểm tham quan văn hóa,heritage
GL_0046,Cửa khẩu quốc tế Lệ Thanh,Gia Lai,Di tích,Điểm tham quan văn hóa,heritage
GL_0003,Hàng thông trăm tuổi,Gia Lai,Di tích,Điểm tham quan văn hóa,heritage
GL_0062,Học viện bóng đá HAGL Arsenal JMG,Gia Lai,Di tích,Điểm tham quan văn hóa,heritage
GL_0064,Điện gió Chư Prông,Gia Lai,Di tích,Điểm tham quan văn hóa,heritage
GL_0027,Đập Ayun Hạ,Gia Lai,Di tích,Điểm tham quan văn hóa,heritage
GL_0082,Đồi chè Bàu Cạn,Gia Lai,Di tích,Điểm tham quan văn hóa,heritage
GL_0044,Đồi thông Hà Tam,Gia Lai,Di tích,Điểm tham quan văn hóa,heritage
GL_0020,Đồi thông Đắk Đoa,Gia Lai,Di tích,Điểm tham quan văn hóa,heritage
HGI_0023,Bến thuyền sông Nho Quế,Hà Giang,Thiên nhiên,Danh thắng/sinh thái,nature
HGI_0065,Chợ phiên Hoàng Su Phì,Hà Giang,Văn hóa cộng đồng,Bản làng/chợ phiên,culture
HGI_0003,Chợ phiên Đồng Văn,Hà Giang,Văn hóa cộng đồng,Bản làng/chợ phiên,culture
HGI_0001,Công viên địa chất toàn cầu UNESCO Cao nguyên đá Đồng Văn,Hà Giang,Thiên nhiên,Danh thắng/sinh thái,mountain
HGI_0033,Cổng trời Quản Bạ,Hà Giang,Di tích,Điểm tham quan văn hóa,heritage
HGI_0005,Cột cờ Lũng Cú,Hà Giang,Văn hóa,Di tích lịch sử/bảo tàng,culture
HGI_0075,Cửa khẩu Thanh Thủy,Hà Giang,Thiên nhiên,Danh thắng/sinh thái,nature
HGI_0018,Hang Rồng Đồng Văn,Hà Giang,Thiên nhiên,Danh thắng/sinh thái,mountain
HGI_0060,Hồ Thầu Hoàng Su Phì,Hà Giang,Thiên nhiên,Danh thắng/sinh thái,nature
HGI_0019,Mốc cực Bắc Lũng Cú,Hà Giang,Di tích,Điểm tham quan văn hóa,heritage
HGI_0032,Mốc trắng Mã Pì Lèng,Hà Giang,Thiên nhiên,Danh thắng/sinh thái,nature
HGI_0034,Núi đôi Quản Bạ,Hà Giang,Thiên nhiên,Danh thắng/sinh thái,mountain
HGI_0002,Phố cổ Đồng Văn,Hà Giang,Văn hóa cộng đồng,Bản làng/chợ phiên,culture
HGI_0051,Ruộng bậc thang Hoàng Su Phì,Hà Giang,Thiên nhiên,Danh thắng/sinh thái,nature
HGI_0022,Sông Nho Quế,Hà Giang,Thiên nhiên,Danh thắng/sinh thái,nature
HGI_0020,Đèo Mã Pì Lèng,Hà Giang,Thiên nhiên,Danh thắng/sinh thái,mountain
HGI_0016,Đồn Cao Đồng Văn,Hà Giang,Thiên nhiên,Danh thắng/sinh thái,nature
HGI_0095,Bản Buông,Hà Giang,Văn hóa cộng đồng,Bản làng/chợ phiên,culture
HGI_0048,Bản Du Già,Hà Giang,Văn hóa cộng đồng,Bản làng/chợ phiên,culture
HGI_0054,Bản Luốc,Hà Giang,Văn hóa cộng đồng,Bản làng/chợ phiên,culture
HGI_0007,Bản Má Lé,Hà Giang,Văn hóa cộng đồng,Bản làng/chợ phiên,culture
HGI_0066,Bản Nặm Hồng,Hà Giang,Văn hóa cộng đồng,Bản làng/chợ phiên,culture
HGI_0052,Bản Phùng,Hà Giang,Tâm linh,Đền/phủ/miếu,religious
HGI_0106,Bản Sà Phìn,Hà Giang,Văn hóa cộng đồng,Bản làng/chợ phiên,culture
HGI_0015,Bản Thiên Hương,Hà Giang,Văn hóa cộng đồng,Bản làng/chợ phiên,culture
HGI_0031,Bản Tà Làng,Hà Giang,Văn hóa cộng đồng,Bản làng/chợ phiên,culture
HGI_0081,Bảo tàng tỉnh Hà Giang,Hà Giang,Văn hóa,Di tích lịch sử/bảo tàng,culture
HGI_0087,Chùa Bình Lâm,Hà Giang,Tâm linh,Chùa/thiền viện,religious
HGI_0086,Chùa Sùng Khánh,Hà Giang,Tâm linh,Chùa/thiền viện,religious
HGI_0103,Chợ phiên Lũng Phìn,Hà Giang,Văn hóa cộng đồng,Bản làng/chợ phiên,culture
HGI_0027,Chợ phiên Mèo Vạc,Hà Giang,Văn hóa cộng đồng,Bản làng/chợ phiên,culture
HGI_0014,Chợ phiên Phố Cáo,Hà Giang,Văn hóa cộng đồng,Bản làng/chợ phiên,culture
HGI_0105,Chợ phiên Sà Phìn,Hà Giang,Văn hóa cộng đồng,Bản làng/chợ phiên,culture
HGI_0109,Chợ phiên Xín Mần,Hà Giang,Văn hóa cộng đồng,Bản làng/chợ phiên,culture
HGI_0044,Chợ phiên Yên Minh,Hà Giang,Văn hóa cộng đồng,Bản làng/chợ phiên,culture
HGI_0080,Cột mốc Km0 Hà Giang,Hà Giang,Thiên nhiên,Danh thắng/sinh thái,nature
HGI_0090,Di tích Căng Bắc Mê,Hà Giang,Văn hóa,Di tích lịch sử/bảo tàng,culture
HGI_0037,Hang Lùng Khúy,Hà Giang,Thiên nhiên,Danh thắng/sinh thái,mountain
HGI_0050,Hang Nà Luồng,Hà Giang,Thiên nhiên,Danh thắng/sinh thái,mountain
HGI_0077,Hang Phương Thiện,Hà Giang,Thiên nhiên,Danh thắng/sinh thái,mountain
HGI_0093,Hang Tùng Bá,Hà Giang,Thiên nhiên,Danh thắng/sinh thái,mountain
HGI_0021,Hẻm vực Tu Sản,Hà Giang,Thiên nhiên,Danh thắng/sinh thái,nature
HGI_0088,Hồ Noong,Hà Giang,Thiên nhiên,Danh thắng/sinh thái,nature
HGI_0100,Hồ Quang Minh,Hà Giang,Thiên nhiên,Danh thắng/sinh thái,nature
HGI_0092,Hồ thủy điện Bắc Mê,Hà Giang,Tâm linh,Đền/phủ/miếu,religious
HGI_0006,Làng Lô Lô Chải,Hà Giang,Văn hóa cộng đồng,Bản làng/chợ phiên,culture
HGI_0049,Làng Lùng Hồ,Hà Giang,Văn hóa cộng đồng,Bản làng/chợ phiên,culture
HGI_0041,Làng dệt lanh Lùng Tám,Hà Giang,Văn hóa cộng đồng,Bản làng/chợ phiên,culture
HGI_0094,Làng văn hóa Bản Lạn,Hà Giang,Văn hóa cộng đồng,Bản làng/chợ phiên,culture
HGI_0083,Làng văn hóa Hạ Thành,Hà Giang,Văn hóa cộng đồng,Bản làng/chợ phiên,culture
HGI_0010,Làng văn hóa Lũng Cẩm,Hà Giang,Văn hóa cộng đồng,Bản làng/chợ phiên,culture
HGI_0036,Làng văn hóa Nặm Đăm,Hà Giang,Văn hóa cộng đồng,Bản làng/chợ phiên,culture
HGI_0030,Làng văn hóa du lịch cộng đồng Pả Vi,Hà Giang,Văn hóa cộng đồng,Bản làng/chợ phiên,culture
HGI_0073,Nghĩa trang liệt sĩ Vị Xuyên,Hà Giang,Văn hóa,Di tích lịch sử/bảo tàng,culture
HGI_0009,Nhà của Pao,Hà Giang,Thiên nhiên,Danh thắng/sinh thái,nature
HGI_0078,Núi Cấm Sơn,Hà Giang,Thiên nhiên,Danh thắng/sinh thái,mountain
HGI_0017,Núi Đồn Cao,Hà Giang,Thiên nhiên,Danh thắng/sinh thái,mountain
HGI_0055,Ruộng bậc thang Bản Luốc,Hà Giang,Văn hóa cộng đồng,Bản làng/chợ phiên,culture
HGI_0053,Ruộng bậc thang Bản Phùng,Hà Giang,Tâm linh,Đền/phủ/miếu,religious
HGI_0107,Ruộng bậc thang Hồ Thầu,Hà Giang,Thiên nhiên,Danh thắng/sinh thái,nature
HGI_0058,Ruộng bậc thang Nậm Ty,Hà Giang,Thiên nhiên,Danh thắng/sinh thái,nature
HGI_0108,Ruộng bậc thang Thông Nguyên,Hà Giang,Thiên nhiên,Danh thắng/sinh thái,nature
HGI_0042,Rừng thông Yên Minh,Hà Giang,Thiên nhiên,Danh thắng/sinh thái,nature
HGI_0085,Suối Tiên Hà Giang,Hà Giang,Thiên nhiên,Danh thắng/sinh thái,mountain
HGI_0072,Suối khoáng Quảng Ngần,Hà Giang,Thiên nhiên,Danh thắng/sinh thái,mountain
HGI_0059,Sán Sả Hồ,Hà Giang,Thiên nhiên,Danh thắng/sinh thái,nature
HGI_0076,Thác Bản Ba,Hà Giang,Văn hóa cộng đồng,Bản làng/chợ phiên,culture
HGI_0047,Thác Du Già,Hà Giang,Thiên nhiên,Danh thắng/sinh thái,mountain
HGI_0097,Thác Nặm Tạu,Hà Giang,Thiên nhiên,Danh thắng/sinh thái,mountain
HGI_0099,Thác Thí,Hà Giang,Thiên nhiên,Danh thắng/sinh thái,mountain
HGI_0068,Thác Tiên - Đèo Gió,Hà Giang,Thiên nhiên,Danh thắng/sinh thái,mountain
HGI_0074,Điểm cao 468 Vị Xuyên,Hà Giang,Thiên nhiên,Danh thắng/sinh thái,nature
HGI_0062,Đỉnh Chiêu Lầu Thi,Hà Giang,Thiên nhiên,Danh thắng/sinh thái,nature
HGI_0064,Đỉnh Tây Côn Lĩnh,Hà Giang,Thiên nhiên,Danh thắng/sinh thái,nature
HGI_0069,Bãi đá cổ Nấm Dẩn,Hà Giang,Di tích,Điểm tham quan văn hóa,heritage
HGI_0089,Bắc Mê,Hà Giang,Di tích,Điểm tham quan văn hóa,heritage
HGI_0098,Bắc Quang,Hà Giang,Di tích,Điểm tham quan văn hóa,heritage
HGI_0061,Chiêu Lầu Thi,Hà Giang,Di tích,Điểm tham quan văn hóa,heritage
HGI_0071,Chợ Cốc Pài,Hà Giang,Ẩm thực,Chợ/đặc sản,food
HGI_0082,Chợ Hà Giang,Hà Giang,Ẩm thực,Chợ/đặc sản,food
HGI_0040,Chợ Quyết Tiến,Hà Giang,Ẩm thực,Chợ/đặc sản,food
HGI_0102,Chợ Việt Quang,Hà Giang,Ẩm thực,Chợ/đặc sản,food
HGI_0096,Chợ Yên Bình Quang Bình,Hà Giang,Ẩm thực,Chợ/đặc sản,food
HGI_0028,Chợ tình Khâu Vai,Hà Giang,Ẩm thực,Chợ/đặc sản,food
HGI_0038,Cây cô đơn Cán Tỷ,Hà Giang,Di tích,Điểm tham quan văn hóa,heritage
HGI_0070,Cửa khẩu Xín Mần,Hà Giang,Di tích,Điểm tham quan văn hóa,heritage
HGI_0004,Dinh thự họ Vương,Hà Giang,Di tích,Điểm tham quan văn hóa,heritage
HGI_0046,Du Già,Hà Giang,Di tích,Điểm tham quan văn hóa,heritage
HGI_0039,Dốc Bắc Sum,Hà Giang,Di tích,Điểm tham quan văn hóa,heritage
HGI_0012,Dốc Chín Khoanh,Hà Giang,Di tích,Điểm tham quan văn hóa,heritage
HGI_0011,Dốc Thẩm Mã,Hà Giang,Di tích,Điểm tham quan văn hóa,heritage
HGI_0045,Dốc Thẩm Mã phía Yên Minh,Hà Giang,Di tích,Điểm tham quan văn hóa,heritage
HGI_0024,Hẻm Tu Sản viewpoint,Hà Giang,Di tích,Điểm tham quan văn hóa,heritage
HGI_0104,Lũng Phìn,Hà Giang,Di tích,Điểm tham quan văn hóa,heritage
HGI_0026,Mèo Vạc,Hà Giang,Di tích,Điểm tham quan văn hóa,heritage
HGI_0029,Mê cung đá Khâu Vai,Hà Giang,Di tích,Điểm tham quan văn hóa,heritage
HGI_0057,Nậm Ty,Hà Giang,Di tích,Điểm tham quan văn hóa,heritage
HGI_0013,Phố Cáo,Hà Giang,Di tích,Điểm tham quan văn hóa,heritage
HGI_0079,Quảng trường 26/3 Hà Giang,Hà Giang,Giải trí,Công viên/khu vui chơi,checkin
HGI_0091,Sông Gâm Bắc Mê,Hà Giang,Di tích,Điểm tham quan văn hóa,heritage
HGI_0008,Thung lũng Sủng Là,Hà Giang,Di tích,Điểm tham quan văn hóa,heritage
HGI_0084,Thôn Tha,Hà Giang,Di tích,Điểm tham quan văn hóa,heritage
HGI_0056,Thông Nguyên,Hà Giang,Di tích,Điểm tham quan văn hóa,heritage
HGI_0035,Thị trấn Tam Sơn,Hà Giang,Di tích,Điểm tham quan văn hóa,heritage
HGI_0063,Tây Côn Lĩnh,Hà Giang,Di tích,Điểm tham quan văn hóa,heritage
HGI_0101,Vườn cam sành Bắc Quang,Hà Giang,Di tích,Điểm tham quan văn hóa,heritage
HGI_0067,Xín Mần,Hà Giang,Di tích,Điểm tham quan văn hóa,heritage
HGI_0043,Yên Minh,Hà Giang,Di tích,Điểm tham quan văn hóa,heritage
HGI_0025,Đường Hạnh Phúc,Hà Giang,Di tích,Điểm tham quan văn hóa,heritage
HNAM_0010,Chùa Bà Đanh,Hà Nam,Tâm linh,Chùa/thiền viện,religious
HNAM_0002,Chùa Tam Chúc,Hà Nam,Tâm linh,Chùa/thiền viện,religious
HNAM_0009,Chùa Địa Tạng Phi Lai,Hà Nam,Tâm linh,Chùa/thiền viện,religious
HNAM_0022,Hang Luồn Tam Chúc,Hà Nam,Tâm linh,Chùa/thiền viện,religious
HNAM_0003,Hồ Tam Chúc,Hà Nam,Tâm linh,Chùa/thiền viện,religious
HNAM_0001,Khu du lịch Tam Chúc,Hà Nam,Tâm linh,Chùa/thiền viện,religious
HNAM_0007,Vườn Cột Kinh - Tam Chúc,Hà Nam,Tâm linh,Chùa/thiền viện,religious
HNAM_0006,Điện Pháp Chủ - Tam Chúc,Hà Nam,Tâm linh,Chùa/thiền viện,religious
HNAM_0005,Điện Tam Thế - Tam Chúc,Hà Nam,Tâm linh,Chùa/thiền viện,religious
HNAM_0004,Đình Tam Chúc,Hà Nam,Tâm linh,Chùa/thiền viện,religious
HNAM_0008,Đảo Cò Tam Chúc,Hà Nam,Thiên nhiên,Biển đảo/rừng núi/sinh thái,beach
HNAM_0013,Đền Lảnh Giang,Hà Nam,Tâm linh,Đền/phủ/miếu,religious
HNAM_0014,Đền Trần Thương,Hà Nam,Tâm linh,Đền/phủ/miếu,religious
HNAM_0064,Chùa An Bài,Hà Nam,Tâm linh,Chùa/thiền viện,religious
HNAM_0062,Chùa Bà Chanh,Hà Nam,Tâm linh,Chùa/thiền viện,religious
HNAM_0068,Chùa Bát Cảnh Sơn,Hà Nam,Tâm linh,Chùa/thiền viện,religious
HNAM_0043,Chùa Bầu,Hà Nam,Tâm linh,Chùa/thiền viện,religious
HNAM_0051,Chùa Cao,Hà Nam,Tâm linh,Chùa/thiền viện,religious
HNAM_0065,Chùa Cao Đà,Hà Nam,Tâm linh,Chùa/thiền viện,religious
HNAM_0049,Chùa Khánh Long,Hà Nam,Tâm linh,Chùa/thiền viện,religious
HNAM_0053,Chùa Khả Phong,Hà Nam,Tâm linh,Chùa/thiền viện,religious
HNAM_0023,Chùa Long Đọi Sơn,Hà Nam,Tâm linh,Chùa/thiền viện,religious
HNAM_0055,Chùa Quyển Sơn,Hà Nam,Tâm linh,Chùa/thiền viện,religious
HNAM_0045,Chùa Tiên,Hà Nam,Tâm linh,Chùa/thiền viện,religious
HNAM_0050,Chùa Tiên Phong,Hà Nam,Tâm linh,Chùa/thiền viện,religious
HNAM_0052,Chùa Vân Mộng,Hà Nam,Tâm linh,Chùa/thiền viện,religious
HNAM_0047,Chùa Ông,Hà Nam,Tâm linh,Chùa/thiền viện,religious
HNAM_0040,Chợ Phủ Lý,Hà Nam,Tâm linh,Đền/phủ/miếu,religious
HNAM_0037,Cầu Hồng Phú,Hà Nam,Thiên nhiên,Danh thắng/sinh thái,religious
HNAM_0060,Hang Ông,Hà Nam,Thiên nhiên,Danh thắng/sinh thái,mountain
HNAM_0056,Hồ Ba Hang,Hà Nam,Thiên nhiên,Danh thắng/sinh thái,mountain
HNAM_0042,Hồ Châu Giang,Hà Nam,Thiên nhiên,Danh thắng/sinh thái,religious
HNAM_0030,Làng mây tre đan Ngọc Động,Hà Nam,Thiên nhiên,Danh thắng/sinh thái,nature
HNAM_0031,Làng nghề gốm Quyết Thành,Hà Nam,Làng nghề,Trải nghiệm văn hóa,culture
HNAM_0033,Làng nghề sừng Đô Hai,Hà Nam,Làng nghề,Trải nghiệm văn hóa,culture
HNAM_0029,Làng thêu ren Thanh Hà,Hà Nam,Làng nghề,Trải nghiệm văn hóa,culture
HNAM_0025,Làng trống Đọi Tam,Hà Nam,Làng nghề,Trải nghiệm văn hóa,culture
HNAM_0012,Ngũ Động Sơn,Hà Nam,Thiên nhiên,Danh thắng/sinh thái,mountain
HNAM_0021,Núi Cấm - Hà Nam,Hà Nam,Thiên nhiên,Danh thắng/sinh thái,mountain
HNAM_0058,Núi Thất Tinh,Hà Nam,Thiên nhiên,Danh thắng/sinh thái,mountain
HNAM_0024,Núi Đọi,Hà Nam,Thiên nhiên,Danh thắng/sinh thái,mountain
HNAM_0038,Phố đi bộ Phủ Lý,Hà Nam,Tâm linh,Đền/phủ/miếu,religious
HNAM_0035,Quảng trường Phủ Lý,Hà Nam,Tâm linh,Đền/phủ/miếu,religious
HNAM_0041,Sông Đáy đoạn Phủ Lý,Hà Nam,Tâm linh,Đền/phủ/miếu,religious
HNAM_0039,Vincom Plaza Phủ Lý,Hà Nam,Tâm linh,Đền/phủ/miếu,religious
HNAM_0015,Đền Bà Vũ,Hà Nam,Tâm linh,Đền/phủ/miếu,religious
HNAM_0048,Đền Thánh Mẫu,Hà Nam,Tâm linh,Đền/phủ/miếu,religious
HNAM_0016,Đền Tiên Ông,Hà Nam,Tâm linh,Đền/phủ/miếu,religious
HNAM_0011,Đền Trúc - Ngũ Động Sơn,Hà Nam,Tâm linh,Đền/phủ/miếu,religious
HNAM_0061,Đền Vũ Điện,Hà Nam,Tâm linh,Đền/phủ/miếu,religious
HNAM_0044,Đền thờ 10 cô gái Lam Hạ,Hà Nam,Tâm linh,Đền/phủ/miếu,religious
HNAM_0066,Đền thờ Nguyễn Khuyến,Hà Nam,Tâm linh,Đền/phủ/miếu,religious
HNAM_0059,Động Phúc Long,Hà Nam,Thiên nhiên,Danh thắng/sinh thái,mountain
HNAM_0036,Công viên Nguyễn Khuyến,Hà Nam,Giải trí,Công viên/khu vui chơi,checkin
HNAM_0019,Ao thu Nguyễn Khuyến,Hà Nam,Di tích,Điểm tham quan văn hóa,heritage
HNAM_0034,Bảo tàng Hà Nam,Hà Nam,Văn hóa,Bảo tàng/khu lưu niệm,culture
HNAM_0067,Khu sinh thái Bát Cảnh Sơn,Hà Nam,Di tích,Điểm tham quan văn hóa,heritage
HNAM_0020,Kẽm Trống,Hà Nam,Di tích,Điểm tham quan văn hóa,heritage
HNAM_0027,Làng cá kho Vũ Đại,Hà Nam,Di tích,Điểm tham quan văn hóa,heritage
HNAM_0026,Làng dệt lụa Nha Xá,Hà Nam,Di tích,Điểm tham quan văn hóa,heritage
HNAM_0032,Làng rượu Vọc,Hà Nam,Di tích,Điểm tham quan văn hóa,heritage
HNAM_0028,Nhà Bá Kiến,Hà Nam,Di tích,Điểm tham quan văn hóa,heritage
HNAM_0057,Thung Lũng Ba Sao,Hà Nam,Di tích,Điểm tham quan văn hóa,heritage
HNAM_0018,Từ đường Nguyễn Khuyến,Hà Nam,Di tích,Điểm tham quan văn hóa,heritage
HNAM_0046,Đình Chảy,Hà Nam,Di tích,Đình làng,heritage
HNAM_0063,Đình Nhân Hậu,Hà Nam,Di tích,Đình làng,heritage
HNAM_0054,Đình Quyển Sơn,Hà Nam,Di tích,Đình làng,heritage
HNAM_0017,Đình Vị Hạ,Hà Nam,Di tích,Đình làng,heritage
ha-noi__ho-hoan-kiem,Hồ Hoàn Kiếm,Hà Nội,lake,urban_lake,mountain
ha-noi__hoang-thanh-thang-long,Hoàng thành Thăng Long,Hà Nội,heritage,imperial_citadel,heritage
ha-noi__pho-co-ha-noi,Phố cổ Hà Nội,Hà Nội,street,old_quarter,city
ha-noi__van-mieu-quoc-tu-giam,Văn Miếu - Quốc Tử Giám,Hà Nội,heritage,confucian_temple,heritage
ha-noi__lang-chu-tich-ho-chi-minh,Lăng Chủ tịch Hồ Chí Minh,Hà Nội,heritage,mausoleum,heritage
ha-noi__bao-tang-dan-toc-hoc-viet-nam,Bảo tàng Dân tộc học Việt Nam,Hà Nội,museum,ethnology_museum,heritage
ha-noi__vuon-quoc-gia-ba-vi,Vườn quốc gia Ba Vì,Hà Nội,nature,national_park,nature
ha-noi__den-ngoc-son,Đền Ngọc Sơn,Hà Nội,religious,temple,religious
ha-noi__chua-huong,Chùa Hương,Hà Nội,religious,pilgrimage_complex,religious
ha-noi__ho-tay,Hồ Tây,Hà Nội,lake,large_lake,mountain
ha-noi__nha-tu-hoa-lo,Nhà tù Hỏa Lò,Hà Nội,museum,historic_prison,heritage
ha-noi__chua-tran-quoc,Chùa Trấn Quốc,Hà Nội,religious,pagoda,religious
ha-noi__lang-co-duong-lam,Làng cổ Đường Lâm,Hà Nội,Thiên nhiên,Biển đảo/rừng núi/sinh thái,beach
ha-noi__lang-gom-bat-trang,Làng gốm Bát Tràng,Hà Nội,village,craft_village,culture
ha-noi__bao-tang-phu-nu-viet-nam,Bảo tàng Phụ nữ Việt Nam,Hà Nội,museum,women_museum,heritage
ha-noi__chua-mot-cot,Chùa Một Cột,Hà Nội,religious,pagoda,religious
ha-noi__nha-hat-mua-roi-nuoc-thang-long,Nhà hát Múa rối nước Thăng Long,Hà Nội,entertainment,water_puppet_theatre,checkin
ha-noi__nha-tho-lon-ha-noi,Nhà thờ Lớn Hà Nội,Hà Nội,religious,cathedral,religious
ha-noi__thanh-co-loa,Thành Cổ Loa,Hà Nội,heritage,ancient_citadel,heritage
ha-noi__nha-hat-lon-ha-noi,Nhà hát Lớn Hà Nội,Hà Nội,landmark,colonial_architecture,city
ha-noi__bao-tang-lich-su-quoc-gia,Bảo tàng Lịch sử Quốc gia,Hà Nội,museum,national_history_museum,heritage
ha-noi__chua-thay,Chùa Thầy,Hà Nội,religious,pagoda_scenic_complex,religious
ha-noi__cau-long-bien,Cầu Long Biên,Hà Nội,Thiên nhiên,Biển đảo/rừng núi/sinh thái,beach
ha-noi__lang-lua-van-phuc,Làng lụa Vạn Phúc,Hà Nội,village,craft_village,culture
ha-noi__dong-huong-tich,Động Hương Tích,Hà Nội,religious,cave_pagoda,religious
ha-noi__bao-tang-lich-su-quan-su-viet-nam,Bảo tàng Lịch sử Quân sự Việt Nam,Hà Nội,museum,military_museum,heritage
ha-noi__chua-tay-phuong,Chùa Tây Phương,Hà Nội,religious,ancient_pagoda,religious
ha-noi__cho-dong-xuan,Chợ Đồng Xuân,Hà Nội,market,local_market,city
ha-noi__cau-the-huc,Cầu Thê Húc,Hà Nội,landmark,bridge_checkin,city
ha-noi__lang-huong-quang-phu-cau,Làng hương Quảng Phú Cầu,Hà Nội,village,craft_village,culture
ha-noi__lang-van-hoa-du-lich-cac-dan-toc-viet-nam,Làng văn hóa - du lịch các dân tộc Việt Nam,Hà Nội,entertainment,ethnic_culture_village,checkin
ha-noi__nha-san-bac-ho,Nhà sàn Bác Hồ,Hà Nội,heritage,historic_house,heritage
ha-noi__pho-di-bo-ho-guom,Phố đi bộ Hồ Gươm,Hà Nội,street,walking_street,city
ha-noi__quang-truong-ba-dinh,Quảng trường Ba Đình,Hà Nội,landmark,public_square,city
ha-noi__thap-rua,Tháp Rùa,Hà Nội,landmark,historic_tower,city
ha-noi__bao-tang-ho-chi-minh,Bảo tàng Hồ Chí Minh,Hà Nội,museum,history_museum,heritage
ha-noi__bao-tang-my-thuat-viet-nam,Bảo tàng Mỹ thuật Việt Nam,Hà Nội,museum,art_museum,heritage
ha-noi__cot-co-ha-noi,Cột cờ Hà Nội,Hà Nội,landmark,historic_tower,city
ha-noi__den-quan-thanh,Đền Quán Thánh,Hà Nội,religious,taoist_temple,religious
ha-noi__cho-dem-pho-co-ha-noi,Chợ đêm phố cổ Hà Nội,Hà Nội,market,night_market,city
ha-noi__cong-vien-thien-duong-bao-son,Công viên Thiên đường Bảo Sơn,Hà Nội,entertainment,theme_park,checkin
ha-noi__lotte-observation-deck,Lotte Observation Deck,Hà Nội,entertainment,observation_deck,checkin
ha-noi__pho-ta-hien,Phố Tạ Hiện,Hà Nội,street,nightlife_street,city
ha-noi__phu-chu-tich,Phủ Chủ tịch,Hà Nội,heritage,colonial_building,heritage
ha-noi__phu-tay-ho,Phủ Tây Hồ,Hà Nội,religious,mother_goddess_temple,religious
ha-noi__suoi-yen,Suối Yến,Hà Nội,nature,scenic_stream,mountain
ha-noi__vinke-thuy-cung-times-city,VinKE & Thủy cung Times City,Hà Nội,entertainment,aquarium_indoor_playground,checkin
ha-noi__viet-phu-thanh-chuong,Việt Phủ Thành Chương,Hà Nội,heritage,private_cultural_complex,heritage
ha-noi__den-bach-ma,Đền Bạch Mã,Hà Nội,religious,ancient_temple,religious
ha-noi__den-soc,Đền Sóc,Hà Nội,religious,giong_temple,religious
ha-noi__chua-mia,Chùa Mía,Hà Nội,religious,pagoda,religious
ha-noi__chua-tram-gian,Chùa Trăm Gian,Hà Nội,religious,ancient_pagoda,religious
ha-noi__thanh-co-son-tay,Thành cổ Sơn Tây,Hà Nội,heritage,ancient_citadel,heritage
ha-noi__bao-tang-ha-noi,Bảo tàng Hà Nội,Hà Nội,museum,city_museum,heritage
ha-noi__bao-tang-gom-bat-trang,Bảo tàng gốm Bát Tràng,Hà Nội,museum,craft_museum,heritage
ha-noi__chua-quan-su,Chùa Quán Sứ,Hà Nội,religious,pagoda,religious
ha-noi__keangnam-landmark-72-sky,Keangnam Landmark 72 Sky,Hà Nội,entertainment,observation_deck,checkin
ha-noi__khu-pho-phap-ha-noi,Khu phố Pháp Hà Nội,Hà Nội,street,french_quarter,city
ha-noi__nha-co-87-ma-may,Nhà cổ 87 Mã Mây,Hà Nội,heritage,old_house,heritage
ha-noi__nui-ham-lon,Núi Hàm Lợn,Hà Nội,nature,mountain_camping,mountain
ha-noi__den-an-duong-vuong,Đền An Dương Vương,Hà Nội,religious,historic_temple,religious
ha-noi__den-thuong-ba-vi,Đền Thượng Ba Vì,Hà Nội,religious,mountain_temple,religious
ha-noi__bao-tang-phong-khong-khong-quan,Bảo tàng Phòng không - Không quân,Hà Nội,museum,air_force_museum,heritage
ha-noi__chua-tram,Chùa Trầm,Hà Nội,religious,mountain_pagoda,religious
ha-noi__ho-truc-bach,Hồ Trúc Bạch,Hà Nội,lake,urban_lake,mountain
ha-noi__ho-dong-mo,Hồ Đồng Mô,Hà Nội,nature,lake_ecotourism,mountain
ha-noi__nha-tho-do-ba-vi,Nhà thờ đổ Ba Vì,Hà Nội,landmark,ruined_church,city
ha-noi__pho-hang-ma,Phố Hàng Mã,Hà Nội,street,festival_street,city
ha-noi__pho-bia-ta-hien-luong-ngoc-quyen,Phố bia Tạ Hiện - Lương Ngọc Quyến,Hà Nội,food,beer_street,food
ha-noi__chua-kim-lien,Chùa Kim Liên,Hà Nội,religious,pagoda,religious
ha-noi__chua-non-nuoc-soc-son,Chùa Non Nước Sóc Sơn,Hà Nội,religious,mountain_pagoda,religious
ha-noi__cong-vien-thong-nhat,Công viên Thống Nhất,Hà Nội,park,urban_park,checkin
ha-noi__cong-vien-yen-so,Công viên Yên Sở,Hà Nội,park,large_urban_park,checkin
ha-noi__khoang-xanh-suoi-tien,Khoang Xanh - Suối Tiên,Hà Nội,nature,ecotourism_resort,mountain
ha-noi__pho-bich-hoa-phung-hung,Phố bích họa Phùng Hưng,Hà Nội,street,mural_street,city
ha-noi__thien-son-suoi-nga,Thiên Sơn - Suối Ngà,Hà Nội,nature,ecotourism_resort,mountain
ha-noi__thung-lung-ban-xoi,Thung lũng Bản Xôi,Hà Nội,nature,camping_valley,nature
ha-noi__vuon-bach-thao-ha-noi,Vườn Bách Thảo Hà Nội,Hà Nội,park,botanical_garden,checkin
ha-noi__o-quan-chuong,Ô Quan Chưởng,Hà Nội,landmark,old_gate,city
ha-noi__dinh-mong-phu,Đình Mông Phụ,Hà Nội,religious,communal_house,religious
ha-noi__duong-phan-dinh-phung,Đường Phan Đình Phùng,Hà Nội,street,tree_lined_street,city
ha-noi__den-hai-ba-trung,Đền Hai Bà Trưng,Hà Nội,religious,historic_temple,religious
ha-noi__den-voi-phuc,Đền Voi Phục,Hà Nội,religious,ancient_temple,religious
ha-noi__den-va,Đền Và,Hà Nội,religious,historic_temple,religious
ha-noi__ao-vua,Ao Vua,Hà Nội,nature,ecotourism_resort,checkin
ha-noi__chua-ha,Chùa Hà,Hà Nội,religious,pagoda,religious
ha-noi__ho-dong-quan,Hồ Đồng Quan,Hà Nội,nature,lake_ecotourism,mountain
ha-noi__bai-da-song-hong,Bãi đá sông Hồng,Hà Nội,park,flower_garden,checkin
ha-noi__chua-lang,Chùa Láng,Hà Nội,religious,pagoda,religious
ha-noi__chua-phuc-khanh,Chùa Phúc Khánh,Hà Nội,religious,pagoda,religious
ha-noi__cong-vien-thu-le,Công viên Thủ Lệ,Hà Nội,entertainment,zoo_park,checkin
ha-noi__cau-nhat-tan,Cầu Nhật Tân,Hà Nội,landmark,modern_bridge,city
ha-noi__ho-ham-lon,Hồ Hàm Lợn,Hà Nội,nature,lake_camping,mountain
ha-noi__lang-mua-roi-nuoc-dao-thuc,Làng múa rối nước Đào Thục,Hà Nội,Thiên nhiên,Biển đảo/rừng núi/sinh thái,beach
ha-noi__nui-tram,Núi Trầm,Hà Nội,nature,limestone_mountain,mountain
ha-noi__pho-sach-19-12,Phố sách 19/12,Hà Nội,street,book_street,city
ha-noi__pho-am-thuc-tong-duy-tan,Phố ẩm thực Tống Duy Tân,Hà Nội,food,food_street,food
ha-noi__royal-city-ice-rink,Royal City Ice Rink,Hà Nội,entertainment,indoor_ice_rink,checkin
ha-noi__thung-lung-hoa-ho-tay,Thung lũng hoa Hồ Tây,Hà Nội,park,flower_garden,checkin
ha-noi__tuong-dai-thanh-giong-soc-son,Tượng đài Thánh Gióng Sóc Sơn,Hà Nội,landmark,monument,city
ha-noi__dinh-kim-ngan,Đình Kim Ngân,Hà Nội,religious,communal_house,religious
ha-noi__duong-hoang-dieu,Đường Hoàng Diệu,Hà Nội,street,historic_boulevard,city
ha-noi__chua-hoe-nhai,Chùa Hòe Nhai,Hà Nội,religious,pagoda,religious
ha-noi__khu-du-lich-tan-da,Khu du lịch Tản Đà,Hà Nội,nature,hot_spring_resort,checkin
ha-noi__pho-duong-tau-ha-noi,Phố đường tàu Hà Nội,Hà Nội,street,train_street,city
ha-noi__vinhomes-ocean-park-gia-lam,Vinhomes Ocean Park Gia Lâm,Hà Nội,entertainment,urban_lake_complex,checkin
ha-noi__bao-tang-duong-ho-chi-minh,Bảo tàng Đường Hồ Chí Minh,Hà Nội,museum,history_museum,heritage
ha-noi__chua-ba-da,Chùa Bà Đá,Hà Nội,religious,pagoda,religious
ha-noi__chua-lien-phai,Chùa Liên Phái,Hà Nội,religious,pagoda,religious
ha-noi__con-duong-gom-su-ha-noi,Con đường gốm sứ Hà Nội,Hà Nội,landmark,public_art_wall,city
ha-noi__cong-vien-cau-giay,Công viên Cầu Giấy,Hà Nội,park,urban_park,checkin
ha-noi__cong-vien-hoa-binh,Công viên Hòa Bình,Hà Nội,park,urban_park,checkin
ha-noi__cong-vien-nghia-do,Công viên Nghĩa Đô,Hà Nội,park,urban_park,checkin
ha-noi__lang-co-cu-da,Làng cổ Cự Đà,Hà Nội,Thiên nhiên,Biển đảo/rừng núi/sinh thái,beach
ha-noi__vuon-dao-nhat-tan,Vườn đào Nhật Tân,Hà Nội,Thiên nhiên,Biển đảo/rừng núi/sinh thái,beach
ha-noi__bai-giua-song-hong,Bãi giữa sông Hồng,Hà Nội,nature,river_island,nature
ha-noi__lang-son-mai-ha-thai,Làng sơn mài Hạ Thái,Hà Nội,village,craft_village,culture
ha-noi__bao-tang-cong-an-nhan-dan,Bảo tàng Công an Nhân dân,Hà Nội,museum,public_security_museum,heritage
ha-noi__cho-long-bien,Chợ Long Biên,Hà Nội,market,wholesale_market,city
ha-noi__ho-bay-mau,Hồ Bảy Mẫu,Hà Nội,lake,urban_lake,mountain
ha-noi__lang-chuon-chuon-tre-thach-xa,Làng chuồn chuồn tre Thạch Xá,Hà Nội,village,craft_village,culture
ha-noi__lang-hoa-tay-tuu,Làng hoa Tây Tựu,Hà Nội,village,flower_village,culture
ha-noi__lang-may-tre-dan-phu-vinh,Làng mây tre đan Phú Vinh,Hà Nội,Thiên nhiên,Biển đảo/rừng núi/sinh thái,religious
ha-noi__lang-non-chuong,Làng nón Chuông,Hà Nội,village,craft_village,culture
ha-noi__lang-quat-chang-son,Làng quạt Chàng Sơn,Hà Nội,village,craft_village,culture
ha-noi__lang-tuong-son-dong,Làng tượng Sơn Đồng,Hà Nội,village,craft_village,culture
ha-noi__pho-ca-phe-trieu-viet-vuong,Phố cà phê Triệu Việt Vương,Hà Nội,food,coffee_street,food
ha-noi__san-van-dong-quoc-gia-my-dinh,Sân vận động Quốc gia Mỹ Đình,Hà Nội,landmark,stadium,city
ha-noi__lang-ran-le-mat,Làng rắn Lệ Mật,Hà Nội,village,food_craft_village,culture
ha-noi__cho-hom-duc-vien,Chợ Hôm - Đức Viên,Hà Nội,market,local_market,city
ha-noi__trung-tam-hoi-nghi-quoc-gia,Trung tâm Hội nghị Quốc gia,Hà Nội,landmark,modern_architecture,city
ha-noi__dam-van-tri,Đầm Vân Trì,Hà Nội,nature,wetland_lake,mountain
HT_0001,Biển Thiên Cầm,Hà Tĩnh,Thiên nhiên,Biển/rừng/hang động/sinh thái,beach
HT_0007,Biển Xuân Thành,Hà Tĩnh,Thiên nhiên,Biển/rừng/hang động/sinh thái,beach
HT_0028,Chùa Hương Tích Hà Tĩnh,Hà Tĩnh,Tâm linh,Chùa/thiền viện,religious
HT_0066,Chợ biển Xuân Thành,Hà Tĩnh,Thiên nhiên,Biển/rừng/hang động/sinh thái,beach
HT_0006,Chợ hải sản Thiên Cầm,Hà Tĩnh,Thiên nhiên,Biển/rừng/hang động/sinh thái,beach
HT_0018,Hồ Kẻ Gỗ,Hà Tĩnh,Thiên nhiên,Biển/rừng/hang động/sinh thái,beach
HT_0019,Khu bảo tồn thiên nhiên Kẻ Gỗ,Hà Tĩnh,Thiên nhiên,Biển/rừng/hang động/sinh thái,beach
HT_0031,Khu di tích Ngã ba Đồng Lộc,Hà Tĩnh,Văn hóa,Di tích lịch sử/bảo tàng,culture
HT_0002,Khu du lịch biển Thiên Cầm,Hà Tĩnh,Thiên nhiên,Biển/rừng/hang động/sinh thái,beach
HT_0003,Núi Thiên Cầm,Hà Tĩnh,Thiên nhiên,Biển/rừng/hang động/sinh thái,beach
HT_0008,Sân golf Xuân Thành,Hà Tĩnh,Thiên nhiên,Biển/rừng/hang động/sinh thái,beach
HT_0021,Vườn quốc gia Vũ Quang,Hà Tĩnh,Thiên nhiên,Biển/rừng/hang động/sinh thái,beach
HT_0005,Đảo Én Thiên Cầm,Hà Tĩnh,Thiên nhiên,Biển/rừng/hang động/sinh thái,beach
HT_0020,Đập Kẻ Gỗ,Hà Tĩnh,Thiên nhiên,Biển/rừng/hang động/sinh thái,beach
HT_0034,Đền thờ Ngã ba Đồng Lộc,Hà Tĩnh,Tâm linh,Đền/phủ/miếu,religious
HT_0014,Biển Kỳ Ninh,Hà Tĩnh,Thiên nhiên,Biển/rừng/hang động/sinh thái,beach
HT_0013,Biển Kỳ Xuân,Hà Tĩnh,Thiên nhiên,Biển/rừng/hang động/sinh thái,beach
HT_0011,Biển Lộc Hà,Hà Tĩnh,Thiên nhiên,Biển/rừng/hang động/sinh thái,beach
HT_0010,Biển Thạch Hải,Hà Tĩnh,Thiên nhiên,Biển/rừng/hang động/sinh thái,beach
HT_0009,Biển Xuân Hải,Hà Tĩnh,Thiên nhiên,Biển/rừng/hang động/sinh thái,beach
HT_0012,Biển Xuân Hội,Hà Tĩnh,Thiên nhiên,Biển/rừng/hang động/sinh thái,beach
HT_0077,Bãi biển Kỳ Ninh mở rộng,Hà Tĩnh,Thiên nhiên,Biển/rừng/hang động/sinh thái,beach
HT_0046,Bảo tàng Hà Tĩnh,Hà Tĩnh,Văn hóa,Di tích lịch sử/bảo tàng,culture
HT_0051,Chùa Cảm Sơn,Hà Tĩnh,Tâm linh,Chùa/thiền viện,religious
HT_0004,Chùa Cầm Sơn,Hà Tĩnh,Tâm linh,Chùa/thiền viện,religious
HT_0073,Chùa Đại Hùng,Hà Tĩnh,Tâm linh,Chùa/thiền viện,religious
HT_0023,Hồ Ngàn Trươi,Hà Tĩnh,Thiên nhiên,Biển/rừng/hang động/sinh thái,beach
HT_0071,Hồ Rào Trổ,Hà Tĩnh,Thiên nhiên,Biển/rừng/hang động/sinh thái,beach
HT_0057,Hồ Thượng Tuy,Hà Tĩnh,Thiên nhiên,Biển/rừng/hang động/sinh thái,beach
HT_0076,Khu di tích Rú Dầu,Hà Tĩnh,Văn hóa,Di tích lịch sử/bảo tàng,culture
HT_0042,Khu lưu niệm Hà Huy Tập,Hà Tĩnh,Văn hóa,Di tích lịch sử/bảo tàng,culture
HT_0054,Khu lưu niệm Hải Thượng Lãn Ông,Hà Tĩnh,Văn hóa,Di tích lịch sử/bảo tàng,culture
HT_0037,Khu lưu niệm Nguyễn Công Trứ,Hà Tĩnh,Văn hóa,Di tích lịch sử/bảo tàng,culture
HT_0035,Khu lưu niệm Nguyễn Du,Hà Tĩnh,Văn hóa,Di tích lịch sử/bảo tàng,culture
HT_0040,Khu lưu niệm Trần Phú,Hà Tĩnh,Văn hóa,Di tích lịch sử/bảo tàng,culture
HT_0033,Khu mộ 10 nữ thanh niên xung phong Đồng Lộc,Hà Tĩnh,Tâm linh,Đền/phủ/miếu,religious
HT_0041,Khu mộ Tổng Bí thư Trần Phú,Hà Tĩnh,Tâm linh,Đền/phủ/miếu,religious
HT_0060,Làng ca trù Cổ Đạm,Hà Tĩnh,Văn hóa cộng đồng,Bản làng/chợ phiên,culture
HT_0062,Làng nghề kẹo cu đơ Hà Tĩnh,Hà Tĩnh,Văn hóa cộng đồng,Bản làng/chợ phiên,culture
HT_0063,Làng nghề mộc Thái Yên,Hà Tĩnh,Tâm linh,Đền/phủ/miếu,religious
HT_0064,Làng nghề nón Ba Giang,Hà Tĩnh,Văn hóa cộng đồng,Bản làng/chợ phiên,culture
HT_0061,Làng nghề nước mắm Cẩm Nhượng,Hà Tĩnh,Văn hóa cộng đồng,Bản làng/chợ phiên,culture
HT_0029,Núi Hồng Lĩnh,Hà Tĩnh,Thiên nhiên,Biển/rừng/hang động/sinh thái,beach
HT_0026,Suối nước nóng Sơn Kim,Hà Tĩnh,Thiên nhiên,Biển/rừng/hang động/sinh thái,beach
HT_0022,Thác Vũ Môn,Hà Tĩnh,Thiên nhiên,Biển/rừng/hang động/sinh thái,beach
HT_0032,Tượng đài thanh niên xung phong Đồng Lộc,Hà Tĩnh,Văn hóa,Di tích lịch sử/bảo tàng,culture
HT_0069,Đèo Con,Hà Tĩnh,Thiên nhiên,Biển/rừng/hang động/sinh thái,beach
HT_0016,Đèo Ngang Hà Tĩnh,Hà Tĩnh,Thiên nhiên,Biển/rừng/hang động/sinh thái,beach
HT_0039,Đền Chiêu Trưng,Hà Tĩnh,Tâm linh,Đền/phủ/miếu,religious
HT_0038,Đền Chợ Củi,Hà Tĩnh,Tâm linh,Đền/phủ/miếu,religious
HT_0030,Đền Cả Hồng Lĩnh,Hà Tĩnh,Tâm linh,Đền/phủ/miếu,religious
HT_0074,Đền Củi,Hà Tĩnh,Tâm linh,Đền/phủ/miếu,religious
HT_0045,Đền thờ Chế Thắng phu nhân Nguyễn Thị Bích Châu,Hà Tĩnh,Tâm linh,Đền/phủ/miếu,religious
HT_0055,Đền thờ Hải Thượng Lãn Ông,Hà Tĩnh,Tâm linh,Đền/phủ/miếu,religious
HT_0044,Đền thờ Lê Khôi,Hà Tĩnh,Tâm linh,Đền/phủ/miếu,religious
HT_0075,Đền thờ Nguyễn Biểu,Hà Tĩnh,Tâm linh,Đền/phủ/miếu,religious
HT_0043,Đền thờ Nguyễn Thị Bích Châu,Hà Tĩnh,Tâm linh,Đền/phủ/miếu,religious
HT_0048,Chợ Hà Tĩnh,Hà Tĩnh,Ẩm thực,Chợ/đặc sản,food
HT_0056,Chợ Hương Sơn,Hà Tĩnh,Ẩm thực,Chợ/đặc sản,food
HT_0065,Chợ cá Cẩm Nhượng,Hà Tĩnh,Ẩm thực,Chợ/đặc sản,food
HT_0050,Công viên Lý Tự Trọng Hà Tĩnh,Hà Tĩnh,Giải trí,Công viên/khu vui chơi,checkin
HT_0027,Cửa khẩu quốc tế Cầu Treo,Hà Tĩnh,Di tích,Điểm tham quan văn hóa,heritage
HT_0017,Hoành Sơn Quan,Hà Tĩnh,Di tích,Điểm tham quan văn hóa,heritage
HT_0053,Khu du lịch sinh thái Hải Thượng,Hà Tĩnh,Di tích,Điểm tham quan văn hóa,heritage
HT_0070,Khu du lịch sinh thái Nước Sốt,Hà Tĩnh,Di tích,Điểm tham quan văn hóa,heritage
HT_0025,Khu du lịch sinh thái Sơn Kim,Hà Tĩnh,Di tích,Điểm tham quan văn hóa,heritage
HT_0058,Khu sinh thái Đồng Nôi,Hà Tĩnh,Di tích,Điểm tham quan văn hóa,heritage
HT_0015,Mũi Đao Kỳ Anh,Hà Tĩnh,Thiên nhiên,Biển đảo/rừng núi/sinh thái,beach
HT_0036,Nhà thờ Nguyễn Du,Hà Tĩnh,Di tích,Điểm tham quan văn hóa,heritage
HT_0052,Nhà thờ Văn Hạnh,Hà Tĩnh,Di tích,Điểm tham quan văn hóa,heritage
HT_0047,Quảng trường Thành Sen,Hà Tĩnh,Giải trí,Công viên/khu vui chơi,checkin
HT_0049,Vincom Plaza Hà Tĩnh,Hà Tĩnh,Giải trí,Công viên/khu vui chơi,checkin
HT_0067,Vườn cam Thượng Lộc,Hà Tĩnh,Di tích,Điểm tham quan văn hóa,heritage
HT_0059,Đầm Xuân Viên,Hà Tĩnh,Di tích,Điểm tham quan văn hóa,heritage
HT_0024,Đập Ngàn Trươi,Hà Tĩnh,Di tích,Điểm tham quan văn hóa,heritage
HT_0072,Đập Sông Rác,Hà Tĩnh,Di tích,Điểm tham quan văn hóa,heritage
HT_0068,Đồi chè Hương Sơn,Hà Tĩnh,Di tích,Điểm tham quan văn hóa,heritage
HB_0010,Bản Hang Kia,Hòa Bình,Văn hóa cộng đồng,Bản làng/chợ phiên,culture
HB_0001,Bản Lác,Hòa Bình,Văn hóa cộng đồng,Bản làng/chợ phiên,culture
HB_0004,Bản Văn Mai Châu,Hòa Bình,Văn hóa cộng đồng,Bản làng/chợ phiên,culture
HB_0016,Cột cờ Mai Châu,Hòa Bình,Di tích,Điểm tham quan văn hóa,heritage
HB_0084,Hang Bụt Mai Châu,Hòa Bình,Thiên nhiên,Danh thắng/sinh thái,mountain
HB_0032,Hang Kia - Pà Cò săn mây,Hòa Bình,Thiên nhiên,Danh thắng/sinh thái,mountain
HB_0033,Khu du lịch suối khoáng Kim Bôi,Hòa Bình,Thiên nhiên,Danh thắng/sinh thái,mountain
HB_0075,Làng dệt thổ cẩm Mai Châu,Hòa Bình,Làng nghề,Trải nghiệm văn hóa,culture
HB_0021,Lòng hồ Hòa Bình,Hòa Bình,Thiên nhiên,Danh thắng/sinh thái,nature
HB_0034,Serena Resort Kim Bôi,Hòa Bình,Giải trí,Công viên/khu vui chơi,checkin
HB_0035,Suối khoáng VResort Kim Bôi,Hòa Bình,Thiên nhiên,Danh thắng/sinh thái,mountain
HB_0020,Thung Nai,Hòa Bình,Di tích,Điểm tham quan văn hóa,heritage
HB_0002,Thung lũng Mai Châu,Hòa Bình,Thiên nhiên,Danh thắng/sinh thái,nature
HB_0024,Đảo Dừa Thung Nai,Hòa Bình,Thiên nhiên,Biển đảo/rừng núi/sinh thái,beach
HB_0006,Bản Buốc,Hòa Bình,Văn hóa cộng đồng,Bản làng/chợ phiên,culture
HB_0028,Bản Ké,Hòa Bình,Văn hóa cộng đồng,Bản làng/chợ phiên,culture
HB_0073,Bản Lầm,Hòa Bình,Văn hóa cộng đồng,Bản làng/chợ phiên,culture
HB_0008,Bản Mai Hịch,Hòa Bình,Văn hóa cộng đồng,Bản làng/chợ phiên,culture
HB_0031,Bản Mó Hém,Hòa Bình,Văn hóa cộng đồng,Bản làng/chợ phiên,culture
HB_0085,Bản Mường Bi,Hòa Bình,Văn hóa cộng đồng,Bản làng/chợ phiên,culture
HB_0050,Bản Mường Giang Mỗ,Hòa Bình,Văn hóa cộng đồng,Bản làng/chợ phiên,culture
HB_0061,Bản Mường Khụ,Hòa Bình,Văn hóa cộng đồng,Bản làng/chợ phiên,culture
HB_0026,Bản Ngòi Hoa,Hòa Bình,Văn hóa cộng đồng,Bản làng/chợ phiên,culture
HB_0005,Bản Nhót,Hòa Bình,Văn hóa cộng đồng,Bản làng/chợ phiên,culture
HB_0007,Bản Nà Phòn,Hòa Bình,Văn hóa cộng đồng,Bản làng/chợ phiên,culture
HB_0003,Bản Pom Coọng,Hòa Bình,Văn hóa cộng đồng,Bản làng/chợ phiên,culture
HB_0011,Bản Pà Cò,Hòa Bình,Văn hóa cộng đồng,Bản làng/chợ phiên,culture
HB_0027,Bản Suối Hoa,Hòa Bình,Văn hóa cộng đồng,Bản làng/chợ phiên,culture
HB_0030,Bản Sưng,Hòa Bình,Thiên nhiên,Biển đảo/rừng núi/sinh thái,beach
HB_0009,Bản Xăm Khòe,Hòa Bình,Văn hóa cộng đồng,Bản làng/chợ phiên,culture
HB_0029,Bản Đá Bia,Hòa Bình,Văn hóa cộng đồng,Bản làng/chợ phiên,culture
HB_0042,Bảo tàng Không gian văn hóa Mường,Hòa Bình,Văn hóa,Bảo tàng/khu lưu niệm,culture
HB_0043,Bảo tàng tỉnh Hòa Bình,Hòa Bình,Văn hóa,Bảo tàng/khu lưu niệm,culture
HB_0066,Chùa Tiên Lạc Thủy,Hòa Bình,Tâm linh,Chùa/thiền viện,religious
HB_0062,Chợ Vụ Bản Lạc Sơn,Hòa Bình,Văn hóa cộng đồng,Bản làng/chợ phiên,culture
HB_0012,Chợ phiên Pà Cò,Hòa Bình,Văn hóa cộng đồng,Bản làng/chợ phiên,culture
HB_0086,Cánh đồng Mường Bi,Hòa Bình,Thiên nhiên,Danh thắng/sinh thái,nature
HB_0036,Cửu thác Tú Sơn,Hòa Bình,Thiên nhiên,Danh thắng/sinh thái,mountain
HB_0013,Hang Chiều,Hòa Bình,Thiên nhiên,Danh thắng/sinh thái,mountain
HB_0090,Hang Chùa Yên Thủy,Hòa Bình,Tâm linh,Chùa/thiền viện,religious
HB_0014,Hang Mỏ Luông,Hòa Bình,Thiên nhiên,Danh thắng/sinh thái,mountain
HB_0071,Hang Trầm,Hòa Bình,Thiên nhiên,Danh thắng/sinh thái,mountain
HB_0018,Hồ Ba Khan,Hòa Bình,Thiên nhiên,Danh thắng/sinh thái,nature
HB_0081,Hồ Dụ Đà Bắc,Hòa Bình,Thiên nhiên,Danh thắng/sinh thái,nature
HB_0065,Khu du lịch Thác Thăng Thiên,Hòa Bình,Thiên nhiên,Danh thắng/sinh thái,mountain
HB_0049,Khu du lịch sinh thái Bản Mường Giang Mỗ,Hòa Bình,Văn hóa cộng đồng,Bản làng/chợ phiên,culture
HB_0082,Khu sinh thái Sông Bôi,Hòa Bình,Thiên nhiên,Danh thắng/sinh thái,nature
HB_0074,Làng văn hóa dân tộc Mường Vang,Hòa Bình,Văn hóa cộng đồng,Bản làng/chợ phiên,culture
HB_0041,Nhà máy thủy điện Hòa Bình,Hòa Bình,Tâm linh,Đền/phủ/miếu,religious
HB_0053,Núi Đầu Rồng,Hòa Bình,Thiên nhiên,Danh thắng/sinh thái,mountain
HB_0072,Suối Ngọc Vua Bà,Hòa Bình,Thiên nhiên,Danh thắng/sinh thái,mountain
HB_0037,Thác Bạc Long Cung,Hòa Bình,Thiên nhiên,Danh thắng/sinh thái,mountain
HB_0017,Thác Gò Lào,Hòa Bình,Thiên nhiên,Danh thắng/sinh thái,mountain
HB_0060,Thác Mu,Hòa Bình,Thiên nhiên,Danh thắng/sinh thái,mountain
HB_0038,Thác Thiên Ngọc Thạch,Hòa Bình,Thiên nhiên,Danh thắng/sinh thái,mountain
HB_0040,Tượng đài Bác Hồ trên công trình thủy điện Hòa Bình,Hòa Bình,Tâm linh,Đền/phủ/miếu,religious
HB_0015,Đèo Thung Khe,Hòa Bình,Thiên nhiên,Danh thắng/sinh thái,mountain
HB_0057,Đèo Đá Trắng Tân Lạc,Hòa Bình,Thiên nhiên,Danh thắng/sinh thái,mountain
HB_0025,Đền Bà Chúa Thác Bờ,Hòa Bình,Tâm linh,Đền/phủ/miếu,religious
HB_0048,Đền Bồng Lai,Hòa Bình,Tâm linh,Đền/phủ/miếu,religious
HB_0022,Đền Chúa Thác Bờ,Hòa Bình,Tâm linh,Đền/phủ/miếu,religious
HB_0068,Đền Mẫu Âu Cơ Lạc Thủy,Hòa Bình,Tâm linh,Đền/phủ/miếu,religious
HB_0083,Đồi cỏ Ba Khan,Hòa Bình,Thiên nhiên,Danh thắng/sinh thái,nature
HB_0054,Động Hoa Tiên,Hòa Bình,Thiên nhiên,Danh thắng/sinh thái,nature
HB_0088,Động Nam Sơn,Hòa Bình,Thiên nhiên,Danh thắng/sinh thái,mountain
HB_0023,Động Thác Bờ,Hòa Bình,Thiên nhiên,Danh thắng/sinh thái,mountain
HB_0067,Động Tiên Lạc Thủy,Hòa Bình,Thiên nhiên,Danh thắng/sinh thái,religious
HB_0039,Động Tiên Phi,Hòa Bình,Thiên nhiên,Danh thắng/sinh thái,nature
HB_0063,Động Đá Bạc,Hòa Bình,Thiên nhiên,Danh thắng/sinh thái,nature
HB_0019,Ba Khan,Hòa Bình,Thiên nhiên,Biển đảo/rừng núi/sinh thái,beach
HB_0077,Bãi Nhạ Đà Bắc,Hòa Bình,Di tích,Điểm tham quan văn hóa,heritage
HB_0052,Chợ Cao Phong,Hòa Bình,Ẩm thực,Chợ/đặc sản,food
HB_0056,Chợ Lồ Tân Lạc,Hòa Bình,Ẩm thực,Chợ/đặc sản,food
HB_0047,Chợ Phương Lâm,Hòa Bình,Ẩm thực,Chợ/đặc sản,food
HB_0045,Công viên Hòa Bình,Hòa Bình,Giải trí,Công viên/khu vui chơi,checkin
HB_0046,Cầu Hòa Bình,Hòa Bình,Di tích,Điểm tham quan văn hóa,heritage
HB_0059,Khu bảo tồn thiên nhiên Ngọc Sơn - Ngổ Luông,Hòa Bình,Di tích,Điểm tham quan văn hóa,heritage
HB_0091,Khu căn cứ cách mạng Mường Diềm,Hòa Bình,Di tích,Điểm tham quan văn hóa,heritage
HB_0070,Khu di tích Chiến khu Mường Khói,Hòa Bình,Di tích,Điểm tham quan văn hóa,heritage
HB_0087,Khu du lịch cộng đồng Đà Bắc CBT,Hòa Bình,Di tích,Điểm tham quan văn hóa,heritage
HB_0076,Làng nghề rượu cần Hòa Bình,Hòa Bình,Làng nghề,Trải nghiệm văn hóa,culture
HB_0055,Lũng Vân,Hòa Bình,Di tích,Điểm tham quan văn hóa,heritage
HB_0078,Mó Hẻm Đà Bắc,Hòa Bình,Di tích,Điểm tham quan văn hóa,heritage
HB_0058,Mộ cổ Đống Thếch,Hòa Bình,Di tích,Điểm tham quan văn hóa,heritage
HB_0069,Nhà máy in tiền Chi Nê,Hòa Bình,Di tích,Điểm tham quan văn hóa,heritage
HB_0044,Quảng trường Hòa Bình,Hòa Bình,Giải trí,Công viên/khu vui chơi,checkin
HB_0064,Sân golf Phoenix Lương Sơn,Hòa Bình,Giải trí,Công viên/khu vui chơi,checkin
HB_0051,Vườn cam Cao Phong,Hòa Bình,Làng nghề,Trải nghiệm văn hóa,culture
HB_0079,Xóm Ké Đà Bắc,Hòa Bình,Di tích,Điểm tham quan văn hóa,heritage
HB_0080,Xóm Đá Bia,Hòa Bình,Di tích,Điểm tham quan văn hóa,heritage
HB_0089,Đình Cổi,Hòa Bình,Di tích,Đình làng,heritage
HYE_0003,Chùa Chuông,Hưng Yên,Tâm linh,Chùa/tháp,religious
HYE_0016,Chợ Phố Hiến,Hưng Yên,Ẩm thực,Chợ/đặc sản,food
HYE_0001,Khu di tích Quốc gia đặc biệt Phố Hiến,Hưng Yên,Di tích,Điểm tham quan văn hóa,heritage
HYE_0019,Khu trải nghiệm nhãn lồng Phố Hiến,Hưng Yên,Ẩm thực,Chợ/đặc sản,food
HYE_0004,Văn miếu Xích Đằng,Hưng Yên,Tâm linh,Đền/phủ/miếu,religious
HYE_0017,Đường ven sông Hồng Phố Hiến,Hưng Yên,Thiên nhiên,Sinh thái/biển/hồ,nature
HYE_0021,Đền Dạ Trạch,Hưng Yên,Tâm linh,Đền/phủ/miếu,religious
HYE_0002,Đền Mẫu Hưng Yên,Hưng Yên,Tâm linh,Đền/phủ/miếu,religious
HYE_0006,Đền Trần Hưng Yên,Hưng Yên,Tâm linh,Đền/phủ/miếu,religious
HYE_0020,Đền Đa Hòa,Hưng Yên,Tâm linh,Đền/phủ/miếu,religious
HYE_0023,Bãi sông Hồng Khoái Châu,Hưng Yên,Thiên nhiên,Sinh thái/biển/hồ,nature
HYE_0053,Chùa Bình Dân,Hưng Yên,Tâm linh,Chùa/tháp,religious
HYE_0075,Chùa Bảo Châu,Hưng Yên,Tâm linh,Chùa/tháp,religious
HYE_0062,Chùa Giai Phạm,Hưng Yên,Tâm linh,Chùa/tháp,religious
HYE_0009,Chùa Hiến,Hưng Yên,Tâm linh,Chùa/tháp,religious
HYE_0059,Chùa Hương Lãng,Hưng Yên,Tâm linh,Chùa/tháp,religious
HYE_0068,Chùa La Tiến,Hưng Yên,Tâm linh,Chùa/tháp,religious
HYE_0041,Chùa Mễ Sở,Hưng Yên,Tâm linh,Chùa/tháp,religious
HYE_0076,Chùa Như Quỳnh,Hưng Yên,Tâm linh,Chùa/tháp,religious
HYE_0027,Chùa Nôm,Hưng Yên,Tâm linh,Chùa/tháp,religious
HYE_0070,Chùa Nễ Châu,Hưng Yên,Tâm linh,Chùa/tháp,religious
HYE_0046,Chùa Phù Ủng,Hưng Yên,Tâm linh,Chùa/tháp,religious
HYE_0082,Chùa Phúc Lâm Hưng Yên,Hưng Yên,Tâm linh,Chùa/tháp,religious
HYE_0072,Chùa Phương Trượng,Hưng Yên,Tâm linh,Chùa/tháp,religious
HYE_0050,Chùa Thái Lạc,Hưng Yên,Tâm linh,Chùa/tháp,religious
HYE_0034,Công viên Hồ Thiên Nga Ecopark,Hưng Yên,Thiên nhiên,Sinh thái/biển/hồ,nature
HYE_0005,Hồ Bán Nguyệt,Hưng Yên,Thiên nhiên,Sinh thái/biển/hồ,nature
HYE_0064,Khu sinh thái hồ điều hòa Yên Mỹ,Hưng Yên,Thiên nhiên,Sinh thái/biển/hồ,nature
HYE_0039,Làng cây cảnh Văn Giang,Hưng Yên,Làng nghề,Trải nghiệm văn hóa,culture
HYE_0038,Làng hoa Xuân Quan,Hưng Yên,Làng nghề,Trải nghiệm văn hóa,culture
HYE_0048,Làng nghề chạm bạc Huệ Lai,Hưng Yên,Làng nghề,Trải nghiệm văn hóa,culture
HYE_0043,Làng nghề hoa cây cảnh Phụng Công,Hưng Yên,Làng nghề,Trải nghiệm văn hóa,culture
HYE_0057,Làng nghề hương Cao Thôn,Hưng Yên,Làng nghề,Trải nghiệm văn hóa,culture
HYE_0080,Làng nghề làm long nhãn Hồng Nam,Hưng Yên,Thiên nhiên,Sinh thái/biển/hồ,nature
HYE_0055,Làng nghề mây tre đan Liên Khê,Hưng Yên,Làng nghề,Trải nghiệm văn hóa,culture
HYE_0063,Làng nghề tái chế Minh Khai,Hưng Yên,Làng nghề,Trải nghiệm văn hóa,culture
HYE_0024,Làng nghề tương Bần,Hưng Yên,Làng nghề,Trải nghiệm văn hóa,culture
HYE_0073,Làng nghề đan đó Thủ Sỹ,Hưng Yên,Làng nghề,Trải nghiệm văn hóa,culture
HYE_0047,Làng nghề đúc đồng Lộng Thượng,Hưng Yên,Làng nghề,Trải nghiệm văn hóa,culture
HYE_0018,Làng nhãn lồng Hồng Nam,Hưng Yên,Thiên nhiên,Sinh thái/biển/hồ,nature
HYE_0012,Nhà thờ Hưng Yên,Hưng Yên,Tôn giáo,Nhà thờ Công giáo,religious
HYE_0011,Võ Miếu Hưng Yên,Hưng Yên,Tâm linh,Đền/phủ/miếu,religious
HYE_0022,Đầm Dạ Trạch,Hưng Yên,Thiên nhiên,Sinh thái/biển/hồ,nature
HYE_0026,Đền Ghênh,Hưng Yên,Tâm linh,Đền/phủ/miếu,religious
HYE_0061,Đền Giai Phạm,Hưng Yên,Tâm linh,Đền/phủ/miếu,religious
HYE_0052,Đền Hóa Dạ Trạch,Hưng Yên,Tâm linh,Đền/phủ/miếu,religious
HYE_0058,Đền Kim Đằng,Hưng Yên,Tâm linh,Đền/phủ/miếu,religious
HYE_0078,Đền Lực Điền,Hưng Yên,Tâm linh,Đền/phủ/miếu,religious
HYE_0040,Đền Mây,Hưng Yên,Tâm linh,Đền/phủ/miếu,religious
HYE_0069,Đền Phù Cừ,Hưng Yên,Tâm linh,Đền/phủ/miếu,religious
HYE_0044,Đền Phù Ủng,Hưng Yên,Tâm linh,Đền/phủ/miếu,religious
HYE_0010,Đền Thiên Hậu,Hưng Yên,Tâm linh,Đền/phủ/miếu,religious
HYE_0049,Đền Tiên La Hưng Yên,Hưng Yên,Tâm linh,Đền/phủ/miếu,religious
HYE_0074,Đền Tiên Lữ,Hưng Yên,Tâm linh,Đền/phủ/miếu,religious
HYE_0065,Đền Tống Trân,Hưng Yên,Tâm linh,Đền/phủ/miếu,religious
HYE_0081,Đền thờ Triệu Việt Vương,Hưng Yên,Tâm linh,Đền/phủ/miếu,religious
HYE_0032,Đền thờ Ỷ Lan,Hưng Yên,Tâm linh,Đền/phủ/miếu,religious
HYE_0037,Chợ quê Ecopark,Hưng Yên,Giải trí,Công viên/khu vui chơi,checkin
HYE_0036,Công viên Mùa Xuân Ecopark,Hưng Yên,Giải trí,Công viên/khu vui chơi,checkin
HYE_0015,Công viên TP Hưng Yên,Hưng Yên,Giải trí,Công viên/khu vui chơi,checkin
HYE_0033,Ecopark Văn Giang,Hưng Yên,Giải trí,Công viên/khu vui chơi,checkin
HYE_0035,Phố Trúc Ecopark,Hưng Yên,Giải trí,Công viên/khu vui chơi,checkin
HYE_0014,Quảng trường Nguyễn Văn Linh,Hưng Yên,Giải trí,Công viên/khu vui chơi,checkin
HYE_0013,Bảo tàng Hưng Yên,Hưng Yên,Văn hóa,Bảo tàng/khu lưu niệm,culture
HYE_0025,Chợ Bần,Hưng Yên,Ẩm thực,Chợ/đặc sản,food
HYE_0030,Chợ Nôm,Hưng Yên,Ẩm thực,Chợ/đặc sản,food
HYE_0067,Cầu La Tiến,Hưng Yên,Di tích,Điểm tham quan văn hóa,heritage
HYE_0029,Cầu đá làng Nôm,Hưng Yên,Di tích,Điểm tham quan văn hóa,heritage
HYE_0028,Làng Nôm,Hưng Yên,Thiên nhiên,Biển đảo/rừng núi/sinh thái,beach
HYE_0071,Đình An Vũ,Hưng Yên,Di tích,Đình làng,heritage
HYE_0054,Đình Bình Dân,Hưng Yên,Di tích,Đình làng,heritage
HYE_0056,Đình Cao Thôn,Hưng Yên,Di tích,Đình làng,heritage
HYE_0007,Đình Hiến,Hưng Yên,Di tích,Đình làng,heritage
HYE_0060,Đình Hương Lãng,Hưng Yên,Di tích,Đình làng,heritage
HYE_0066,Đình La Tiến,Hưng Yên,Di tích,Đình làng,heritage
HYE_0079,Đình Lực Điền,Hưng Yên,Di tích,Đình làng,heritage
HYE_0042,Đình Mễ Sở,Hưng Yên,Di tích,Đình làng,heritage
HYE_0077,Đình Như Quỳnh,Hưng Yên,Di tích,Đình làng,heritage
HYE_0031,Đình Nôm,Hưng Yên,Di tích,Đình làng,heritage
HYE_0045,Đình Phù Ủng,Hưng Yên,Di tích,Đình làng,heritage
HYE_0051,Đình Thái Lạc,Hưng Yên,Di tích,Đình làng,heritage
HYE_0008,Đông Đô Quảng Hội,Hưng Yên,Di tích,Điểm tham quan văn hóa,heritage
HDG_0005,Bàn Cờ Tiên Côn Sơn,Hải Dương,Di tích,Điểm tham quan văn hóa,heritage
HDG_0002,Chùa Côn Sơn,Hải Dương,Tâm linh,Chùa/thiền viện,religious
HDG_0022,Hồ An Dương - Đảo Cò,Hải Dương,Thiên nhiên,Danh thắng/sinh thái,beach
HDG_0009,Hồ Côn Sơn,Hải Dương,Thiên nhiên,Danh thắng/sinh thái,nature
HDG_0012,Khu di tích An Phụ - Kính Chủ - Nhẫm Dương,Hải Dương,Di tích,Điểm tham quan văn hóa,heritage
HDG_0001,Khu di tích Côn Sơn - Kiếp Bạc,Hải Dương,Di tích,Điểm tham quan văn hóa,heritage
HDG_0004,Suối Côn Sơn,Hải Dương,Thiên nhiên,Danh thắng/sinh thái,mountain
HDG_0023,Văn miếu Mao Điền,Hải Dương,Tâm linh,Đền/phủ/miếu,religious
HDG_0021,Đảo Cò Chi Lăng Nam,Hải Dương,Thiên nhiên,Biển đảo/rừng núi/sinh thái,beach
HDG_0059,Đảo cò Thanh Hà,Hải Dương,Thiên nhiên,Danh thắng/sinh thái,beach
HDG_0003,Đền Kiếp Bạc,Hải Dương,Tâm linh,Đền/phủ/miếu,religious
HDG_0013,Động Kính Chủ,Hải Dương,Thiên nhiên,Danh thắng/sinh thái,mountain
HDG_0016,Chùa Cao An Phụ,Hải Dương,Tâm linh,Chùa/thiền viện,religious
HDG_0044,Chùa Cương Xá,Hải Dương,Tâm linh,Chùa/thiền viện,religious
HDG_0047,Chùa Dâu Hải Dương,Hải Dương,Tâm linh,Chùa/thiền viện,religious
HDG_0107,Chùa Giam cổ,Hải Dương,Tâm linh,Chùa/thiền viện,religious
HDG_0031,Chùa Giám,Hải Dương,Tâm linh,Chùa/thiền viện,religious
HDG_0054,Chùa Hào Xá,Hải Dương,Tâm linh,Chùa/thiền viện,religious
HDG_0081,Chùa Hào Xá Nam Sách,Hải Dương,Tâm linh,Chùa/thiền viện,religious
HDG_0103,Chùa Khuê Bích,Hải Dương,Tâm linh,Chùa/thiền viện,religious
HDG_0086,Chùa Linh Ứng Kinh Môn,Hải Dương,Tâm linh,Chùa/thiền viện,religious
HDG_0060,Chùa Minh Khánh,Hải Dương,Tâm linh,Chùa/thiền viện,religious
HDG_0019,Chùa Muống,Hải Dương,Tâm linh,Chùa/thiền viện,religious
HDG_0072,Chùa Ngũ Đài,Hải Dương,Tâm linh,Chùa/thiền viện,religious
HDG_0109,Chùa Ngọc Lâm Hải Dương,Hải Dương,Tâm linh,Chùa/thiền viện,religious
HDG_0014,Chùa Nhẫm Dương,Hải Dương,Tâm linh,Chùa/thiền viện,religious
HDG_0091,Chùa Nhị Châu,Hải Dương,Tâm linh,Chùa/thiền viện,religious
HDG_0088,Chùa Sùng Nghiêm,Hải Dương,Tâm linh,Chùa/thiền viện,religious
HDG_0098,Chùa Thanh Giang,Hải Dương,Tâm linh,Chùa/thiền viện,religious
HDG_0068,Chùa Thanh Mai,Hải Dương,Tâm linh,Chùa/thiền viện,religious
HDG_0051,Chùa Trông,Hải Dương,Tâm linh,Chùa/thiền viện,religious
HDG_0026,Chùa Trăm Gian Hải Dương,Hải Dương,Tâm linh,Chùa/thiền viện,religious
HDG_0034,Chùa Đông Thuần,Hải Dương,Tâm linh,Chùa/thiền viện,religious
HDG_0108,Chùa Đống Cao,Hải Dương,Tâm linh,Chùa/thiền viện,religious
HDG_0041,Hồ Bạch Đằng Hải Dương,Hải Dương,Thiên nhiên,Danh thắng/sinh thái,nature
HDG_0070,Hồ Bến Tắm,Hải Dương,Thiên nhiên,Danh thắng/sinh thái,nature
HDG_0078,Khu sinh thái sông Hương Thanh Hà,Hải Dương,Thiên nhiên,Danh thắng/sinh thái,nature
HDG_0112,Khu sinh thái ven sông Luộc,Hải Dương,Thiên nhiên,Danh thắng/sinh thái,nature
HDG_0050,Làng bánh gai Ninh Giang,Hải Dương,Làng nghề,Trải nghiệm văn hóa,culture
HDG_0077,Làng chạm khắc gỗ Đồng Giao,Hải Dương,Làng nghề,Trải nghiệm văn hóa,culture
HDG_0024,Làng gốm Chu Đậu,Hải Dương,Làng nghề,Trải nghiệm văn hóa,culture
HDG_0073,Làng gốm Cậy,Hải Dương,Làng nghề,Trải nghiệm văn hóa,culture
HDG_0093,Làng nghề bánh đậu xanh Hải Dương,Hải Dương,Làng nghề,Trải nghiệm văn hóa,culture
HDG_0084,Làng nghề da giày Hoàng Diệu,Hải Dương,Làng nghề,Trải nghiệm văn hóa,culture
HDG_0094,Làng nghề giày da Hoàng Diệu,Hải Dương,Làng nghề,Trải nghiệm văn hóa,culture
HDG_0095,Làng nghề rượu Phú Lộc,Hải Dương,Làng nghề,Trải nghiệm văn hóa,culture
HDG_0056,Làng nghề thêu ren Xuân Nẻo,Hải Dương,Làng nghề,Trải nghiệm văn hóa,culture
HDG_0083,Làng nghề vàng bạc Châu Khê,Hải Dương,Làng nghề,Trải nghiệm văn hóa,culture
HDG_0062,Làng nghề vải thiều Thanh Hà,Hải Dương,Làng nghề,Trải nghiệm văn hóa,culture
HDG_0049,Làng rối nước Hồng Phong,Hải Dương,Thiên nhiên,Danh thắng/sinh thái,nature
HDG_0104,Làng rối nước Thanh Hải,Hải Dương,Làng nghề,Trải nghiệm văn hóa,culture
HDG_0102,Miếu Mộ Trạch,Hải Dương,Tâm linh,Đền/phủ/miếu,religious
HDG_0015,Núi An Phụ,Hải Dương,Thiên nhiên,Danh thắng/sinh thái,religious
HDG_0089,Núi Dương Nham,Hải Dương,Thiên nhiên,Danh thắng/sinh thái,mountain
HDG_0065,Núi Phượng Hoàng,Hải Dương,Thiên nhiên,Danh thắng/sinh thái,mountain
HDG_0064,Phượng Hoàng cổ tự,Hải Dương,Tâm linh,Chùa/thiền viện,religious
HDG_0069,Rừng phong Thanh Mai,Hải Dương,Thiên nhiên,Danh thắng/sinh thái,nature
HDG_0105,Rừng rễ Thanh Hà,Hải Dương,Thiên nhiên,Danh thắng/sinh thái,nature
HDG_0008,Thanh Hư Động,Hải Dương,Thiên nhiên,Danh thắng/sinh thái,nature
HDG_0029,Đền Bia,Hải Dương,Tâm linh,Đền/phủ/miếu,religious
HDG_0055,Đền Bia Hào Xá,Hải Dương,Tâm linh,Đền/phủ/miếu,religious
HDG_0092,Đền Bảo Sài,Hải Dương,Tâm linh,Đền/phủ/miếu,religious
HDG_0011,Đền Cao An Phụ,Hải Dương,Tâm linh,Đền/phủ/miếu,religious
HDG_0087,Đền Cao Kinh Môn,Hải Dương,Tâm linh,Đền/phủ/miếu,religious
HDG_0071,Đền Gốm,Hải Dương,Tâm linh,Đền/phủ/miếu,religious
HDG_0067,Đền Hóa,Hải Dương,Tâm linh,Đền/phủ/miếu,religious
HDG_0045,Đền Quát,Hải Dương,Tâm linh,Đền/phủ/miếu,religious
HDG_0066,Đền Sinh,Hải Dương,Tâm linh,Đền/phủ/miếu,religious
HDG_0033,Đền Sượt,Hải Dương,Tâm linh,Đền/phủ/miếu,religious
HDG_0020,Đền Tranh,Hải Dương,Tâm linh,Đền/phủ/miếu,religious
HDG_0052,Đền Tranh cổ,Hải Dương,Tâm linh,Đền/phủ/miếu,religious
HDG_0030,Đền Xưa,Hải Dương,Tâm linh,Đền/phủ/miếu,religious
HDG_0017,Đền thờ An Sinh Vương Trần Liễu,Hải Dương,Tâm linh,Đền/phủ/miếu,religious
HDG_0111,Đền thờ Bà chúa Sao Sa,Hải Dương,Tâm linh,Đền/phủ/miếu,religious
HDG_0063,Đền thờ Chu Văn An,Hải Dương,Tâm linh,Đền/phủ/miếu,religious
HDG_0048,Đền thờ Khúc Thừa Dụ,Hải Dương,Tâm linh,Đền/phủ/miếu,religious
HDG_0027,Đền thờ Mạc Đĩnh Chi,Hải Dương,Tâm linh,Đền/phủ/miếu,religious
HDG_0006,Đền thờ Nguyễn Trãi,Hải Dương,Tâm linh,Đền/phủ/miếu,religious
HDG_0074,Đền thờ Quận He Nguyễn Hữu Cầu,Hải Dương,Tâm linh,Đền/phủ/miếu,religious
HDG_0080,Đền thờ Trần Khánh Dư,Hải Dương,Tâm linh,Đền/phủ/miếu,religious
HDG_0007,Đền thờ Trần Nguyên Đán,Hải Dương,Tâm linh,Đền/phủ/miếu,religious
HDG_0039,Công viên Bạch Đằng,Hải Dương,Giải trí,Công viên/khu vui chơi,checkin
HDG_0040,Công viên Nguyễn Trãi Hải Dương,Hải Dương,Giải trí,Công viên/khu vui chơi,checkin
HDG_0038,Phố đi bộ Bạch Đằng Hải Dương,Hải Dương,Giải trí,Công viên/khu vui chơi,checkin
HDG_0037,Quảng trường Thống Nhất Hải Dương,Hải Dương,Giải trí,Công viên/khu vui chơi,checkin
HDG_0010,Sân golf Chí Linh,Hải Dương,Giải trí,Công viên/khu vui chơi,checkin
HDG_0043,Vincom Plaza Hải Dương,Hải Dương,Giải trí,Công viên/khu vui chơi,checkin
HDG_0036,Bảo tàng Hải Dương,Hải Dương,Văn hóa,Bảo tàng/khu lưu niệm,culture
HDG_0079,Bến Bình Than,Hải Dương,Di tích,Điểm tham quan văn hóa,heritage
HDG_0042,Chợ Thanh Bình,Hải Dương,Di tích,Điểm tham quan văn hóa,heritage
HDG_0058,Cây vải tổ Thanh Hà,Hải Dương,Di tích,Điểm tham quan văn hóa,heritage
HDG_0099,Cầu đá làng Nôm Hải Dương,Hải Dương,Di tích,Điểm tham quan văn hóa,heritage
HDG_0032,Cụm di tích Tuệ Tĩnh,Hải Dương,Di tích,Điểm tham quan văn hóa,heritage
HDG_0096,Khu sinh thái Hà Hải,Hải Dương,Di tích,Điểm tham quan văn hóa,heritage
HDG_0025,Khu trưng bày gốm Chu Đậu,Hải Dương,Di tích,Điểm tham quan văn hóa,heritage
HDG_0028,Khu tưởng niệm Mạc Đĩnh Chi,Hải Dương,Di tích,Điểm tham quan văn hóa,heritage
HDG_0101,Làng Mộ Trạch,Hải Dương,Di tích,Lăng mộ,heritage
HDG_0076,Làng nghề mộc Đông Giao,Hải Dương,Di tích,Lăng mộ,heritage
HDG_0053,Làng rươi Tứ Kỳ,Hải Dương,Di tích,Điểm tham quan văn hóa,heritage
HDG_0035,Nhà thờ Chính tòa Hải Dương,Hải Dương,Di tích,Điểm tham quan văn hóa,heritage
HDG_0018,Tượng đài Trần Hưng Đạo An Phụ,Hải Dương,Thiên nhiên,Biển đảo/rừng núi/sinh thái,religious
HDG_0057,Vải thiều Thanh Hà,Hải Dương,Di tích,Điểm tham quan văn hóa,heritage
HDG_0082,Đình An Lạc,Hải Dương,Di tích,Đình làng,heritage
HDG_0046,Đình Cao Đôi,Hải Dương,Di tích,Đình làng,heritage
HDG_0085,Đình Huề Trì,Hải Dương,Di tích,Đình làng,heritage
HDG_0100,Đình Mộ Trạch,Hải Dương,Di tích,Đình làng,heritage
HDG_0090,Đình Nhị Châu,Hải Dương,Di tích,Đình làng,heritage
HDG_0106,Đình Phù Tinh,Hải Dương,Di tích,Đình làng,heritage
HDG_0110,Đình Quỳnh Gôi,Hải Dương,Di tích,Đình làng,heritage
HDG_0097,Đình Thanh Giang,Hải Dương,Di tích,Đình làng,heritage
HDG_0075,Đình Trịnh Xuyên,Hải Dương,Di tích,Đình làng,heritage
HDG_0061,Đình Đoài,Hải Dương,Di tích,Đình làng,heritage
HPH_0052,Vịnh Lan Hạ,Hải Phòng,biển đảo,Vịnh biển,beach
HPH_0051,Đảo Cát Bà,Hải Phòng,biển đảo,Đảo du lịch,beach
HPH_0053,Vườn quốc gia Cát Bà,Hải Phòng,sinh thái - tự nhiên,Vườn quốc gia,nature
HPH_0090,Khu di tích Bạch Đằng Giang,Hải Phòng,di tích - văn hóa,Quần thể lịch sử,heritage
HPH_0091,Danh thắng Tràng Kênh,Hải Phòng,sinh thái - di tích,Danh thắng núi đá vôi,heritage
HPH_0001,Nhà hát Lớn Hải Phòng,Hải Phòng,kiến trúc - đô thị,Nhà hát cổ,city
HPH_0056,Pháo đài Thần Công,Hải Phòng,di tích - cảnh quan,Điểm ngắm vịnh,heritage
HPH_0114,Đền thờ Trạng Trình Nguyễn Bỉnh Khiêm,Hải Phòng,di tích - văn hóa,Khu lưu niệm danh nhân,heritage
HPH_0057,Bãi tắm Cát Cò 1,Hải Phòng,biển đảo,Bãi tắm,beach
HPH_0012,Chùa Dư Hàng,Hải Phòng,tâm linh,Chùa cổ,religious
HPH_0069,Làng Việt Hải,Hải Phòng,văn hóa - sinh thái,Làng cổ trong rừng,culture
HPH_0108,Núi Voi,Hải Phòng,sinh thái - di tích,Quần thể núi hang động,heritage
HPH_0096,Quảng trường Chiến thắng Bạch Đằng,Hải Phòng,di tích - văn hóa,Quảng trường tượng đài,heritage
HPH_0063,Đảo Khỉ Cát Bà,Hải Phòng,biển đảo,Đảo tham quan,beach
HPH_0011,Đền Nghè,Hải Phòng,tâm linh,Đền thờ,religious
HPH_0054,Động Trung Trang,Hải Phòng,sinh thái - tự nhiên,Hang động,mountain
HPH_0068,Bãi Ba Trái Đào,Hải Phòng,biển đảo,Bãi biển đảo,beach
HPH_0097,Bãi cọc Bạch Đằng phục dựng,Hải Phòng,Thiên nhiên,Biển đảo/rừng núi/sinh thái,beach
HPH_0058,Bãi tắm Cát Cò 2,Hải Phòng,biển đảo,Bãi tắm,beach
HPH_0055,Hang Quân Y,Hải Phòng,di tích - tự nhiên,Hang bệnh viện thời chiến,heritage
HPH_0092,Linh từ Tràng Kênh,Hải Phòng,tâm linh,Đền thờ Trần Hưng Đạo,religious
HPH_0062,Làng chài Cái Bèo,Hải Phòng,văn hóa - biển đảo,Làng chài cổ,beach
HPH_0015,Từ Lương Xâm,Hải Phòng,di tích - văn hóa,Từ/đền thờ Ngô Quyền,heritage
HPH_0013,Đình Hàng Kênh,Hải Phòng,di tích - văn hóa,Đình cổ,heritage
HPH_0071,Đỉnh Ngự Lâm,Hải Phòng,sinh thái - tự nhiên,Đỉnh núi trekking,mountain
HPH_0065,Bãi Vạn Bội,Hải Phòng,biển đảo,Bãi tắm hoang sơ,beach
HPH_0059,Bãi tắm Cát Cò 3,Hải Phòng,biển đảo,Bãi tắm,beach
HPH_0066,Hang Sáng,Hải Phòng,sinh thái - tự nhiên,Hang xuyên thủy,mountain
HPH_0040,Hải đăng Hòn Dấu,Hải Phòng,kiến trúc - biển đảo,Hải đăng,religious
HPH_0039,Đảo Hòn Dấu,Hải Phòng,biển đảo,Đảo nhỏ,beach
HPH_0099,Đền Nhà Mạc,Hải Phòng,di tích - văn hóa,Khu tưởng niệm triều Mạc,heritage
HPH_0094,Đền thờ Đức Thánh Trần Bạch Đằng Giang,Hải Phòng,tâm linh,Đền thờ danh nhân,religious
HPH_0093,Đền thờ Đức Vương Ngô Quyền Bạch Đằng Giang,Hải Phòng,tâm linh,Đền thờ danh nhân,religious
HPH_0036,Biệt thự Bảo Đại Đồ Sơn,Hải Phòng,di tích - văn hóa,Dinh thự lịch sử,heritage
HPH_0034,Bãi biển Đồ Sơn khu II,Hải Phòng,biển đảo,Bãi biển,beach
HPH_0067,Hang Tối,Hải Phòng,sinh thái - tự nhiên,Hang nước,mountain
HPH_0003,Hồ Tam Bạc,Hải Phòng,kiến trúc - đô thị,Hồ cảnh quan,city
HPH_0129,Khu tưởng niệm Vương triều Mạc,Hải Phòng,di tích - văn hóa,Khu tưởng niệm,heritage
HPH_0095,Đền thờ Vua Lê Đại Hành Bạch Đằng Giang,Hải Phòng,tâm linh,Đền thờ danh nhân,religious
HPH_0070,Ao Ếch Cát Bà,Hải Phòng,sinh thái - tự nhiên,Đầm rừng ngập nước,nature
HPH_0060,Bãi tắm Tùng Thu,Hải Phòng,biển đảo,Bãi tắm,beach
HPH_0006,Bảo tàng Hải Phòng,Hải Phòng,di tích - văn hóa,Bảo tàng,heritage
HPH_0088,Flamingo Cát Bà Beach Resort,Hải Phòng,vui chơi - nghỉ dưỡng,Resort biển,beach
HPH_0041,Khu du lịch Đồi Rồng,Hải Phòng,vui chơi - nghỉ dưỡng,Khu du lịch biển,beach
HPH_0072,Rừng Kim Giao Cát Bà,Hải Phòng,sinh thái - tự nhiên,Rừng đặc hữu,nature
HPH_0038,Tháp Tường Long,Hải Phòng,di tích - văn hóa,Tháp Phật giáo,heritage
HPH_0037,Đền Bà Đế,Hải Phòng,tâm linh,Đền ven biển,religious
HPH_0033,Bãi biển Đồ Sơn khu I,Hải Phòng,biển đảo,Bãi biển,beach
HPH_0046,Bến tàu Không số K15,Hải Phòng,di tích - văn hóa,Di tích lịch sử,heritage
HPH_0098,Chùa Cao Linh,Hải Phòng,tâm linh,Chùa lớn,religious
HPH_0085,Cầu Tân Vũ - Lạch Huyện,Hải Phòng,kiến trúc - đô thị,Cầu vượt biển,beach
HPH_0150,Khu di tích bãi cọc Cao Quỳ,Hải Phòng,Thiên nhiên,Biển đảo/rừng núi/sinh thái,beach
HPH_0002,Quảng trường Nhà hát Lớn,Hải Phòng,kiến trúc - đô thị,Quảng trường,checkin
HPH_0064,Đảo Nam Cát,Hải Phòng,biển đảo,Đảo nghỉ dưỡng,beach
HPH_0031,Aeon Mall Hải Phòng Lê Chân,Hải Phòng,mua sắm - giải trí,Trung tâm thương mại,checkin
HPH_0074,Bãi Cát Dứa 1,Hải Phòng,biển đảo,Bãi biển nhỏ,beach
HPH_0061,Bến Bèo,Hải Phòng,giao thông - cảnh quan,Bến tàu du lịch,checkin
HPH_0116,Chùa Mét,Hải Phòng,tâm linh,Chùa cổ,religious
HPH_0021,Cầu Hoàng Văn Thụ,Hải Phòng,Thiên nhiên,Biển đảo/rừng núi/sinh thái,beach
HPH_0042,Dragon Ocean Đồ Sơn Aquapark,Hải Phòng,vui chơi - nghỉ dưỡng,Công viên nước,checkin
HPH_0120,Khu du lịch suối khoáng nóng Tiên Lãng,Hải Phòng,sinh thái - nghỉ dưỡng,Suối khoáng nóng,mountain
HPH_0004,Phố đi bộ Tam Bạc,Hải Phòng,kiến trúc - đô thị,Phố đi bộ,checkin
HPH_0089,Sun World Cát Bà Cable Car,Hải Phòng,vui chơi - nghỉ dưỡng,Cáp treo,checkin
HPH_0073,Thung lũng Liên Minh,Hải Phòng,sinh thái - tự nhiên,Thung lũng leo núi,nature
HPH_0010,Tượng đài Nữ tướng Lê Chân,Hải Phòng,di tích - văn hóa,Tượng đài,heritage
HPH_0035,Bãi biển Đồ Sơn khu III,Hải Phòng,biển đảo,Bãi biển,beach
HPH_0045,Chùa Hang Đồ Sơn,Hải Phòng,tâm linh,Chùa hang,religious
HPH_0009,Dải vườn hoa trung tâm Hải Phòng,Hải Phòng,kiến trúc - đô thị,Công viên đô thị,checkin
HPH_0075,Bãi Cát Dứa 2,Hải Phòng,biển đảo,Bãi biển nhỏ,beach
HPH_0047,Bến Nghiêng Đồ Sơn,Hải Phòng,di tích - văn hóa,Bến cảng lịch sử,heritage
HPH_0100,Chùa Mỹ Cụ,Hải Phòng,tâm linh,Chùa cổ,religious
HPH_0080,Chợ Cát Bà,Hải Phòng,ẩm thực - mua sắm,Chợ hải sản,food
HPH_0025,Chợ Cố Đạo,Hải Phòng,ẩm thực - mua sắm,Chợ địa phương,food
HPH_0017,Cây đa 13 gốc,Hải Phòng,sinh thái - check-in,Cây di sản,checkin
HPH_0007,Ga Hải Phòng,Hải Phòng,kiến trúc - đô thị,Ga cổ,city
HPH_0109,Hang Họng Voi,Hải Phòng,sinh thái - tự nhiên,Hang động,mountain
HPH_0103,Hang Vua Tràng Kênh,Hải Phòng,sinh thái - tự nhiên,Hang động núi đá,mountain
HPH_0048,Khu du lịch Hòn Dáu Resort,Hải Phòng,vui chơi - nghỉ dưỡng,Resort biển,beach
HPH_0118,Làng nghề tạc tượng Bảo Hà,Hải Phòng,làng nghề - văn hóa,Làng nghề truyền thống,culture
HPH_0028,Nhà thờ Chính tòa Hải Phòng,Hải Phòng,tâm linh,Nhà thờ Công giáo,religious
HPH_0026,Phố ẩm thực Cầu Đất,Hải Phòng,ẩm thực - đời sống,Phố ẩm thực,food
HPH_0115,Quán Trung Tân,Hải Phòng,di tích - văn hóa,Di tích trong quần thể,heritage
HPH_0043,Sân golf Đồi Rồng,Hải Phòng,thể thao - nghỉ dưỡng,Sân golf,checkin
HPH_0132,Đài thiên văn Phù Liễn,Hải Phòng,khoa học - kiến trúc,Đài khí tượng/thiên văn,religious
HPH_0126,Đình Kim Sơn,Hải Phòng,di tích - văn hóa,Đình làng,heritage
HPH_0101,Đình Kiền Bái,Hải Phòng,di tích - văn hóa,Đình làng,heritage
HPH_0076,Đảo Ba Cát,Hải Phòng,biển đảo,Đảo nhỏ,beach
HPH_0151,Bãi cọc Đầm Thượng,Hải Phòng,Thiên nhiên,Biển đảo/rừng núi/sinh thái,beach
HPH_0128,Chùa Trà Phương,Hải Phòng,tâm linh,Chùa cổ,religious
HPH_0014,Chùa Vẽ,Hải Phòng,tâm linh,Chùa,religious
HPH_0005,Chợ Sắt Hải Phòng,Hải Phòng,mua sắm - đời sống,Chợ truyền thống,city
HPH_0081,Chợ đêm Cát Bà,Hải Phòng,ẩm thực - mua sắm,Chợ đêm,food
HPH_0077,Hòn Rùa Cát Bà,Hải Phòng,biển đảo,Hòn đảo check-in,beach
HPH_0027,Khu phố cổ Tam Bạc,Hải Phòng,kiến trúc - đô thị,Phố cổ ven sông,city
HPH_0119,Làng rối nước Nhân Hòa,Hải Phòng,văn hóa dân gian,Rối nước,culture
HPH_0131,Núi Thiên Văn,Hải Phòng,sinh thái - đô thị,Đồi/núi trong phố,mountain
HPH_0024,Đền Tiên Nga,Hải Phòng,tâm linh,Đền,religious
HPH_0079,Bãi biển Chu Tước Cát Bà,Hải Phòng,biển đảo,Bãi biển mới nổi,beach
HPH_0008,Bưu điện Trung tâm Hải Phòng,Hải Phòng,kiến trúc - đô thị,Công trình Pháp cổ,city
HPH_0110,Hang Chiêng Núi Voi,Hải Phòng,sinh thái - tự nhiên,Hang động,mountain
HPH_0078,Hòn Bút Cát Bà,Hải Phòng,biển đảo,Hòn đá cảnh quan,beach
HPH_0106,Sân golf Sông Giá,Hải Phòng,thể thao - nghỉ dưỡng,Sân golf,checkin
HPH_0019,Sân vận động Lạch Tray,Hải Phòng,thể thao - giải trí,Sân vận động,checkin
HPH_0133,Chùa Phổ Chiếu,Hải Phòng,tâm linh,Chùa,religious
HPH_0140,Cảng Hải Phòng,Hải Phòng,công trình - cảng biển,Cảng biển lịch sử,heritage
HPH_0022,Cầu Bính,Hải Phòng,kiến trúc - đô thị,Cầu đô thị,checkin
HPH_0111,Hang Cá Chép Núi Voi,Hải Phòng,sinh thái - tự nhiên,Hang động,mountain
HPH_0032,Khu đô thị Vinhomes Imperia,Hải Phòng,kiến trúc - đô thị,Khu đô thị check-in,checkin
HPH_0050,Kè biển Đồ Sơn,Hải Phòng,biển đảo,Điểm ngắm biển,beach
HPH_0139,Làng hoa Đằng Hải,Hải Phòng,làng nghề - check-in,Làng hoa,checkin
HPH_0156,Mũi Rồng Đồ Sơn,Hải Phòng,biển đảo,Mũi đất ngắm biển,beach
HPH_0124,Rừng ngập mặn Vinh Quang,Hải Phòng,sinh thái - tự nhiên,Rừng ngập mặn,nature
HPH_0105,Sông Giá Resort,Hải Phòng,vui chơi - nghỉ dưỡng,Resort sinh thái,checkin
HPH_0030,Vincom Plaza Imperia Hải Phòng,Hải Phòng,mua sắm - giải trí,Trung tâm thương mại,checkin
HPH_0117,Đình Nhân Mục,Hải Phòng,di tích - văn hóa,Đình cổ,heritage
HPH_0087,Đảo Cát Hải,Hải Phòng,biển đảo,Đảo ven bờ,beach
HPH_0113,Động Bắc Đẩu Núi Voi,Hải Phòng,sinh thái - tâm linh,Động/hang,religious
HPH_0112,Động Nam Tào Núi Voi,Hải Phòng,sinh thái - tâm linh,Động/hang,religious
HPH_0141,Bến Bính,Hải Phòng,giao thông - cảnh quan,Bến tàu,checkin
HPH_0083,Bến phà Gót,Hải Phòng,giao thông - cảnh quan,Bến phà,checkin
HPH_0145,Chùa Hòa Liễu,Hải Phòng,tâm linh,Chùa,religious
HPH_0018,Cung Văn hóa Lao động Hữu nghị Việt Tiệp,Hải Phòng,kiến trúc - đô thị,Không gian sự kiện,city
HPH_0104,Hang Lương Tràng Kênh,Hải Phòng,sinh thái - tự nhiên,Hang động,mountain
HPH_0137,Khu sinh thái Bắc Sông Cấm,Hải Phòng,kiến trúc - đô thị,Khu đô thị mới,city
HPH_0016,Miếu Hai Xã,Hải Phòng,tâm linh,Miếu cổ,religious
HPH_0127,Đình Tú Đôi,Hải Phòng,di tích - văn hóa,Đình làng,heritage
HPH_0102,Đình Đồng Lý,Hải Phòng,di tích - văn hóa,Đình làng,heritage
HPH_0121,Đền Gắm Tiên Lãng,Hải Phòng,tâm linh,Đền,religious
HPH_0130,Đền Mõ,Hải Phòng,tâm linh,Đền,religious
HPH_0143,Đền Phú Xá,Hải Phòng,tâm linh,Đền,religious
HPH_0123,Bãi biển Vinh Quang,Hải Phòng,biển đảo,Bãi biển ven bồi,beach
HPH_0084,Bến tàu cao tốc Cát Bà,Hải Phòng,giao thông - cảnh quan,Bến tàu,checkin
HPH_0122,Chùa Thắng Phúc,Hải Phòng,tâm linh,Chùa,religious
HPH_0135,Chùa Vân Tra,Hải Phòng,tâm linh,Chùa,religious
HPH_0020,Công viên Rồng Biển,Hải Phòng,Thiên nhiên,Biển đảo/rừng núi/sinh thái,beach
HPH_0082,Cảng Cái Viềng,Hải Phòng,giao thông - cảnh quan,Cảng phà/tàu,checkin
HPH_0023,Cầu Rào 1,Hải Phòng,kiến trúc - đô thị,Cầu đô thị,checkin
HPH_0125,Khu tưởng niệm Chủ tịch Tôn Đức Thắng Hải Phòng,Hải Phòng,di tích - văn hóa,Khu tưởng niệm,heritage
HPH_0144,Đình Trung Hành,Hải Phòng,di tích - văn hóa,Đình làng,heritage
HPH_0152,Chùa Linh Sơn Đồ Sơn,Hải Phòng,tâm linh,Chùa,religious
HPH_0086,Cảng Lạch Huyện,Hải Phòng,công trình - cảng biển,Cảng nước sâu,beach
HPH_0146,Làng cau Cao Nhân,Hải Phòng,làng nghề - sinh thái,Làng cau,checkin
HPH_0029,Nhà thờ Nam Pháp,Hải Phòng,tâm linh,Nhà thờ,religious
HPH_0148,Đình Cựu Đôi,Hải Phòng,di tích - văn hóa,Đình làng,heritage
HPH_0134,Đình Kênh Dương,Hải Phòng,di tích - văn hóa,Đình làng,heritage
HPH_0136,Đình Vĩnh Khê,Hải Phòng,di tích - văn hóa,Đình làng,heritage
HPH_0153,Đền Cô Chín Suối Rồng,Hải Phòng,tâm linh,Đền,religious
HPH_0107,Đền Gắm,Hải Phòng,tâm linh,Đền,religious
HPH_0044,Casino Đồ Sơn,Hải Phòng,giải trí về đêm,Casino,checkin
HPH_0147,Làng nghề mộc Kha Lâm,Hải Phòng,làng nghề - văn hóa,Làng nghề mộc,culture
HPH_0154,Suối Rồng Đồ Sơn,Hải Phòng,sinh thái - tự nhiên,Suối nhỏ,mountain
HPH_0149,Đền Hà Đới,Hải Phòng,tâm linh,Đền,religious
HPH_0049,Đền Vạn Ngang,Hải Phòng,tâm linh,Đền địa phương,religious
HPH_0157,Bãi biển 295 Đồ Sơn,Hải Phòng,biển đảo,Bãi tắm dịch vụ,beach
HPH_0142,Cảng Chùa Vẽ,Hải Phòng,công trình - cảng biển,Cảng container,religious
HPH_0158,Khu du lịch sinh thái Hữu Bằng,Hải Phòng,sinh thái - nghỉ dưỡng,Khu sinh thái,checkin
HPH_0138,Khu đô thị VSIP Hải Phòng,Hải Phòng,kiến trúc - đô thị,Khu đô thị công nghiệp,city
HPH_0155,Đền Cô Bơ Đồ Sơn,Hải Phòng,tâm linh,Đền,religious
HG_0005,Chợ nổi Ngã Bảy,Hậu Giang,Văn hóa cộng đồng,Chợ/làng nghề/miệt vườn,culture
HG_0020,Di tích chiến thắng Tầm Vu,Hậu Giang,Văn hóa,Di tích lịch sử/bảo tàng,culture
HG_0016,Di tích khu trù mật Vị Thanh - Hỏa Lựu,Hậu Giang,Văn hóa,Di tích lịch sử/bảo tàng,culture
HG_0001,Khu bảo tồn thiên nhiên Lung Ngọc Hoàng,Hậu Giang,Di tích,Điểm tham quan văn hóa,heritage
HG_0019,Khu di tích chiến thắng Tầm Vu,Hậu Giang,Văn hóa,Di tích lịch sử/bảo tàng,culture
HG_0002,Khu du lịch sinh thái Lung Ngọc Hoàng,Hậu Giang,Giải trí,Công viên/khu vui chơi/check-in,checkin
HG_0015,Khu trù mật Vị Thanh - Hỏa Lựu,Hậu Giang,Di tích,Điểm tham quan văn hóa,heritage
HG_0003,Rừng tràm Lung Ngọc Hoàng,Hậu Giang,Thiên nhiên,Biển đảo/rừng tràm/sông nước,beach
HG_0004,Sân chim Lung Ngọc Hoàng,Hậu Giang,Di tích,Điểm tham quan văn hóa,heritage
HG_0014,Bảo tàng tỉnh Hậu Giang,Hậu Giang,Văn hóa,Di tích lịch sử/bảo tàng,culture
HG_0042,Chùa Aranhứt Hậu Giang,Hậu Giang,Tâm linh,Chùa/thiền viện,religious
HG_0043,Chùa Khmer Ô Chum,Hậu Giang,Tâm linh,Chùa/thiền viện,religious
HG_0045,Chùa Phổ Minh Hậu Giang,Hậu Giang,Tâm linh,Chùa/thiền viện,religious
HG_0033,Chợ Cái Tắc,Hậu Giang,Văn hóa cộng đồng,Chợ/làng nghề/miệt vườn,culture
HG_0023,Chợ Long Mỹ,Hậu Giang,Văn hóa cộng đồng,Chợ/làng nghề/miệt vườn,culture
HG_0034,Chợ Một Ngàn,Hậu Giang,Văn hóa,Di tích lịch sử/bảo tàng,culture
HG_0006,Chợ Ngã Bảy,Hậu Giang,Văn hóa cộng đồng,Chợ/làng nghề/miệt vườn,culture
HG_0035,Chợ Nàng Mau,Hậu Giang,Văn hóa cộng đồng,Chợ/làng nghề/miệt vườn,culture
HG_0032,Chợ Phụng Hiệp,Hậu Giang,Văn hóa cộng đồng,Chợ/làng nghề/miệt vườn,culture
HG_0011,Chợ Vị Thanh,Hậu Giang,Văn hóa cộng đồng,Chợ/làng nghề/miệt vườn,culture
HG_0036,Chợ Vị Thủy,Hậu Giang,Văn hóa cộng đồng,Chợ/làng nghề/miệt vườn,culture
HG_0048,Công viên 3/2 Vị Thanh,Hậu Giang,Giải trí,Công viên/khu vui chơi/check-in,checkin
HG_0012,Công viên Chiến Thắng Vị Thanh,Hậu Giang,Văn hóa,Di tích lịch sử/bảo tàng,culture
HG_0008,Công viên Ngã Bảy,Hậu Giang,Giải trí,Công viên/khu vui chơi/check-in,checkin
HG_0010,Công viên Xà No,Hậu Giang,Giải trí,Công viên/khu vui chơi/check-in,checkin
HG_0018,Căn cứ Tỉnh ủy Cần Thơ tại Hậu Giang,Hậu Giang,Văn hóa,Di tích lịch sử/bảo tàng,culture
HG_0047,Hồ Sen Vị Thanh,Hậu Giang,Thiên nhiên,Biển đảo/rừng tràm/sông nước,beach
HG_0022,Khu di tích Long Mỹ,Hậu Giang,Văn hóa,Di tích lịch sử/bảo tàng,culture
HG_0026,Khu du lịch sinh thái Phú Hữu,Hậu Giang,Giải trí,Công viên/khu vui chơi/check-in,checkin
HG_0024,Khu du lịch sinh thái Tây Đô Hậu Giang,Hậu Giang,Giải trí,Công viên/khu vui chơi/check-in,checkin
HG_0025,Khu du lịch sinh thái Việt Úc,Hậu Giang,Giải trí,Công viên/khu vui chơi/check-in,checkin
HG_0046,Khu văn hóa Hồ Sen Vị Thanh,Hậu Giang,Thiên nhiên,Biển đảo/rừng tràm/sông nước,beach
HG_0038,Làng khóm Cầu Đúc,Hậu Giang,Văn hóa cộng đồng,Chợ/làng nghề/miệt vườn,culture
HG_0031,Làng nghề bánh hỏi Phụng Hiệp,Hậu Giang,Văn hóa cộng đồng,Chợ/làng nghề/miệt vườn,culture
HG_0030,Làng nghề đan đát Hậu Giang,Hậu Giang,Văn hóa cộng đồng,Chợ/làng nghề/miệt vườn,culture
HG_0013,Quảng trường Hòa Bình Hậu Giang,Hậu Giang,Giải trí,Công viên/khu vui chơi/check-in,checkin
HG_0053,Sông Cái Lớn đoạn Hậu Giang,Hậu Giang,Thiên nhiên,Biển đảo/rừng tràm/sông nước,beach
HG_0044,Thiền viện Trúc Lâm Hậu Giang,Hậu Giang,Tâm linh,Chùa/thiền viện,religious
HG_0007,Tượng đài chiến thắng Ngã Bảy,Hậu Giang,Tâm linh,Đền/miếu/đình/lăng,religious
HG_0027,Vườn dâu Thiên Ân,Hậu Giang,Văn hóa cộng đồng,Chợ/làng nghề/miệt vườn,culture
HG_0039,Vườn khóm Cầu Đúc,Hậu Giang,Văn hóa cộng đồng,Chợ/làng nghề/miệt vườn,culture
HG_0050,Vườn sinh thái 9 Hồng,Hậu Giang,Văn hóa cộng đồng,Chợ/làng nghề/miệt vườn,culture
HG_0028,Vườn trái cây Châu Thành A,Hậu Giang,Văn hóa cộng đồng,Chợ/làng nghề/miệt vườn,culture
HG_0029,Vườn trái cây Phụng Hiệp,Hậu Giang,Văn hóa cộng đồng,Chợ/làng nghề/miệt vườn,culture
HG_0017,Đền thờ Bác Hồ Hậu Giang,Hậu Giang,Tâm linh,Đền/miếu/đình/lăng,religious
HG_0021,Đền thờ Nguyễn Trung Trực Hậu Giang,Hậu Giang,Tâm linh,Đền/miếu/đình/lăng,religious
HG_0052,Bến tàu du lịch Ngã Bảy,Hậu Giang,Di tích,Điểm tham quan văn hóa,heritage
HG_0037,Cánh đồng khóm Cầu Đúc,Hậu Giang,Di tích,Điểm tham quan văn hóa,heritage
HG_0041,Cánh đồng lúa Long Mỹ,Hậu Giang,Di tích,Điểm tham quan văn hóa,heritage
HG_0040,Cánh đồng lúa Vị Thủy,Hậu Giang,Di tích,Điểm tham quan văn hóa,heritage
HG_0051,Khu câu cá giải trí Hậu Giang,Hậu Giang,Di tích,Điểm tham quan văn hóa,heritage
HG_0009,Kênh xáng Xà No,Hậu Giang,Di tích,Điểm tham quan văn hóa,heritage
HG_0049,Đường hoa Hậu Giang,Hậu Giang,Di tích,Điểm tham quan văn hóa,heritage
KH_0001,Biển Nha Trang,Khánh Hòa,Thiên nhiên,Biển đảo/rừng núi/sinh thái,beach
KH_0064,Bãi Chướng Bình Ba,Khánh Hòa,Thiên nhiên,Biển đảo/rừng núi/sinh thái,beach
KH_0059,Bãi Dài Nha Trang,Khánh Hòa,Thiên nhiên,Biển đảo/rừng núi/sinh thái,beach
KH_0065,Bãi Nhà Cũ Bình Ba,Khánh Hòa,Thiên nhiên,Biển đảo/rừng núi/sinh thái,beach
KH_0069,Bãi Nước Ngọt Bình Hưng,Khánh Hòa,Thiên nhiên,Biển đảo/rừng núi/sinh thái,beach
KH_0063,Bãi Nồm Bình Ba,Khánh Hòa,Thiên nhiên,Biển đảo/rừng núi/sinh thái,beach
KH_0020,Bãi Tiên Nha Trang,Khánh Hòa,Thiên nhiên,Biển đảo/rừng núi/sinh thái,beach
KH_0033,Bãi Tranh Nha Trang,Khánh Hòa,Thiên nhiên,Biển đảo/rừng núi/sinh thái,beach
KH_0002,Bãi Trần Phú Nha Trang,Khánh Hòa,Thiên nhiên,Biển đảo/rừng núi/sinh thái,religious
KH_0053,Bãi Tây Vân Phong,Khánh Hòa,Thiên nhiên,Biển đảo/rừng núi/sinh thái,beach
KH_0043,Bãi biển Dốc Lết,Khánh Hòa,Thiên nhiên,Biển đảo/rừng núi/sinh thái,beach
KH_0061,Bình Ba,Khánh Hòa,Thiên nhiên,Biển đảo/rừng núi/sinh thái,beach
KH_0066,Bình Hưng,Khánh Hòa,Thiên nhiên,Biển đảo/rừng núi/sinh thái,beach
KH_0035,Bến tàu du lịch Nha Trang,Khánh Hòa,Thiên nhiên,Biển đảo/rừng núi/sinh thái,beach
KH_0093,Chợ Xóm Mới Nha Trang,Khánh Hòa,Ẩm thực,Chợ/đặc sản,food
KH_0005,Chợ Đầm Nha Trang,Khánh Hòa,Thiên nhiên,Biển đảo/rừng núi/sinh thái,beach
KH_0006,Chợ đêm Nha Trang,Khánh Hòa,Văn hóa cộng đồng,Bản làng/làng nghề/chợ,culture
KH_0055,Con đường cát Điệp Sơn,Khánh Hòa,Thiên nhiên,Biển đảo/rừng núi/sinh thái,beach
KH_0024,Cáp treo Vinpearl Nha Trang,Khánh Hòa,Di tích,Điểm tham quan văn hóa,heritage
KH_0017,Dinh Bảo Đại Nha Trang,Khánh Hòa,Di tích,Điểm tham quan văn hóa,heritage
KH_0042,Dốc Lết,Khánh Hòa,Thiên nhiên,Biển đảo/rừng núi/sinh thái,beach
KH_0026,Hòn Mun,Khánh Hòa,Thiên nhiên,Biển đảo/rừng núi/sinh thái,beach
KH_0028,Hòn Tằm,Khánh Hòa,Thiên nhiên,Biển đảo/rừng núi/sinh thái,beach
KH_0012,I-Resort Nha Trang,Khánh Hòa,Giải trí,Công viên/khu vui chơi/check-in,checkin
KH_0027,Khu bảo tồn biển Hòn Mun,Khánh Hòa,Thiên nhiên,Biển đảo/rừng núi/sinh thái,beach
KH_0029,Khu du lịch Hòn Tằm,Khánh Hòa,Thiên nhiên,Biển đảo/rừng núi/sinh thái,beach
KH_0011,Khu du lịch suối khoáng nóng Tháp Bà,Khánh Hòa,Tâm linh,Đền/phủ/miếu,religious
KH_0099,Khu phố Tây Nha Trang,Khánh Hòa,Di tích,Điểm tham quan văn hóa,heritage
KH_0108,Làng chài Bình Ba,Khánh Hòa,Thiên nhiên,Biển đảo/rừng núi/sinh thái,beach
KH_0109,Làng chài Bình Hưng,Khánh Hòa,Thiên nhiên,Biển đảo/rừng núi/sinh thái,beach
KH_0107,Làng chài Điệp Sơn,Khánh Hòa,Thiên nhiên,Biển đảo/rừng núi/sinh thái,beach
KH_0097,Làng nghề nước mắm Nha Trang,Khánh Hòa,Văn hóa cộng đồng,Bản làng/làng nghề/chợ,culture
KH_0096,Làng yến Nha Trang,Khánh Hòa,Văn hóa cộng đồng,Bản làng/làng nghề/chợ,culture
KH_0007,Nhà thờ Núi Nha Trang,Khánh Hòa,Văn hóa,Di tích lịch sử/bảo tàng,culture
KH_0004,Quảng trường 2/4 Nha Trang,Khánh Hòa,Giải trí,Công viên/khu vui chơi/check-in,checkin
KH_0010,Tháp Bà Ponagar,Khánh Hòa,Tâm linh,Đền/phủ/miếu,religious
KH_0022,VinWonders Nha Trang,Khánh Hòa,Giải trí,Công viên/khu vui chơi/check-in,checkin
KH_0025,Vinpearl Harbour Nha Trang,Khánh Hòa,Di tích,Điểm tham quan văn hóa,heritage
KH_0014,Viện Hải dương học Nha Trang,Khánh Hòa,Di tích,Điểm tham quan văn hóa,heritage
KH_0034,Vịnh Nha Trang,Khánh Hòa,Thiên nhiên,Biển đảo/rừng núi/sinh thái,beach
KH_0048,Vịnh Vân Phong,Khánh Hòa,Thiên nhiên,Biển đảo/rừng núi/sinh thái,beach
KH_0062,Đảo Bình Ba,Khánh Hòa,Thiên nhiên,Biển đảo/rừng núi/sinh thái,beach
KH_0067,Đảo Bình Hưng,Khánh Hòa,Thiên nhiên,Biển đảo/rừng núi/sinh thái,beach
KH_0038,Đảo Khỉ Nha Trang,Khánh Hòa,Thiên nhiên,Biển đảo/rừng núi/sinh thái,beach
KH_0054,Đảo Điệp Sơn,Khánh Hòa,Thiên nhiên,Biển đảo/rừng núi/sinh thái,beach
KH_0079,Am Chúa,Khánh Hòa,Văn hóa,Di tích lịch sử/bảo tàng,culture
KH_0071,Bán đảo Cam Ranh,Khánh Hòa,Thiên nhiên,Biển đảo/rừng núi/sinh thái,beach
KH_0076,Bãi Bình Tiên,Khánh Hòa,Thiên nhiên,Biển đảo/rừng núi/sinh thái,beach
KH_0058,Bãi Dài Cam Ranh,Khánh Hòa,Thiên nhiên,Biển đảo/rừng núi/sinh thái,beach
KH_0068,Bãi Kinh,Khánh Hòa,Thiên nhiên,Biển đảo/rừng núi/sinh thái,beach
KH_0052,Bãi Sơn Đừng,Khánh Hòa,Thiên nhiên,Biển đảo/rừng núi/sinh thái,beach
KH_0047,Bãi biển Ninh Vân,Khánh Hòa,Thiên nhiên,Biển đảo/rừng núi/sinh thái,beach
KH_0037,Bãi đôi Hòn Nội,Khánh Hòa,Thiên nhiên,Biển đảo/rừng núi/sinh thái,beach
KH_0015,Bảo tàng Alexandre Yersin,Khánh Hòa,Văn hóa,Di tích lịch sử/bảo tàng,culture
KH_0016,Bảo tàng Khánh Hòa,Khánh Hòa,Văn hóa,Di tích lịch sử/bảo tàng,culture
KH_0008,Chùa Long Sơn,Khánh Hòa,Tâm linh,Chùa/thiền viện,religious
KH_0087,Chùa Suối Đổ,Khánh Hòa,Tâm linh,Chùa/thiền viện,religious
KH_0092,Chùa Trường Sa Lớn,Khánh Hòa,Tâm linh,Chùa/thiền viện,religious
KH_0073,Chùa Từ Vân Cam Ranh,Khánh Hòa,Tâm linh,Chùa/thiền viện,religious
KH_0074,Chùa Ốc Cam Ranh,Khánh Hòa,Tâm linh,Chùa/thiền viện,religious
KH_0106,Chợ Đầm Môn,Khánh Hòa,Thiên nhiên,Biển đảo/rừng núi/sinh thái,beach
KH_0045,Cánh đồng muối Hòn Khói,Khánh Hòa,Thiên nhiên,Biển đảo/rừng núi/sinh thái,beach
KH_0051,Cực Đông Mũi Đôi,Khánh Hòa,Thiên nhiên,Biển đảo/rừng núi/sinh thái,beach
KH_0018,Hòn Chồng,Khánh Hòa,Thiên nhiên,Biển đảo/rừng núi/sinh thái,beach
KH_0044,Hòn Khói,Khánh Hòa,Thiên nhiên,Biển đảo/rừng núi/sinh thái,beach
KH_0039,Hòn Lao - Đảo Khỉ,Khánh Hòa,Thiên nhiên,Biển đảo/rừng núi/sinh thái,beach
KH_0031,Hòn Miễu,Khánh Hòa,Thiên nhiên,Biển đảo/rừng núi/sinh thái,religious
KH_0030,Hòn Một,Khánh Hòa,Thiên nhiên,Biển đảo/rừng núi/sinh thái,beach
KH_0023,Hòn Tre,Khánh Hòa,Thiên nhiên,Biển đảo/rừng núi/sinh thái,beach
KH_0019,Hòn Vợ,Khánh Hòa,Thiên nhiên,Biển đảo/rừng núi/sinh thái,beach
KH_0056,Hòn Ông,Khánh Hòa,Thiên nhiên,Biển đảo/rừng núi/sinh thái,beach
KH_0070,Hải đăng Hòn Chút,Khánh Hòa,Thiên nhiên,Biển đảo/rừng núi/sinh thái,beach
KH_0085,Khu bảo tồn thiên nhiên Hòn Bà,Khánh Hòa,Thiên nhiên,Biển đảo/rừng núi/sinh thái,beach
KH_0060,Khu du lịch Bãi Dài,Khánh Hòa,Thiên nhiên,Biển đảo/rừng núi/sinh thái,beach
KH_0110,Khu phố biển Bãi Tiên,Khánh Hòa,Thiên nhiên,Biển đảo/rừng núi/sinh thái,beach
KH_0088,Khu tưởng niệm bác sĩ Alexandre Yersin ở Suối Dầu,Khánh Hòa,Thiên nhiên,Biển đảo/rừng núi/sinh thái,beach
KH_0095,Làng chài Vĩnh Trường,Khánh Hòa,Thiên nhiên,Biển đảo/rừng núi/sinh thái,beach
KH_0098,Làng gốm Lư Cấm,Khánh Hòa,Văn hóa cộng đồng,Bản làng/làng nghề/chợ,culture
KH_0057,Mũi Kê Gà Vạn Ninh,Khánh Hòa,Thiên nhiên,Biển đảo/rừng núi/sinh thái,beach
KH_0050,Mũi Đôi Khánh Hòa,Khánh Hòa,Thiên nhiên,Biển đảo/rừng núi/sinh thái,beach
KH_0089,Mộ bác sĩ Yersin,Khánh Hòa,Tâm linh,Đền/phủ/miếu,religious
KH_0091,Nhà tưởng niệm Chủ tịch Hồ Chí Minh ở Trường Sa,Khánh Hòa,Thiên nhiên,Biển đảo/rừng núi/sinh thái,beach
KH_0080,Suối Ba Hồ,Khánh Hòa,Thiên nhiên,Biển đảo/rừng núi/sinh thái,beach
KH_0040,Suối Hoa Lan,Khánh Hòa,Thiên nhiên,Biển đảo/rừng núi/sinh thái,beach
KH_0086,Suối Đổ,Khánh Hòa,Thiên nhiên,Biển đảo/rừng núi/sinh thái,beach
KH_0104,Sân golf KN Cam Ranh,Khánh Hòa,Giải trí,Công viên/khu vui chơi/check-in,checkin
KH_0077,Thành cổ Diên Khánh,Khánh Hòa,Văn hóa,Di tích lịch sử/bảo tàng,culture
KH_0083,Thác Tà Gụ,Khánh Hòa,Thiên nhiên,Biển đảo/rừng núi/sinh thái,beach
KH_0081,Thác Yang Bay,Khánh Hòa,Thiên nhiên,Biển đảo/rừng núi/sinh thái,beach
KH_0003,Tháp Trầm Hương,Khánh Hòa,Văn hóa,Di tích lịch sử/bảo tàng,culture
KH_0009,Tượng Phật trắng Long Sơn,Khánh Hòa,Tâm linh,Chùa/thiền viện,religious
KH_0013,Tắm bùn Trăm Trứng,Khánh Hòa,Giải trí,Công viên/khu vui chơi/check-in,checkin
KH_0078,Văn miếu Diên Khánh,Khánh Hòa,Tâm linh,Đền/phủ/miếu,religious
KH_0072,Vịnh Cam Ranh,Khánh Hòa,Thiên nhiên,Biển đảo/rừng núi/sinh thái,beach
KH_0041,Vịnh Nha Phu,Khánh Hòa,Thiên nhiên,Biển đảo/rừng núi/sinh thái,religious
KH_0103,Đèo Cù Hin,Khánh Hòa,Thiên nhiên,Biển đảo/rừng núi/sinh thái,beach
KH_0102,Đèo Cổ Mã,Khánh Hòa,Thiên nhiên,Biển đảo/rừng núi/sinh thái,beach
KH_0021,Đèo Lương Sơn,Khánh Hòa,Thiên nhiên,Biển đảo/rừng núi/sinh thái,beach
KH_0075,Đảo Bình Lập,Khánh Hòa,Thiên nhiên,Biển đảo/rừng núi/sinh thái,beach
KH_0090,Đảo Trường Sa Lớn,Khánh Hòa,Thiên nhiên,Biển đảo/rừng núi/sinh thái,beach
KH_0036,Đảo Yến Hòn Nội,Khánh Hòa,Thiên nhiên,Biển đảo/rừng núi/sinh thái,beach
KH_0049,Đầm Môn,Khánh Hòa,Thiên nhiên,Biển đảo/rừng núi/sinh thái,beach
KH_0101,Đầm Nha Phu,Khánh Hòa,Thiên nhiên,Biển đảo/rừng núi/sinh thái,religious
KH_0084,Đỉnh Hòn Bà,Khánh Hòa,Thiên nhiên,Biển đảo/rừng núi/sinh thái,beach
KH_0100,Bến du thuyền Ana Marina,Khánh Hòa,Di tích,Điểm tham quan văn hóa,heritage
KH_0105,Chợ Cam Ranh,Khánh Hòa,Ẩm thực,Chợ/đặc sản,food
KH_0094,Chợ Vĩnh Hải,Khánh Hòa,Ẩm thực,Chợ/đặc sản,food
KH_0082,Khu du lịch Yang Bay,Khánh Hòa,Di tích,Điểm tham quan văn hóa,heritage
KH_0046,Ninh Vân Bay,Khánh Hòa,Thiên nhiên,Biển đảo/rừng núi/sinh thái,beach
KH_0032,Thủy cung Trí Nguyên,Khánh Hòa,Di tích,Điểm tham quan văn hóa,heritage
KG_0074,Bãi Bàng Hòn Sơn,Kiên Giang,Thiên nhiên,Biển đảo/rừng tràm/sông nước,beach
KG_0003,Bãi Dài Phú Quốc,Kiên Giang,Thiên nhiên,Biển đảo/rừng tràm/sông nước,religious
KG_0004,Bãi Khem,Kiên Giang,Thiên nhiên,Biển đảo/rừng tràm/sông nước,beach
KG_0075,Bãi Nhà Hòn Sơn,Kiên Giang,Thiên nhiên,Biển đảo/rừng tràm/sông nước,beach
KG_0002,Bãi Sao,Kiên Giang,Thiên nhiên,Biển đảo/rừng tràm/sông nước,beach
KG_0062,Bãi biển Mũi Nai,Kiên Giang,Thiên nhiên,Biển đảo/rừng tràm/sông nước,beach
KG_0123,Bảo tàng Gấu Teddy Phú Quốc,Kiên Giang,Văn hóa,Di tích lịch sử/bảo tàng,culture
KG_0067,Chùa Tam Bảo Hà Tiên,Kiên Giang,Tâm linh,Chùa/thiền viện,religious
KG_0068,Chợ Hà Tiên,Kiên Giang,Văn hóa cộng đồng,Chợ/làng nghề/miệt vườn,culture
KG_0019,Chợ đêm Phú Quốc,Kiên Giang,Văn hóa cộng đồng,Chợ/làng nghề/miệt vườn,culture
KG_0032,Corona Casino Phú Quốc,Kiên Giang,Thiên nhiên,Biển đảo/rừng tràm/sông nước,religious
KG_0035,Cáp treo Hòn Thơm,Kiên Giang,Thiên nhiên,Biển đảo/rừng tràm/sông nước,beach
KG_0124,Công viên Urban Park Grand World,Kiên Giang,Giải trí,Công viên/khu vui chơi/check-in,checkin
KG_0034,Cầu Hôn Phú Quốc,Kiên Giang,Thiên nhiên,Biển đảo/rừng tràm/sông nước,religious
KG_0017,Dinh Cậu,Kiên Giang,Tâm linh,Đền/miếu/đình/lăng,religious
KG_0076,Dinh Ông Nam Hải Hòn Sơn,Kiên Giang,Tâm linh,Đền/miếu/đình/lăng,religious
KG_0029,Grand World Phú Quốc,Kiên Giang,Thiên nhiên,Biển đảo/rừng tràm/sông nước,religious
KG_0058,Hà Tiên,Kiên Giang,Thiên nhiên,Biển đảo/rừng tràm/sông nước,beach
KG_0083,Hòn Dầu Nam Du,Kiên Giang,Thiên nhiên,Biển đảo/rừng tràm/sông nước,beach
KG_0078,Hòn Lớn Nam Du,Kiên Giang,Thiên nhiên,Biển đảo/rừng tràm/sông nước,beach
KG_0039,Hòn Móng Tay Phú Quốc,Kiên Giang,Thiên nhiên,Biển đảo/rừng tràm/sông nước,religious
KG_0011,Hòn Một Phú Quốc,Kiên Giang,Thiên nhiên,Biển đảo/rừng núi/sinh thái,religious
KG_0082,Hòn Ngang Nam Du,Kiên Giang,Thiên nhiên,Biển đảo/rừng tràm/sông nước,beach
KG_0072,Hòn Sơn,Kiên Giang,Thiên nhiên,Biển đảo/rừng tràm/sông nước,beach
KG_0036,Hòn Thơm,Kiên Giang,Thiên nhiên,Biển đảo/rừng tràm/sông nước,beach
KG_0080,Hải đăng Nam Du,Kiên Giang,Thiên nhiên,Biển đảo/rừng tràm/sông nước,beach
KG_0087,Hồ Hoa Mai U Minh Thượng,Kiên Giang,Thiên nhiên,Biển đảo/rừng tràm/sông nước,beach
KG_0086,Khu du lịch sinh thái U Minh Thượng,Kiên Giang,Giải trí,Công viên/khu vui chơi/check-in,checkin
KG_0122,Làng nghề hồ tiêu Phú Quốc,Kiên Giang,Văn hóa cộng đồng,Chợ/làng nghề/miệt vườn,culture
KG_0121,Làng nghề nước mắm Phú Quốc,Kiên Giang,Văn hóa cộng đồng,Chợ/làng nghề/miệt vườn,culture
KG_0061,Mũi Nai,Kiên Giang,Thiên nhiên,Biển đảo/rừng tràm/sông nước,beach
KG_0044,Nhà thùng nước mắm Phú Quốc,Kiên Giang,Thiên nhiên,Biển đảo/rừng tràm/sông nước,religious
KG_0024,Nhà tù Phú Quốc,Kiên Giang,Thiên nhiên,Biển đảo/rừng núi/sinh thái,religious
KG_0070,Quần đảo Hải Tặc,Kiên Giang,Thiên nhiên,Biển đảo/rừng tràm/sông nước,beach
KG_0077,Quần đảo Nam Du,Kiên Giang,Thiên nhiên,Biển đảo/rừng tràm/sông nước,beach
KG_0085,Rừng U Minh Thượng,Kiên Giang,Thiên nhiên,Biển đảo/rừng tràm/sông nước,beach
KG_0016,Rừng nguyên sinh Phú Quốc,Kiên Giang,Thiên nhiên,Biển đảo/rừng tràm/sông nước,religious
KG_0033,Sunset Town Phú Quốc,Kiên Giang,Thiên nhiên,Biển đảo/rừng tràm/sông nước,religious
KG_0043,Trang trại ngọc trai Phú Quốc,Kiên Giang,Thiên nhiên,Biển đảo/rừng tràm/sông nước,religious
KG_0046,Trại chó xoáy Phú Quốc,Kiên Giang,Thiên nhiên,Biển đảo/rừng tràm/sông nước,religious
KG_0088,Trảng chim U Minh Thượng,Kiên Giang,Di tích,Điểm tham quan văn hóa,heritage
KG_0030,VinWonders Phú Quốc,Kiên Giang,Thiên nhiên,Biển đảo/rừng tràm/sông nước,religious
KG_0031,Vinpearl Safari Phú Quốc,Kiên Giang,Thiên nhiên,Biển đảo/rừng tràm/sông nước,religious
KG_0015,Vườn quốc gia Phú Quốc,Kiên Giang,Thiên nhiên,Biển đảo/rừng núi/sinh thái,religious
KG_0084,Vườn quốc gia U Minh Thượng,Kiên Giang,Văn hóa cộng đồng,Chợ/làng nghề/miệt vườn,culture
KG_0045,Vườn tiêu Phú Quốc,Kiên Giang,Thiên nhiên,Biển đảo/rừng núi/sinh thái,religious
KG_0001,Đảo Phú Quốc,Kiên Giang,Thiên nhiên,Biển đảo/rừng tràm/sông nước,religious
KG_0073,Đỉnh Ma Thiên Lãnh Hòn Sơn,Kiên Giang,Thiên nhiên,Biển đảo/rừng tràm/sông nước,beach
KG_0037,Aquatopia Water Park,Kiên Giang,Thiên nhiên,Biển đảo/rừng núi/sinh thái,religious
KG_0095,Ba Hòn Đầm,Kiên Giang,Thiên nhiên,Biển đảo/rừng tràm/sông nước,beach
KG_0079,Bãi Cây Mến,Kiên Giang,Thiên nhiên,Biển đảo/rừng tràm/sông nước,beach
KG_0091,Bãi Dương Kiên Lương,Kiên Giang,Thiên nhiên,Biển đảo/rừng tràm/sông nước,beach
KG_0008,Bãi Gành Dầu,Kiên Giang,Thiên nhiên,Biển đảo/rừng tràm/sông nước,beach
KG_0007,Bãi Rạch Vẹm,Kiên Giang,Thiên nhiên,Biển đảo/rừng tràm/sông nước,beach
KG_0010,Bãi Thơm,Kiên Giang,Thiên nhiên,Biển đảo/rừng tràm/sông nước,beach
KG_0005,Bãi Trường,Kiên Giang,Thiên nhiên,Biển đảo/rừng tràm/sông nước,religious
KG_0006,Bãi Ông Lang,Kiên Giang,Thiên nhiên,Biển đảo/rừng tràm/sông nước,religious
KG_0026,Bảo tàng Cội Nguồn,Kiên Giang,Văn hóa,Di tích lịch sử/bảo tàng,culture
KG_0052,Bảo tàng Kiên Giang,Kiên Giang,Văn hóa,Di tích lịch sử/bảo tàng,culture
KG_0113,Chùa Cà Nhung,Kiên Giang,Tâm linh,Chùa/thiền viện,religious
KG_0090,Chùa Hang Kiên Lương,Kiên Giang,Tâm linh,Chùa/thiền viện,religious
KG_0027,Chùa Hộ Quốc,Kiên Giang,Tâm linh,Chùa/thiền viện,religious
KG_0066,Chùa Phù Dung,Kiên Giang,Tâm linh,Chùa/thiền viện,religious
KG_0104,Chùa Sóc Xoài,Kiên Giang,Tâm linh,Chùa/thiền viện,religious
KG_0057,Chùa Tam Bảo Rạch Giá,Kiên Giang,Tâm linh,Chùa/thiền viện,religious
KG_0097,Chùa Xà Xía,Kiên Giang,Tâm linh,Chùa/thiền viện,religious
KG_0117,Chợ An Biên,Kiên Giang,Văn hóa cộng đồng,Chợ/làng nghề/miệt vườn,culture
KG_0115,Chợ An Minh,Kiên Giang,Văn hóa cộng đồng,Chợ/làng nghề/miệt vườn,culture
KG_0020,Chợ Dương Đông,Kiên Giang,Văn hóa cộng đồng,Chợ/làng nghề/miệt vườn,culture
KG_0110,Chợ Giồng Riềng,Kiên Giang,Văn hóa cộng đồng,Chợ/làng nghề/miệt vườn,culture
KG_0112,Chợ Gò Quao,Kiên Giang,Văn hóa cộng đồng,Chợ/làng nghề/miệt vườn,culture
KG_0106,Chợ Hòn Đất,Kiên Giang,Văn hóa cộng đồng,Chợ/làng nghề/miệt vườn,culture
KG_0053,Chợ Rạch Giá,Kiên Giang,Văn hóa cộng đồng,Chợ/làng nghề/miệt vườn,culture
KG_0107,Chợ Tân Hiệp Kiên Giang,Kiên Giang,Văn hóa cộng đồng,Chợ/làng nghề/miệt vườn,culture
KG_0119,Chợ Vĩnh Thuận,Kiên Giang,Văn hóa cộng đồng,Chợ/làng nghề/miệt vườn,culture
KG_0054,Chợ đêm Rạch Giá,Kiên Giang,Văn hóa cộng đồng,Chợ/làng nghề/miệt vườn,culture
KG_0050,Công viên An Hòa Rạch Giá,Kiên Giang,Giải trí,Công viên/khu vui chơi/check-in,checkin
KG_0051,Công viên văn hóa An Hòa,Kiên Giang,Giải trí,Công viên/khu vui chơi/check-in,checkin
KG_0025,Di tích Nhà lao Cây Dừa,Kiên Giang,Văn hóa,Di tích lịch sử/bảo tàng,culture
KG_0018,Dinh Bà Thủy Long Thánh Mẫu,Kiên Giang,Tâm linh,Đền/miếu/đình/lăng,religious
KG_0093,Hang Mo So,Kiên Giang,Tâm linh,Chùa/thiền viện,religious
KG_0096,Hang Tiền,Kiên Giang,Tâm linh,Chùa/thiền viện,religious
KG_0042,Hòn Dăm Ngang,Kiên Giang,Thiên nhiên,Biển đảo/rừng tràm/sông nước,beach
KG_0040,Hòn Gầm Ghì,Kiên Giang,Thiên nhiên,Biển đảo/rừng tràm/sông nước,beach
KG_0041,Hòn Mây Rút,Kiên Giang,Thiên nhiên,Biển đảo/rừng tràm/sông nước,beach
KG_0081,Hòn Mấu,Kiên Giang,Thiên nhiên,Biển đảo/rừng tràm/sông nước,beach
KG_0094,Hòn Nghệ,Kiên Giang,Thiên nhiên,Biển đảo/rừng tràm/sông nước,beach
KG_0089,Hòn Phụ Tử,Kiên Giang,Thiên nhiên,Biển đảo/rừng tràm/sông nước,religious
KG_0071,Hòn Tre Kiên Hải,Kiên Giang,Thiên nhiên,Biển đảo/rừng tràm/sông nước,beach
KG_0101,Hòn Đất,Kiên Giang,Thiên nhiên,Biển đảo/rừng tràm/sông nước,beach
KG_0100,Khu di tích Ba Hòn,Kiên Giang,Thiên nhiên,Biển đảo/rừng núi/sinh thái,beach
KG_0111,Khu di tích Giồng Riềng,Kiên Giang,Văn hóa,Di tích lịch sử/bảo tàng,culture
KG_0105,Khu di tích Ranh Hạt,Kiên Giang,Văn hóa,Di tích lịch sử/bảo tàng,culture
KG_0102,Khu mộ chị Sứ,Kiên Giang,Văn hóa,Di tích lịch sử/bảo tàng,culture
KG_0114,Làng Khmer Gò Quao,Kiên Giang,Văn hóa cộng đồng,Chợ/làng nghề/miệt vườn,culture
KG_0023,Làng chài Gành Dầu,Kiên Giang,Văn hóa cộng đồng,Chợ/làng nghề/miệt vườn,culture
KG_0021,Làng chài Hàm Ninh,Kiên Giang,Văn hóa cộng đồng,Chợ/làng nghề/miệt vườn,culture
KG_0022,Làng chài Rạch Vẹm,Kiên Giang,Văn hóa cộng đồng,Chợ/làng nghề/miệt vườn,culture
KG_0109,Làng nghề bánh phồng Phú Mỹ Kiên Giang,Kiên Giang,Văn hóa cộng đồng,Chợ/làng nghề/miệt vườn,culture
KG_0065,Lăng Mạc Cửu,Kiên Giang,Tâm linh,Đền/miếu/đình/lăng,religious
KG_0009,Mũi Gành Dầu,Kiên Giang,Thiên nhiên,Biển đảo/rừng tràm/sông nước,beach
KG_0092,Núi Mo So,Kiên Giang,Thiên nhiên,Biển đảo/rừng tràm/sông nước,beach
KG_0063,Núi Tô Châu,Kiên Giang,Thiên nhiên,Biển đảo/rừng tràm/sông nước,beach
KG_0059,Núi Đá Dựng,Kiên Giang,Thiên nhiên,Biển đảo/rừng tràm/sông nước,beach
KG_0038,Quần đảo An Thới,Kiên Giang,Thiên nhiên,Biển đảo/rừng tràm/sông nước,beach
KG_0118,Rừng ngập mặn An Biên,Kiên Giang,Thiên nhiên,Biển đảo/rừng tràm/sông nước,beach
KG_0116,Rừng phòng hộ An Minh,Kiên Giang,Thiên nhiên,Biển đảo/rừng tràm/sông nước,beach
KG_0012,Suối Tranh,Kiên Giang,Thiên nhiên,Biển đảo/rừng tràm/sông nước,beach
KG_0013,Suối Đá Bàn,Kiên Giang,Thiên nhiên,Biển đảo/rừng tràm/sông nước,beach
KG_0014,Suối Đá Ngọn,Kiên Giang,Thiên nhiên,Biển đảo/rừng tràm/sông nước,beach
KG_0028,Thiền viện Trúc Lâm Hộ Quốc,Kiên Giang,Tâm linh,Chùa/thiền viện,religious
KG_0108,Đình Tân Hiệp,Kiên Giang,Tâm linh,Đền/miếu/đình/lăng,religious
KG_0064,Đầm Đông Hồ,Kiên Giang,Thiên nhiên,Biển đảo/rừng tràm/sông nước,beach
KG_0049,Đền Nguyễn Trung Trực Rạch Giá,Kiên Giang,Tâm linh,Đền/miếu/đình/lăng,religious
KG_0103,Đền thờ Anh hùng Phan Thị Ràng,Kiên Giang,Tâm linh,Đền/miếu/đình/lăng,religious
KG_0056,Bến tàu Rạch Giá,Kiên Giang,Di tích,Điểm tham quan văn hóa,heritage
KG_0048,Cổng Tam Quan Rạch Giá,Kiên Giang,Di tích,Điểm tham quan văn hóa,heritage
KG_0098,Cửa khẩu Giang Thành,Kiên Giang,Di tích,Điểm tham quan văn hóa,heritage
KG_0069,Cửa khẩu Xà Xía,Kiên Giang,Di tích,Điểm tham quan văn hóa,heritage
KG_0120,Khu sinh thái Vĩnh Thuận,Kiên Giang,Thiên nhiên,Biển đảo/rừng núi/sinh thái,beach
KG_0055,Khu đô thị Phú Cường Rạch Giá,Kiên Giang,Di tích,Điểm tham quan văn hóa,heritage
KG_0047,Rạch Giá,Kiên Giang,Di tích,Điểm tham quan văn hóa,heritage
KG_0060,Thạch Động,Kiên Giang,Di tích,Điểm tham quan văn hóa,heritage
KT_0070,Chợ Măng Đen,Kon Tum,Thiên nhiên,Rừng núi/thác hồ/sinh thái,religious
KT_0011,E Ban Farm Măng Đen,Kon Tum,Thiên nhiên,Rừng núi/thác hồ/sinh thái,religious
KT_0004,Hồ Đắk Ke,Kon Tum,Thiên nhiên,Rừng núi/thác hồ/sinh thái,mountain
KT_0069,Khu du lịch Măng Đen đại ngàn,Kon Tum,Thiên nhiên,Rừng núi/thác hồ/sinh thái,religious
KT_0001,Khu du lịch sinh thái Măng Đen,Kon Tum,Thiên nhiên,Rừng núi/thác hồ/sinh thái,religious
KT_0043,Ngã ba Đông Dương,Kon Tum,Thiên nhiên,Rừng núi/thác hồ/sinh thái,mountain
KT_0021,Nhà rông Kon Klor,Kon Tum,Văn hóa cộng đồng,Bản làng/nhà rông/chợ,culture
KT_0020,Nhà thờ gỗ Kon Tum,Kon Tum,Tâm linh,Công trình tôn giáo/tưởng niệm,religious
KT_0037,Núi Chư Mom Ray,Kon Tum,Thiên nhiên,Rừng núi/thác hồ/sinh thái,mountain
KT_0007,Rừng thông Măng Đen,Kon Tum,Thiên nhiên,Rừng núi/thác hồ/sinh thái,religious
KT_0019,Săn mây Măng Đen,Kon Tum,Thiên nhiên,Rừng núi/thác hồ/sinh thái,religious
KT_0003,Thác Pa Sỹ,Kon Tum,Thiên nhiên,Rừng núi/thác hồ/sinh thái,mountain
KT_0002,Thị trấn Măng Đen,Kon Tum,Thiên nhiên,Rừng núi/thác hồ/sinh thái,religious
KT_0005,Tượng Đức Mẹ Măng Đen,Kon Tum,Thiên nhiên,Rừng núi/thác hồ/sinh thái,religious
KT_0036,Vườn quốc gia Chư Mom Ray,Kon Tum,Thiên nhiên,Rừng núi/thác hồ/sinh thái,mountain
KT_0012,Ê Ban Măng Đen viewpoint,Kon Tum,Thiên nhiên,Rừng núi/thác hồ/sinh thái,religious
KT_0071,Đồi Đức Mẹ Măng Đen,Kon Tum,Thiên nhiên,Rừng núi/thác hồ/sinh thái,religious
KT_0027,Bảo tàng Kon Tum,Kon Tum,Văn hóa,Di tích lịch sử/bảo tàng,culture
KT_0030,Chùa Bác Ái,Kon Tum,Tâm linh,Chùa/thiền viện,religious
KT_0006,Chùa Khánh Lâm,Kon Tum,Tâm linh,Chùa/thiền viện,religious
KT_0032,Chợ Kon Tum,Kon Tum,Văn hóa cộng đồng,Bản làng/nhà rông/chợ,culture
KT_0051,Chợ phiên sâm Ngọc Linh,Kon Tum,Văn hóa cộng đồng,Bản làng/nhà rông/chợ,culture
KT_0026,Chủng viện Thừa sai Kon Tum,Kon Tum,Tâm linh,Công trình tôn giáo/tưởng niệm,religious
KT_0022,Cầu treo Kon Klor,Kon Tum,Văn hóa cộng đồng,Bản làng/nhà rông/chợ,culture
KT_0017,Cầu treo Kon Tu Rằng,Kon Tum,Văn hóa cộng đồng,Bản làng/nhà rông/chợ,culture
KT_0029,Di tích Ngục Kon Tum,Kon Tum,Văn hóa,Di tích lịch sử/bảo tàng,culture
KT_0047,Di tích chiến thắng Plei Kần,Kon Tum,Văn hóa,Di tích lịch sử/bảo tàng,culture
KT_0010,Hồ Toong Pô,Kon Tum,Thiên nhiên,Rừng núi/thác hồ/sinh thái,mountain
KT_0009,Hồ Toong Zơri,Kon Tum,Thiên nhiên,Rừng núi/thác hồ/sinh thái,mountain
KT_0008,Hồ Toong Đam,Kon Tum,Thiên nhiên,Rừng núi/thác hồ/sinh thái,mountain
KT_0062,Hồ thủy điện Plei Krông,Kon Tum,Văn hóa cộng đồng,Bản làng/nhà rông/chợ,culture
KT_0039,Khu di tích chiến thắng Đăk Tô - Tân Cảnh,Kon Tum,Văn hóa,Di tích lịch sử/bảo tàng,culture
KT_0038,Làng Bar Gốc Sa Thầy,Kon Tum,Văn hóa cộng đồng,Bản làng/nhà rông/chợ,culture
KT_0013,Làng Kon Bring,Kon Tum,Văn hóa cộng đồng,Bản làng/nhà rông/chợ,culture
KT_0067,Làng Kon Hra Chót,Kon Tum,Văn hóa cộng đồng,Bản làng/nhà rông/chợ,culture
KT_0068,Làng Kon Jơ Dri,Kon Tum,Văn hóa cộng đồng,Bản làng/nhà rông/chợ,culture
KT_0023,Làng Kon Klor,Kon Tum,Văn hóa cộng đồng,Bản làng/nhà rông/chợ,culture
KT_0018,Làng Kon Tu Rằng,Kon Tum,Văn hóa cộng đồng,Bản làng/nhà rông/chợ,culture
KT_0035,Làng Kon Tum Kơ Nâm,Kon Tum,Văn hóa cộng đồng,Bản làng/nhà rông/chợ,culture
KT_0034,Làng Plei Tơ Nghia,Kon Tum,Văn hóa cộng đồng,Bản làng/nhà rông/chợ,culture
KT_0066,Làng du lịch Kon Trang Long Loi,Kon Tum,Văn hóa cộng đồng,Bản làng/nhà rông/chợ,culture
KT_0014,Làng du lịch cộng đồng Kon Pring,Kon Tum,Văn hóa cộng đồng,Bản làng/nhà rông/chợ,culture
KT_0061,Làng văn hóa Kon Braih,Kon Tum,Văn hóa cộng đồng,Bản làng/nhà rông/chợ,culture
KT_0028,Ngục Kon Tum,Kon Tum,Văn hóa,Di tích lịch sử/bảo tàng,culture
KT_0048,Núi Ngọc Linh Kon Tum,Kon Tum,Văn hóa cộng đồng,Bản làng/nhà rông/chợ,culture
KT_0033,Quảng trường 16/3 Kon Tum,Kon Tum,Văn hóa cộng đồng,Bản làng/nhà rông/chợ,culture
KT_0057,Rừng đặc dụng Đăk Uy,Kon Tum,Thiên nhiên,Rừng núi/thác hồ/sinh thái,mountain
KT_0064,Sông Sê San Kon Tum,Kon Tum,Văn hóa cộng đồng,Bản làng/nhà rông/chợ,culture
KT_0024,Sông Đăk Bla,Kon Tum,Thiên nhiên,Rừng núi/thác hồ/sinh thái,mountain
KT_0015,Thác Lô Ba,Kon Tum,Thiên nhiên,Rừng núi/thác hồ/sinh thái,mountain
KT_0053,Thác Siu Puông,Kon Tum,Thiên nhiên,Rừng núi/thác hồ/sinh thái,mountain
KT_0016,Thác Đăk Ke,Kon Tum,Thiên nhiên,Rừng núi/thác hồ/sinh thái,mountain
KT_0054,Thác Đăk Lung,Kon Tum,Thiên nhiên,Rừng núi/thác hồ/sinh thái,mountain
KT_0060,Thác Đăk Pne,Kon Tum,Thiên nhiên,Rừng núi/thác hồ/sinh thái,mountain
KT_0025,Tòa Giám mục Kon Tum,Kon Tum,Văn hóa cộng đồng,Bản làng/nhà rông/chợ,culture
KT_0046,Tượng đài chiến thắng Plei Kần,Kon Tum,Tâm linh,Công trình tôn giáo/tưởng niệm,religious
KT_0040,Tượng đài chiến thắng Đăk Tô,Kon Tum,Tâm linh,Công trình tôn giáo/tưởng niệm,religious
KT_0050,Vùng sâm Ngọc Linh Tu Mơ Rông,Kon Tum,Thiên nhiên,Rừng núi/thác hồ/sinh thái,mountain
KT_0058,Vườn cà phê Đăk Hà,Kon Tum,Giải trí,Công viên/khu vui chơi/check-in,checkin
KT_0055,Đèo Lò Xo phía Kon Tum,Kon Tum,Văn hóa cộng đồng,Bản làng/nhà rông/chợ,culture
KT_0063,Đập thủy điện Plei Krông,Kon Tum,Văn hóa cộng đồng,Bản làng/nhà rông/chợ,culture
KT_0049,Đỉnh Ngọc Linh,Kon Tum,Thiên nhiên,Rừng núi/thác hồ/sinh thái,mountain
KT_0059,Chợ Đăk Hà,Kon Tum,Ẩm thực,Chợ/đặc sản,food
KT_0031,Cầu Đăk Bla,Kon Tum,Di tích,Điểm tham quan văn hóa,heritage
KT_0044,Cột mốc ba biên Việt Nam - Lào - Campuchia,Kon Tum,Thiên nhiên,Biển đảo/rừng núi/sinh thái,beach
KT_0065,Cửa khẩu Ia Dal,Kon Tum,Di tích,Điểm tham quan văn hóa,heritage
KT_0056,Cửa khẩu phụ Đăk Blô,Kon Tum,Di tích,Điểm tham quan văn hóa,heritage
KT_0045,Cửa khẩu quốc tế Bờ Y,Kon Tum,Di tích,Điểm tham quan văn hóa,heritage
KT_0052,Ruộng bậc thang Măng Ri,Kon Tum,Di tích,Điểm tham quan văn hóa,heritage
KT_0041,Sân bay Phượng Hoàng Đăk Tô,Kon Tum,Di tích,Điểm tham quan văn hóa,heritage
KT_0042,Đồi Charlie,Kon Tum,Di tích,Điểm tham quan văn hóa,heritage
LC_0014,Bạch Mộc Lương Tử,Lai Châu,Thiên nhiên,Danh thắng/sinh thái,nature
LC_0064,Bản Sin Suối Hồ,Lai Châu,Văn hóa cộng đồng,Bản làng/chợ phiên,culture
LC_0005,Bản Sì Thâu Chải,Lai Châu,Văn hóa cộng đồng,Bản làng/chợ phiên,culture
LC_0090,Bản Tả Phìn Sìn Hồ,Lai Châu,Văn hóa cộng đồng,Bản làng/chợ phiên,culture
LC_0019,Bản du lịch cộng đồng Sìn Hồ,Lai Châu,Văn hóa cộng đồng,Bản làng/chợ phiên,culture
LC_0017,Cao nguyên Sìn Hồ,Lai Châu,Văn hóa cộng đồng,Bản làng/chợ phiên,culture
LC_0018,Chợ phiên Sìn Hồ,Lai Châu,Văn hóa cộng đồng,Bản làng/chợ phiên,culture
LC_0002,Cổng trời Ô Quy Hồ,Lai Châu,Thiên nhiên,Danh thắng/sinh thái,nature
LC_0020,Núi Đá Ô Sìn Hồ,Lai Châu,Thiên nhiên,Danh thắng/sinh thái,mountain
LC_0010,Pu Ta Leng,Lai Châu,Thiên nhiên,Danh thắng/sinh thái,religious
LC_0091,Ruộng bậc thang Sìn Hồ,Lai Châu,Thiên nhiên,Danh thắng/sinh thái,nature
LC_0089,Suối nước nóng Sìn Hồ,Lai Châu,Thiên nhiên,Danh thắng/sinh thái,mountain
LC_0065,Thác Trái Tim Sin Suối Hồ,Lai Châu,Văn hóa cộng đồng,Bản làng/chợ phiên,culture
LC_0009,Thác Tác Tình,Lai Châu,Thiên nhiên,Danh thắng/sinh thái,mountain
LC_0012,Tả Liên Sơn,Lai Châu,Thiên nhiên,Danh thắng/sinh thái,nature
LC_0001,Đèo Ô Quy Hồ,Lai Châu,Thiên nhiên,Danh thắng/sinh thái,mountain
LC_0015,Đỉnh Bạch Mộc Lương Tử,Lai Châu,Thiên nhiên,Danh thắng/sinh thái,nature
LC_0011,Đỉnh Pu Ta Leng,Lai Châu,Thiên nhiên,Danh thắng/sinh thái,nature
LC_0013,Đỉnh Tả Liên Sơn,Lai Châu,Thiên nhiên,Danh thắng/sinh thái,nature
LC_0066,Đồi địa lan Sin Suối Hồ,Lai Châu,Văn hóa cộng đồng,Bản làng/chợ phiên,culture
LC_0073,Bản Chu Va,Lai Châu,Văn hóa cộng đồng,Bản làng/chợ phiên,culture
LC_0055,Bản Gia Khâu,Lai Châu,Văn hóa cộng đồng,Bản làng/chợ phiên,culture
LC_0008,Bản Hon,Lai Châu,Thiên nhiên,Biển đảo/rừng núi/sinh thái,beach
LC_0006,Bản Lao Chải 1,Lai Châu,Văn hóa cộng đồng,Bản làng/chợ phiên,culture
LC_0029,Bản Nà Khương,Lai Châu,Văn hóa cộng đồng,Bản làng/chợ phiên,culture
LC_0083,Bản Nà Luồng,Lai Châu,Văn hóa cộng đồng,Bản làng/chợ phiên,culture
LC_0084,Bản Nà Tăm,Lai Châu,Văn hóa cộng đồng,Bản làng/chợ phiên,culture
LC_0047,Bản Nậm Hàng,Lai Châu,Văn hóa cộng đồng,Bản làng/chợ phiên,culture
LC_0092,Bản Nậm Tăm,Lai Châu,Văn hóa cộng đồng,Bản làng/chợ phiên,culture
LC_0033,Bản Phiêng Phát,Lai Châu,Văn hóa cộng đồng,Bản làng/chợ phiên,culture
LC_0088,Bản Phiêng Phát Lai Châu,Lai Châu,Văn hóa cộng đồng,Bản làng/chợ phiên,culture
LC_0043,Bản Pú Đao,Lai Châu,Thiên nhiên,Biển đảo/rừng núi/sinh thái,beach
LC_0054,Bản San Thàng,Lai Châu,Văn hóa cộng đồng,Bản làng/chợ phiên,culture
LC_0040,Bản Thu Lũm,Lai Châu,Văn hóa cộng đồng,Bản làng/chợ phiên,culture
LC_0007,Bản Thẳm,Lai Châu,Văn hóa cộng đồng,Bản làng/chợ phiên,culture
LC_0026,Bản Thẳm Phé,Lai Châu,Văn hóa cộng đồng,Bản làng/chợ phiên,culture
LC_0067,Bản Vàng Pheo,Lai Châu,Văn hóa cộng đồng,Bản làng/chợ phiên,culture
LC_0087,Bản du lịch cộng đồng Lao Chải,Lai Châu,Văn hóa cộng đồng,Bản làng/chợ phiên,culture
LC_0051,Bảo tàng tỉnh Lai Châu,Lai Châu,Văn hóa,Di tích lịch sử/bảo tàng,culture
LC_0093,Cao nguyên Dào San,Lai Châu,Thiên nhiên,Biển đảo/rừng núi/sinh thái,beach
LC_0056,Chùa Linh Sơn Lai Châu,Lai Châu,Tâm linh,Chùa/thiền viện,religious
LC_0063,Chợ phiên Dào San,Lai Châu,Văn hóa cộng đồng,Bản làng/chợ phiên,culture
LC_0057,Chợ đêm Lai Châu,Lai Châu,Văn hóa cộng đồng,Bản làng/chợ phiên,culture
LC_0081,Cánh đồng Mường So,Lai Châu,Thiên nhiên,Danh thắng/sinh thái,nature
LC_0025,Cánh đồng Mường Than,Lai Châu,Thiên nhiên,Danh thắng/sinh thái,nature
LC_0031,Cánh đồng Tân Uyên,Lai Châu,Thiên nhiên,Danh thắng/sinh thái,nature
LC_0052,Công viên Hồ Thủy Sơn,Lai Châu,Thiên nhiên,Danh thắng/sinh thái,nature
LC_0041,Cột mốc biên giới Thu Lũm,Lai Châu,Thiên nhiên,Danh thắng/sinh thái,nature
LC_0076,Hang Thiên Môn,Lai Châu,Thiên nhiên,Danh thắng/sinh thái,mountain
LC_0078,Hang Thiên Đường Pusamcap,Lai Châu,Thiên nhiên,Danh thắng/sinh thái,mountain
LC_0077,Hang Thủy Tinh,Lai Châu,Thiên nhiên,Danh thắng/sinh thái,mountain
LC_0028,Hồ thủy điện Bản Chát,Lai Châu,Tâm linh,Đền/phủ/miếu,religious
LC_0085,Làng nghề dệt thổ cẩm Nà Tăm,Lai Châu,Văn hóa cộng đồng,Bản làng/chợ phiên,culture
LC_0044,Lòng hồ thủy điện Lai Châu,Lai Châu,Tâm linh,Đền/phủ/miếu,religious
LC_0094,Mốc biên giới 79 Ma Lù Thàng,Lai Châu,Thiên nhiên,Danh thắng/sinh thái,nature
LC_0045,Nhà máy thủy điện Lai Châu,Lai Châu,Tâm linh,Đền/phủ/miếu,religious
LC_0075,Quần thể hang động Pusamcap,Lai Châu,Thiên nhiên,Danh thắng/sinh thái,mountain
LC_0080,Suối khoáng nóng Vàng Bó,Lai Châu,Thiên nhiên,Danh thắng/sinh thái,mountain
LC_0037,Sông Đà Mường Tè,Lai Châu,Thiên nhiên,Danh thắng/sinh thái,nature
LC_0022,Thác Cầu Mây Lai Châu,Lai Châu,Thiên nhiên,Danh thắng/sinh thái,mountain
LC_0036,Thác Nậm Củm,Lai Châu,Thiên nhiên,Danh thắng/sinh thái,mountain
LC_0069,Thác Nậm Lùm,Lai Châu,Thiên nhiên,Danh thắng/sinh thái,mountain
LC_0023,Thác Nậm Lúc,Lai Châu,Thiên nhiên,Danh thắng/sinh thái,mountain
LC_0024,Thác Trái Tim,Lai Châu,Thiên nhiên,Danh thắng/sinh thái,mountain
LC_0071,Thác Tình Yêu Lai Châu,Lai Châu,Thiên nhiên,Danh thắng/sinh thái,mountain
LC_0079,Thác Đầu Nhuần,Lai Châu,Thiên nhiên,Danh thắng/sinh thái,mountain
LC_0034,Đèo Hoàng Liên Sơn Tân Uyên,Lai Châu,Thiên nhiên,Danh thắng/sinh thái,mountain
LC_0027,Đèo Khau Co,Lai Châu,Thiên nhiên,Danh thắng/sinh thái,mountain
LC_0058,Đền thờ vua Lê Lợi Lai Châu,Lai Châu,Tâm linh,Đền/phủ/miếu,religious
LC_0072,Đỉnh Chu Va,Lai Châu,Thiên nhiên,Danh thắng/sinh thái,nature
LC_0074,Động Pusamcap,Lai Châu,Thiên nhiên,Danh thắng/sinh thái,nature
LC_0021,Động Tiên Sơn,Lai Châu,Thiên nhiên,Danh thắng/sinh thái,nature
LC_0059,Bia Lê Lợi Lai Châu,Lai Châu,Di tích,Điểm tham quan văn hóa,heritage
LC_0082,Chợ Mường So,Lai Châu,Ẩm thực,Chợ/đặc sản,food
LC_0039,Chợ Mường Tè,Lai Châu,Ẩm thực,Chợ/đặc sản,food
LC_0048,Chợ Nậm Nhùn,Lai Châu,Ẩm thực,Chợ/đặc sản,food
LC_0053,Chợ San Thàng,Lai Châu,Ẩm thực,Chợ/đặc sản,food
LC_0030,Chợ Than Uyên,Lai Châu,Ẩm thực,Chợ/đặc sản,food
LC_0035,Chợ Tân Uyên,Lai Châu,Ẩm thực,Chợ/đặc sản,food
LC_0061,Chợ biên giới Ma Lù Thàng,Lai Châu,Ẩm thực,Chợ/đặc sản,food
LC_0046,Cầu Pá Uôn Lai Châu,Lai Châu,Di tích,Điểm tham quan văn hóa,heritage
LC_0003,Cầu kính Rồng Mây,Lai Châu,Di tích,Điểm tham quan văn hóa,heritage
LC_0060,Cửa khẩu Ma Lù Thàng,Lai Châu,Di tích,Điểm tham quan văn hóa,heritage
LC_0062,Dào San,Lai Châu,Thiên nhiên,Biển đảo/rừng núi/sinh thái,beach
LC_0038,Khu bảo tồn thiên nhiên Mường Tè,Lai Châu,Di tích,Điểm tham quan văn hóa,heritage
LC_0004,Khu du lịch Cầu kính Rồng Mây,Lai Châu,Di tích,Điểm tham quan văn hóa,heritage
LC_0070,Lùng Than,Lai Châu,Di tích,Điểm tham quan văn hóa,heritage
LC_0016,Lảo Thẩn Lai Châu,Lai Châu,Di tích,Điểm tham quan văn hóa,heritage
LC_0068,Nậm Lùm,Lai Châu,Di tích,Điểm tham quan văn hóa,heritage
LC_0042,Pú Đao,Lai Châu,Thiên nhiên,Biển đảo/rừng núi/sinh thái,beach
LC_0050,Quảng trường Nhân dân tỉnh Lai Châu,Lai Châu,Giải trí,Công viên/khu vui chơi,checkin
LC_0049,TP Lai Châu,Lai Châu,Di tích,Điểm tham quan văn hóa,heritage
LC_0086,Đồi chè Tam Đường,Lai Châu,Làng nghề,Trải nghiệm văn hóa,culture
LC_0032,Đồi chè Tân Uyên,Lai Châu,Làng nghề,Trải nghiệm văn hóa,culture
LA_0011,Công viên kỳ quan Happyland,Long An,Giải trí,Công viên/khu vui chơi/check-in,checkin
LA_0013,Di tích Nhà Trăm Cột,Long An,Văn hóa,Di tích lịch sử/bảo tàng,culture
LA_0017,Di tích Vàm Nhựt Tảo,Long An,Văn hóa,Di tích lịch sử/bảo tàng,culture
LA_0020,Di tích khảo cổ Bình Tả,Long An,Văn hóa,Di tích lịch sử/bảo tàng,culture
LA_0006,Khu Ramsar Láng Sen,Long An,Thiên nhiên,Sông nước/rừng tràm/đất ngập nước,nature
LA_0005,Khu bảo tồn đất ngập nước Láng Sen,Long An,Thiên nhiên,Sông nước/rừng tràm/đất ngập nước,nature
LA_0019,Khu di tích Bình Tả,Long An,Văn hóa,Di tích lịch sử/bảo tàng,culture
LA_0009,Khu du lịch Happyland Long An,Long An,Giải trí,Công viên/khu vui chơi/check-in,checkin
LA_0002,Khu du lịch sinh thái Làng nổi Tân Lập,Long An,Văn hóa cộng đồng,Chợ/làng nghề/miệt vườn,culture
LA_0010,Khu phức hợp giải trí Happyland,Long An,Giải trí,Công viên/khu vui chơi/check-in,checkin
LA_0001,Làng nổi Tân Lập,Long An,Văn hóa cộng đồng,Chợ/làng nghề/miệt vườn,culture
LA_0012,Nhà Trăm Cột,Long An,Văn hóa,Di tích lịch sử/bảo tàng,culture
LA_0003,Rừng tràm Tân Lập,Long An,Thiên nhiên,Sông nước/rừng tràm/đất ngập nước,nature
LA_0008,Sân chim Láng Sen,Long An,Thiên nhiên,Sông nước/rừng tràm/đất ngập nước,nature
LA_0004,Tháp quan sát Làng nổi Tân Lập,Long An,Văn hóa cộng đồng,Chợ/làng nghề/miệt vườn,culture
LA_0016,Vàm Nhựt Tảo,Long An,Văn hóa,Di tích lịch sử/bảo tàng,culture
LA_0007,Đồng sen Láng Sen,Long An,Thiên nhiên,Sông nước/rừng tràm/đất ngập nước,nature
LA_0028,Bảo tàng Long An,Long An,Văn hóa,Di tích lịch sử/bảo tàng,culture
LA_0034,Chùa Thiên Khánh Long An,Long An,Tâm linh,Chùa/thiền viện,religious
LA_0014,Chùa Tôn Thạnh,Long An,Tâm linh,Chùa/thiền viện,religious
LA_0054,Chợ Bến Lức,Long An,Văn hóa cộng đồng,Chợ/làng nghề/miệt vườn,culture
LA_0065,Chợ Châu Thành Long An,Long An,Văn hóa cộng đồng,Chợ/làng nghề/miệt vườn,culture
LA_0057,Chợ Cần Giuộc,Long An,Văn hóa cộng đồng,Chợ/làng nghề/miệt vườn,culture
LA_0060,Chợ Cần Đước,Long An,Văn hóa cộng đồng,Chợ/làng nghề/miệt vườn,culture
LA_0041,Chợ Kiến Tường,Long An,Văn hóa cộng đồng,Chợ/làng nghề/miệt vườn,culture
LA_0039,Chợ Mộc Hóa,Long An,Văn hóa cộng đồng,Chợ/làng nghề/miệt vườn,culture
LA_0046,Chợ Thạnh Hóa,Long An,Văn hóa cộng đồng,Chợ/làng nghề/miệt vườn,culture
LA_0030,Chợ Tân An,Long An,Văn hóa cộng đồng,Chợ/làng nghề/miệt vườn,culture
LA_0044,Chợ Tân Thạnh,Long An,Văn hóa cộng đồng,Chợ/làng nghề/miệt vườn,culture
LA_0062,Chợ Tân Trụ,Long An,Văn hóa cộng đồng,Chợ/làng nghề/miệt vườn,culture
LA_0048,Chợ Vĩnh Hưng,Long An,Văn hóa cộng đồng,Chợ/làng nghề/miệt vườn,culture
LA_0051,Chợ Đức Huệ,Long An,Văn hóa cộng đồng,Chợ/làng nghề/miệt vườn,culture
LA_0043,Cánh đồng Đồng Tháp Mười Long An,Long An,Thiên nhiên,Sông nước/rừng tràm/đất ngập nước,nature
LA_0029,Công viên Tân An,Long An,Giải trí,Công viên/khu vui chơi/check-in,checkin
LA_0031,Công viên Võ Văn Tần,Long An,Giải trí,Công viên/khu vui chơi/check-in,checkin
LA_0024,Căn cứ Xứ ủy và Ủy ban Hành chính Kháng chiến Nam Bộ,Long An,Văn hóa,Di tích lịch sử/bảo tàng,culture
LA_0050,Di tích Long Khốt,Long An,Văn hóa,Di tích lịch sử/bảo tàng,culture
LA_0025,Di tích lịch sử cách mạng Đức Hòa,Long An,Văn hóa,Di tích lịch sử/bảo tàng,culture
LA_0037,Khu bảo tồn dược liệu Đồng Tháp Mười,Long An,Thiên nhiên,Sông nước/rừng tràm/đất ngập nước,nature
LA_0053,Khu di tích Bình Thành,Long An,Văn hóa,Di tích lịch sử/bảo tàng,culture
LA_0015,Khu di tích chùa Tôn Thạnh,Long An,Tâm linh,Chùa/thiền viện,religious
LA_0026,Khu di tích Đồn Rạch Cát,Long An,Văn hóa,Di tích lịch sử/bảo tàng,culture
LA_0036,Khu du lịch Cánh Đồng Bất Tận,Long An,Thiên nhiên,Sông nước/rừng tràm/đất ngập nước,nature
LA_0066,Khu du lịch sinh thái Rio Long An,Long An,Giải trí,Công viên/khu vui chơi/check-in,checkin
LA_0067,Làng cổ Phước Lộc Thọ,Long An,Thiên nhiên,Biển đảo/rừng núi/sinh thái,beach
LA_0061,Làng nghề làm trống Bình An,Long An,Văn hóa cộng đồng,Chợ/làng nghề/miệt vườn,culture
LA_0059,Làng nghề đóng ghe Cần Đước,Long An,Văn hóa cộng đồng,Chợ/làng nghề/miệt vườn,culture
LA_0063,Làng thanh long Châu Thành,Long An,Văn hóa cộng đồng,Chợ/làng nghề/miệt vườn,culture
LA_0035,Nhà thờ Tân An,Long An,Tâm linh,Đền/miếu/đình/lăng,religious
LA_0033,Quảng trường Long An,Long An,Giải trí,Công viên/khu vui chơi/check-in,checkin
LA_0058,Sông Cần Giuộc,Long An,Thiên nhiên,Sông nước/rừng tràm/đất ngập nước,nature
LA_0055,Sông Vàm Cỏ Đông Bến Lức,Long An,Thiên nhiên,Sông nước/rừng tràm/đất ngập nước,nature
LA_0032,Tượng đài Long An trung dũng kiên cường,Long An,Tâm linh,Đền/miếu/đình/lăng,religious
LA_0047,Vườn sen Thạnh Hóa,Long An,Văn hóa cộng đồng,Chợ/làng nghề/miệt vườn,culture
LA_0064,Vườn thanh long Châu Thành,Long An,Văn hóa cộng đồng,Chợ/làng nghề/miệt vườn,culture
LA_0018,Đền thờ Nguyễn Trung Trực Long An,Long An,Tâm linh,Đền/miếu/đình/lăng,religious
LA_0027,Đồn Rạch Cát,Long An,Văn hóa,Di tích lịch sử/bảo tàng,culture
LA_0056,Cầu Bến Lức,Long An,Di tích,Điểm tham quan văn hóa,heritage
LA_0042,Cửa khẩu Bình Hiệp,Long An,Di tích,Điểm tham quan văn hóa,heritage
LA_0049,Cửa khẩu Long Khốt,Long An,Di tích,Điểm tham quan văn hóa,heritage
LA_0052,Cửa khẩu Mỹ Quý Tây,Long An,Di tích,Điểm tham quan văn hóa,heritage
LA_0023,Gò Năm Tước,Long An,Di tích,Điểm tham quan văn hóa,heritage
LA_0021,Gò Xoài,Long An,Di tích,Điểm tham quan văn hóa,heritage
LA_0022,Gò Đồn,Long An,Di tích,Điểm tham quan văn hóa,heritage
LA_0045,Khu sinh thái Tân Thạnh,Long An,Di tích,Điểm tham quan văn hóa,heritage
LA_0040,Thị xã Kiến Tường,Long An,Di tích,Điểm tham quan văn hóa,heritage
LA_0038,Đồng sen Mộc Hóa,Long An,Di tích,Điểm tham quan văn hóa,heritage
LCI_0015,Bãi đá cổ Sa Pa,Lào Cai,Di tích,Điểm tham quan văn hóa,heritage
LCI_0009,Bản Cát Cát,Lào Cai,Văn hóa cộng đồng,Bản làng/chợ phiên,culture
LCI_0042,Bản Lao Chải Y Tý,Lào Cai,Văn hóa cộng đồng,Bản làng/chợ phiên,culture
LCI_0074,Bản Tả Chải Bắc Hà,Lào Cai,Văn hóa cộng đồng,Bản làng/chợ phiên,culture
LCI_0011,Bản Tả Van,Lào Cai,Văn hóa cộng đồng,Bản làng/chợ phiên,culture
LCI_0038,Bảo tàng Sa Pa,Lào Cai,Văn hóa,Di tích lịch sử/bảo tàng,culture
LCI_0061,Bắc Hà,Lào Cai,Di tích,Điểm tham quan văn hóa,heritage
LCI_0032,Chợ Sa Pa,Lào Cai,Ẩm thực,Chợ/đặc sản,food
LCI_0062,Chợ phiên Bắc Hà,Lào Cai,Văn hóa cộng đồng,Bản làng/chợ phiên,culture
LCI_0060,Chợ phiên Y Tý,Lào Cai,Văn hóa cộng đồng,Bản làng/chợ phiên,culture
LCI_0037,Chợ tình Sa Pa,Lào Cai,Văn hóa cộng đồng,Bản làng/chợ phiên,culture
LCI_0033,Chợ đêm Sa Pa,Lào Cai,Văn hóa cộng đồng,Bản làng/chợ phiên,culture
LCI_0004,Cáp treo Fansipan,Lào Cai,Thiên nhiên,Danh thắng/sinh thái,nature
LCI_0116,Cầu Mây Tả Van,Lào Cai,Văn hóa cộng đồng,Bản làng/chợ phiên,culture
LCI_0006,Cổng trời Fansipan,Lào Cai,Thiên nhiên,Danh thắng/sinh thái,nature
LCI_0028,Cổng trời Ô Quy Hồ Sa Pa,Lào Cai,Thiên nhiên,Danh thắng/sinh thái,nature
LCI_0069,Hang Tiên Bắc Hà,Lào Cai,Thiên nhiên,Danh thắng/sinh thái,mountain
LCI_0036,Hồ Sa Pa,Lào Cai,Thiên nhiên,Danh thắng/sinh thái,nature
LCI_0046,Mốc biên giới Y Tý,Lào Cai,Thiên nhiên,Danh thắng/sinh thái,nature
LCI_0034,Nhà thờ đá Sa Pa,Lào Cai,Di tích,Điểm tham quan văn hóa,heritage
LCI_0045,Nhà trình tường Y Tý,Lào Cai,Thiên nhiên,Danh thắng/sinh thái,nature
LCI_0035,Quảng trường Sa Pa,Lào Cai,Giải trí,Công viên/khu vui chơi,checkin
LCI_0005,Quần thể tâm linh Fansipan,Lào Cai,Thiên nhiên,Danh thắng/sinh thái,religious
LCI_0003,Sun World Fansipan Legend,Lào Cai,Thiên nhiên,Danh thắng/sinh thái,nature
LCI_0070,Sông Chảy Bắc Hà,Lào Cai,Di tích,Điểm tham quan văn hóa,heritage
LCI_0064,Thung lũng hoa Bắc Hà,Lào Cai,Di tích,Điểm tham quan văn hóa,heritage
LCI_0024,Thác Bạc Sa Pa,Lào Cai,Thiên nhiên,Danh thắng/sinh thái,mountain
LCI_0010,Thác Cát Cát,Lào Cai,Thiên nhiên,Danh thắng/sinh thái,mountain
LCI_0001,Thị xã Sa Pa,Lào Cai,Di tích,Điểm tham quan văn hóa,heritage
LCI_0113,Vườn hồng cổ Sa Pa,Lào Cai,Thiên nhiên,Danh thắng/sinh thái,nature
LCI_0111,Vườn lê Tai Nung Bắc Hà,Lào Cai,Làng nghề,Trải nghiệm văn hóa,culture
LCI_0110,Vườn mận Tam Hoa Bắc Hà,Lào Cai,Làng nghề,Trải nghiệm văn hóa,culture
LCI_0039,Y Tý,Lào Cai,Thiên nhiên,Danh thắng/sinh thái,nature
LCI_0027,Đèo Ô Quy Hồ Lào Cai,Lào Cai,Thiên nhiên,Danh thắng/sinh thái,mountain
LCI_0068,Đền Bắc Hà,Lào Cai,Tâm linh,Đền/phủ/miếu,religious
LCI_0002,Đỉnh Fansipan,Lào Cai,Thiên nhiên,Danh thắng/sinh thái,nature
LCI_0112,Đồi chè Ô Long Sa Pa,Lào Cai,Thiên nhiên,Danh thắng/sinh thái,mountain
LCI_0055,Bản A Lù,Lào Cai,Văn hóa cộng đồng,Bản làng/chợ phiên,culture
LCI_0086,Bản Cao Sơn,Lào Cai,Văn hóa cộng đồng,Bản làng/chợ phiên,culture
LCI_0043,Bản Choản Thèn,Lào Cai,Văn hóa cộng đồng,Bản làng/chợ phiên,culture
LCI_0081,Bản Cán Cấu,Lào Cai,Văn hóa cộng đồng,Bản làng/chợ phiên,culture
LCI_0054,Bản Dền Sáng,Lào Cai,Văn hóa cộng đồng,Bản làng/chợ phiên,culture
LCI_0022,Bản Hồ,Lào Cai,Văn hóa cộng đồng,Bản làng/chợ phiên,culture
LCI_0012,Bản Lao Chải,Lào Cai,Văn hóa cộng đồng,Bản làng/chợ phiên,culture
LCI_0100,Bản Liêm Phú,Lào Cai,Văn hóa cộng đồng,Bản làng/chợ phiên,culture
LCI_0075,Bản Lùng Phình,Lào Cai,Văn hóa cộng đồng,Bản làng/chợ phiên,culture
LCI_0020,Bản Má Tra,Lào Cai,Văn hóa cộng đồng,Bản làng/chợ phiên,culture
LCI_0073,Bản Na Hối,Lào Cai,Văn hóa cộng đồng,Bản làng/chợ phiên,culture
LCI_0057,Bản Ngải Thầu,Lào Cai,Văn hóa cộng đồng,Bản làng/chợ phiên,culture
LCI_0031,Bản Nậm Cang,Lào Cai,Văn hóa cộng đồng,Bản làng/chợ phiên,culture
LCI_0114,Bản Nậm Sài,Lào Cai,Văn hóa cộng đồng,Bản làng/chợ phiên,culture
LCI_0065,Bản Phố,Lào Cai,Văn hóa cộng đồng,Bản làng/chợ phiên,culture
LCI_0053,Bản Sàng Ma Sáo,Lào Cai,Văn hóa cộng đồng,Bản làng/chợ phiên,culture
LCI_0030,Bản Sâu Chua,Lào Cai,Văn hóa cộng đồng,Bản làng/chợ phiên,culture
LCI_0080,Bản Sín Chéng,Lào Cai,Văn hóa cộng đồng,Bản làng/chợ phiên,culture
LCI_0016,Bản Sín Chải,Lào Cai,Văn hóa cộng đồng,Bản làng/chợ phiên,culture
LCI_0115,Bản Thanh Phú,Lào Cai,Văn hóa cộng đồng,Bản làng/chợ phiên,culture
LCI_0072,Bản Trung Đô,Lào Cai,Văn hóa cộng đồng,Bản làng/chợ phiên,culture
LCI_0017,Bản Tả Phìn,Lào Cai,Văn hóa cộng đồng,Bản làng/chợ phiên,culture
LCI_0021,Bản Ý Linh Hồ,Lào Cai,Văn hóa cộng đồng,Bản làng/chợ phiên,culture
LCI_0096,Bảo tàng tỉnh Lào Cai,Lào Cai,Văn hóa,Di tích lịch sử/bảo tàng,culture
LCI_0078,Chợ phiên Cán Cấu,Lào Cai,Văn hóa cộng đồng,Bản làng/chợ phiên,culture
LCI_0076,Chợ phiên Lùng Phình,Lào Cai,Văn hóa cộng đồng,Bản làng/chợ phiên,culture
LCI_0083,Chợ phiên Mường Khương,Lào Cai,Văn hóa cộng đồng,Bản làng/chợ phiên,culture
LCI_0104,Chợ phiên Nghĩa Đô,Lào Cai,Văn hóa cộng đồng,Bản làng/chợ phiên,culture
LCI_0079,Chợ phiên Si Ma Cai,Lào Cai,Văn hóa cộng đồng,Bản làng/chợ phiên,culture
LCI_0109,Cánh đồng Bảo Thắng,Lào Cai,Văn hóa,Di tích lịch sử/bảo tàng,culture
LCI_0088,Hang Cốc San,Lào Cai,Thiên nhiên,Danh thắng/sinh thái,mountain
LCI_0066,Làng nghề nấu rượu ngô Bản Phố,Lào Cai,Văn hóa cộng đồng,Bản làng/chợ phiên,culture
LCI_0047,Lảo Thẩn,Lào Cai,Thiên nhiên,Danh thắng/sinh thái,nature
LCI_0049,Nhìu Cồ San,Lào Cai,Thiên nhiên,Danh thắng/sinh thái,nature
LCI_0007,Núi Hàm Rồng,Lào Cai,Thiên nhiên,Danh thắng/sinh thái,mountain
LCI_0056,Ruộng bậc thang A Lù,Lào Cai,Thiên nhiên,Danh thắng/sinh thái,nature
LCI_0014,Ruộng bậc thang Mường Hoa,Lào Cai,Thiên nhiên,Danh thắng/sinh thái,nature
LCI_0058,Ruộng bậc thang Ngải Thầu,Lào Cai,Thiên nhiên,Danh thắng/sinh thái,nature
LCI_0023,Suối Mường Hoa,Lào Cai,Thiên nhiên,Danh thắng/sinh thái,mountain
LCI_0026,Suối Vàng,Lào Cai,Thiên nhiên,Danh thắng/sinh thái,mountain
LCI_0102,Thác Bay Bảo Yên,Lào Cai,Thiên nhiên,Danh thắng/sinh thái,mountain
LCI_0087,Thác Cốc San,Lào Cai,Thiên nhiên,Danh thắng/sinh thái,mountain
LCI_0052,Thác Rồng Trung Lèng Hồ,Lào Cai,Thiên nhiên,Danh thắng/sinh thái,mountain
LCI_0025,Thác Tình Yêu,Lào Cai,Thiên nhiên,Danh thắng/sinh thái,mountain
LCI_0117,Đèo Khau Co Lào Cai,Lào Cai,Thiên nhiên,Danh thắng/sinh thái,mountain
LCI_0098,Đền Bảo Hà,Lào Cai,Tâm linh,Chùa/đền,religious
LCI_0099,Đền Cô Tân An,Lào Cai,Tâm linh,Đền/phủ/miếu,religious
LCI_0107,Đền Ken,Lào Cai,Tâm linh,Đền/phủ/miếu,religious
LCI_0090,Đền Mẫu Lào Cai,Lào Cai,Tâm linh,Chùa/đền,religious
LCI_0105,Đền Phúc Khánh,Lào Cai,Tâm linh,Đền/phủ/miếu,religious
LCI_0089,Đền Thượng Lào Cai,Lào Cai,Tâm linh,Chùa/đền,religious
LCI_0048,Đỉnh Lảo Thẩn,Lào Cai,Thiên nhiên,Danh thắng/sinh thái,nature
LCI_0050,Đỉnh Nhìu Cồ San,Lào Cai,Thiên nhiên,Danh thắng/sinh thái,nature
LCI_0029,Đỉnh đèo Trạm Tôn,Lào Cai,Thiên nhiên,Danh thắng/sinh thái,mountain
LCI_0019,Động Tả Phìn,Lào Cai,Thiên nhiên,Danh thắng/sinh thái,nature
LCI_0071,Chợ Cốc Ly,Lào Cai,Ẩm thực,Chợ/đặc sản,food
LCI_0093,Chợ Cốc Lếu,Lào Cai,Ẩm thực,Chợ/đặc sản,food
LCI_0059,Chợ Mường Hum,Lào Cai,Ẩm thực,Chợ/đặc sản,food
LCI_0084,Chợ Pha Long,Lào Cai,Ẩm thực,Chợ/đặc sản,food
LCI_0108,Chợ Phố Lu,Lào Cai,Ẩm thực,Chợ/đặc sản,food
LCI_0106,Chợ Phố Ràng,Lào Cai,Ẩm thực,Chợ/đặc sản,food
LCI_0044,Công viên Choản Thèn,Lào Cai,Giải trí,Công viên/khu vui chơi,checkin
LCI_0095,Công viên Nhạc Sơn,Lào Cai,Giải trí,Công viên/khu vui chơi,checkin
LCI_0092,Cột mốc biên giới 102,Lào Cai,Thiên nhiên,Biển đảo/rừng núi/sinh thái,beach
LCI_0085,Cửa khẩu Mường Khương,Lào Cai,Di tích,Điểm tham quan văn hóa,heritage
LCI_0091,Cửa khẩu quốc tế Lào Cai,Lào Cai,Di tích,Điểm tham quan văn hóa,heritage
LCI_0063,Dinh Hoàng A Tưởng,Lào Cai,Di tích,Điểm tham quan văn hóa,heritage
LCI_0067,Dinh thự Hoàng Yến Chao,Lào Cai,Di tích,Điểm tham quan văn hóa,heritage
LCI_0097,Ga Lào Cai,Lào Cai,Di tích,Điểm tham quan văn hóa,heritage
LCI_0101,Khu bảo tồn thiên nhiên Hoàng Liên - Văn Bàn,Lào Cai,Di tích,Điểm tham quan văn hóa,heritage
LCI_0051,Ky Quan San Lào Cai,Lào Cai,Di tích,Điểm tham quan văn hóa,heritage
LCI_0082,Mường Khương,Lào Cai,Di tích,Điểm tham quan văn hóa,heritage
LCI_0040,Mốc 92 Lũng Pô,Lào Cai,Di tích,Điểm tham quan văn hóa,heritage
LCI_0103,Nghĩa Đô Bảo Yên,Lào Cai,Di tích,Điểm tham quan văn hóa,heritage
LCI_0041,Ngã ba Lũng Pô,Lào Cai,Di tích,Điểm tham quan văn hóa,heritage
LCI_0094,Phố đi bộ Lào Cai,Lào Cai,Giải trí,Công viên/khu vui chơi,checkin
LCI_0077,Si Ma Cai,Lào Cai,Di tích,Điểm tham quan văn hóa,heritage
LCI_0013,Thung lũng Mường Hoa,Lào Cai,Di tích,Điểm tham quan văn hóa,heritage
LCI_0018,Tu viện cổ Tả Phìn,Lào Cai,Di tích,Điểm tham quan văn hóa,heritage
LCI_0008,Vườn hoa Hàm Rồng,Lào Cai,Làng nghề,Trải nghiệm văn hóa,culture
LD_0083,Bàu Sấu Cát Tiên,Lâm Đồng,Thiên nhiên,Rừng núi/thác hồ/sinh thái,mountain
LD_0072,Chùa Linh Quy Pháp Ấn,Lâm Đồng,Tâm linh,Chùa/thiền viện,religious
LD_0011,Chùa Linh Sơn Đà Lạt,Lâm Đồng,Tâm linh,Chùa/thiền viện,religious
LD_0022,Chợ Đà Lạt,Lâm Đồng,Ẩm thực,Chợ/đặc sản,food
LD_0089,Chợ Đà Lạt khu Hòa Bình,Lâm Đồng,Ẩm thực,Chợ/đặc sản,food
LD_0023,Chợ đêm Đà Lạt,Lâm Đồng,Văn hóa cộng đồng,Bản làng/làng nghề/chợ,culture
LD_0057,Crazy House Đà Lạt,Lâm Đồng,Di tích,Điểm tham quan văn hóa,heritage
LD_0084,Di tích khảo cổ Cát Tiên,Lâm Đồng,Văn hóa,Di tích lịch sử/bảo tàng,culture
LD_0005,Dinh I Đà Lạt,Lâm Đồng,Tâm linh,Công trình tôn giáo/tưởng niệm,religious
LD_0006,Dinh II Đà Lạt,Lâm Đồng,Tâm linh,Công trình tôn giáo/tưởng niệm,religious
LD_0039,Fresh Garden Đà Lạt,Lâm Đồng,Giải trí,Công viên/khu vui chơi/check-in,checkin
LD_0004,Ga Đà Lạt,Lâm Đồng,Văn hóa,Di tích lịch sử/bảo tàng,culture
LD_0013,Hồ Tuyền Lâm,Lâm Đồng,Thiên nhiên,Rừng núi/thác hồ/sinh thái,mountain
LD_0001,Hồ Xuân Hương,Lâm Đồng,Thiên nhiên,Rừng núi/thác hồ/sinh thái,mountain
LD_0082,Khu du lịch Cát Tiên,Lâm Đồng,Thiên nhiên,Rừng núi/thác hồ/sinh thái,mountain
LD_0042,Kombi Land Đà Lạt,Lâm Đồng,Di tích,Điểm tham quan văn hóa,heritage
LD_0041,Mongo Land Đà Lạt,Lâm Đồng,Giải trí,Công viên/khu vui chơi/check-in,checkin
LD_0016,Máng trượt Datanla,Lâm Đồng,Di tích,Điểm tham quan văn hóa,heritage
LD_0003,Nhà thờ Con Gà Đà Lạt,Lâm Đồng,Tâm linh,Công trình tôn giáo/tưởng niệm,religious
LD_0029,Núi Langbiang,Lâm Đồng,Thiên nhiên,Rừng núi/thác hồ/sinh thái,mountain
LD_0040,Puppy Farm Đà Lạt,Lâm Đồng,Văn hóa cộng đồng,Bản làng/làng nghề/chợ,culture
LD_0043,Que Garden Đà Lạt,Lâm Đồng,Di tích,Điểm tham quan văn hóa,heritage
LD_0093,Rừng lá phong Đà Lạt,Lâm Đồng,Thiên nhiên,Rừng núi/thác hồ/sinh thái,mountain
LD_0012,Thiền viện Trúc Lâm Đà Lạt,Lâm Đồng,Tâm linh,Chùa/thiền viện,religious
LD_0019,Thung lũng Tình Yêu,Lâm Đồng,Giải trí,Công viên/khu vui chơi/check-in,checkin
LD_0015,Thác Datanla,Lâm Đồng,Thiên nhiên,Rừng núi/thác hồ/sinh thái,mountain
LD_0060,Thác Pongour,Lâm Đồng,Thiên nhiên,Rừng núi/thác hồ/sinh thái,mountain
LD_0085,Thánh địa Cát Tiên,Lâm Đồng,Thiên nhiên,Rừng núi/thác hồ/sinh thái,mountain
LD_0052,Tuyệt Tình Cốc Đà Lạt,Lâm Đồng,Di tích,Điểm tham quan văn hóa,heritage
LD_0047,Vườn dâu Đà Lạt,Lâm Đồng,Di tích,Điểm tham quan văn hóa,heritage
LD_0021,Vườn hoa thành phố Đà Lạt,Lâm Đồng,Văn hóa cộng đồng,Bản làng/làng nghề/chợ,culture
LD_0081,Vườn quốc gia Cát Tiên phía Lâm Đồng,Lâm Đồng,Thiên nhiên,Rừng núi/thác hồ/sinh thái,mountain
LD_0045,XQ Sử Quán Đà Lạt,Lâm Đồng,Di tích,Điểm tham quan văn hóa,heritage
LD_0034,Zoodoo Đà Lạt,Lâm Đồng,Giải trí,Công viên/khu vui chơi/check-in,checkin
LD_0059,Đà Lạt Sử Quán,Lâm Đồng,Di tích,Điểm tham quan văn hóa,heritage
LD_0030,Đỉnh Langbiang,Lâm Đồng,Thiên nhiên,Rừng núi/thác hồ/sinh thái,mountain
LD_0051,Đồi cỏ hồng Đà Lạt,Lâm Đồng,Thiên nhiên,Rừng núi/thác hồ/sinh thái,mountain
LD_0008,Biệt điện Trần Lệ Xuân,Lâm Đồng,Văn hóa,Di tích lịch sử/bảo tàng,culture
LD_0010,Chùa Linh Phước,Lâm Đồng,Tâm linh,Chùa/thiền viện,religious
LD_0065,Chùa Linh Ẩn,Lâm Đồng,Tâm linh,Chùa/thiền viện,religious
LD_0025,Cầu Đất Farm,Lâm Đồng,Văn hóa cộng đồng,Bản làng/làng nghề/chợ,culture
LD_0007,Dinh III Bảo Đại,Lâm Đồng,Tâm linh,Công trình tôn giáo/tưởng niệm,religious
LD_0058,Dinh Nguyễn Hữu Hào,Lâm Đồng,Tâm linh,Công trình tôn giáo/tưởng niệm,religious
LD_0079,Hồ Nam Phương,Lâm Đồng,Thiên nhiên,Rừng núi/thác hồ/sinh thái,mountain
LD_0091,Hồ Than Thở,Lâm Đồng,Thiên nhiên,Rừng núi/thác hồ/sinh thái,mountain
LD_0037,Hồ Đan Kia - Suối Vàng,Lâm Đồng,Thiên nhiên,Rừng núi/thác hồ/sinh thái,mountain
LD_0063,Hồ Đại Ninh,Lâm Đồng,Thiên nhiên,Rừng núi/thác hồ/sinh thái,mountain
LD_0074,Khu du lịch thác Dambri,Lâm Đồng,Thiên nhiên,Rừng núi/thác hồ/sinh thái,mountain
LD_0031,Làng Cù Lần,Lâm Đồng,Văn hóa cộng đồng,Bản làng/làng nghề/chợ,culture
LD_0068,Làng Gà K'Long,Lâm Đồng,Văn hóa cộng đồng,Bản làng/làng nghề/chợ,culture
LD_0067,Làng K'Ho Lạch,Lâm Đồng,Văn hóa cộng đồng,Bản làng/làng nghề/chợ,culture
LD_0090,Làng cà phê Cầu Đất,Lâm Đồng,Văn hóa cộng đồng,Bản làng/làng nghề/chợ,culture
LD_0050,Làng hoa Hà Đông,Lâm Đồng,Văn hóa cộng đồng,Bản làng/làng nghề/chợ,culture
LD_0049,Làng hoa Thái Phiên,Lâm Đồng,Văn hóa cộng đồng,Bản làng/làng nghề/chợ,culture
LD_0048,Làng hoa Vạn Thành,Lâm Đồng,Văn hóa cộng đồng,Bản làng/làng nghề/chợ,culture
LD_0033,Ma Rừng Lữ Quán,Lâm Đồng,Thiên nhiên,Rừng núi/thác hồ/sinh thái,mountain
LD_0078,Nhà thờ Bảo Lộc,Lâm Đồng,Tâm linh,Công trình tôn giáo/tưởng niệm,religious
LD_0055,Nhà thờ Cam Ly,Lâm Đồng,Tâm linh,Công trình tôn giáo/tưởng niệm,religious
LD_0009,Nhà thờ Domaine de Marie,Lâm Đồng,Tâm linh,Công trình tôn giáo/tưởng niệm,religious
LD_0056,Nhà thờ Mai Anh,Lâm Đồng,Tâm linh,Công trình tôn giáo/tưởng niệm,religious
LD_0002,Quảng trường Lâm Viên,Lâm Đồng,Giải trí,Công viên/khu vui chơi/check-in,checkin
LD_0069,Thác Bobla,Lâm Đồng,Thiên nhiên,Rừng núi/thác hồ/sinh thái,mountain
LD_0061,Thác Bảo Đại,Lâm Đồng,Thiên nhiên,Rừng núi/thác hồ/sinh thái,mountain
LD_0018,Thác Cam Ly,Lâm Đồng,Thiên nhiên,Rừng núi/thác hồ/sinh thái,mountain
LD_0073,Thác Dambri,Lâm Đồng,Thiên nhiên,Rừng núi/thác hồ/sinh thái,mountain
LD_0075,Thác Dasara,Lâm Đồng,Thiên nhiên,Rừng núi/thác hồ/sinh thái,mountain
LD_0062,Thác Gougah,Lâm Đồng,Thiên nhiên,Rừng núi/thác hồ/sinh thái,mountain
LD_0087,Thác Liêng Ài,Lâm Đồng,Thiên nhiên,Rừng núi/thác hồ/sinh thái,mountain
LD_0017,Thác Prenn,Lâm Đồng,Thiên nhiên,Rừng núi/thác hồ/sinh thái,mountain
LD_0064,Thác Voi,Lâm Đồng,Thiên nhiên,Rừng núi/thác hồ/sinh thái,mountain
LD_0086,Thác Đạ Sar,Lâm Đồng,Thiên nhiên,Rừng núi/thác hồ/sinh thái,mountain
LD_0035,Vườn quốc gia Bidoup - Núi Bà,Lâm Đồng,Thiên nhiên,Rừng núi/thác hồ/sinh thái,mountain
LD_0080,Đèo Bảo Lộc,Lâm Đồng,Thiên nhiên,Rừng núi/thác hồ/sinh thái,mountain
LD_0071,Đèo Gia Bắc,Lâm Đồng,Thiên nhiên,Rừng núi/thác hồ/sinh thái,mountain
LD_0053,Đèo Mimosa,Lâm Đồng,Thiên nhiên,Rừng núi/thác hồ/sinh thái,mountain
LD_0054,Đèo Prenn,Lâm Đồng,Thiên nhiên,Rừng núi/thác hồ/sinh thái,mountain
LD_0014,Đường hầm Đất Sét,Lâm Đồng,Văn hóa,Di tích lịch sử/bảo tàng,culture
LD_0036,Đỉnh Bidoup,Lâm Đồng,Thiên nhiên,Rừng núi/thác hồ/sinh thái,mountain
LD_0028,Đỉnh Pinhatt,Lâm Đồng,Thiên nhiên,Rừng núi/thác hồ/sinh thái,mountain
LD_0020,Đồi Mộng Mơ,Lâm Đồng,Thiên nhiên,Rừng núi/thác hồ/sinh thái,mountain
LD_0027,Đồi Thiên Phúc Đức,Lâm Đồng,Thiên nhiên,Rừng núi/thác hồ/sinh thái,mountain
LD_0024,Đồi chè Cầu Đất,Lâm Đồng,Thiên nhiên,Rừng núi/thác hồ/sinh thái,mountain
LD_0095,Đồi chè Cầu Đất săn mây,Lâm Đồng,Thiên nhiên,Rừng núi/thác hồ/sinh thái,mountain
LD_0070,Đồi chè Di Linh,Lâm Đồng,Thiên nhiên,Rừng núi/thác hồ/sinh thái,mountain
LD_0076,Đồi chè Tâm Châu,Lâm Đồng,Thiên nhiên,Rừng núi/thác hồ/sinh thái,mountain
LD_0092,Đồi thông Hai Mộ,Lâm Đồng,Thiên nhiên,Rừng núi/thác hồ/sinh thái,mountain
LD_0026,Đồi Đa Phú,Lâm Đồng,Thiên nhiên,Rừng núi/thác hồ/sinh thái,religious
LD_0088,Chợ Bảo Lộc,Lâm Đồng,Ẩm thực,Chợ/đặc sản,food
LD_0032,Cây thông cô đơn,Lâm Đồng,Di tích,Điểm tham quan văn hóa,heritage
LD_0046,Dalat Fairytale Land,Lâm Đồng,Di tích,Điểm tham quan văn hóa,heritage
LD_0066,Mê Linh Coffee Garden,Lâm Đồng,Di tích,Điểm tham quan văn hóa,heritage
LD_0094,Samten Hills Dalat,Lâm Đồng,Di tích,Điểm tham quan văn hóa,heritage
LD_0038,Thung lũng Vàng,Lâm Đồng,Di tích,Điểm tham quan văn hóa,heritage
LD_0077,Tu viện Bát Nhã,Lâm Đồng,Di tích,Điểm tham quan văn hóa,heritage
LD_0044,Vườn ánh sáng Lumiere,Lâm Đồng,Di tích,Điểm tham quan văn hóa,heritage
LS_0038,Bản Hữu Liên,Lạng Sơn,Văn hóa cộng đồng,Bản làng/chợ phiên,culture
LS_0004,Chùa Nhị Thanh,Lạng Sơn,Tâm linh,Chùa/thiền viện,religious
LS_0002,Chùa Tam Thanh,Lạng Sơn,Tâm linh,Chùa/thiền viện,religious
LS_0040,Hang Dơi Hữu Liên,Lạng Sơn,Thiên nhiên,Danh thắng/sinh thái,mountain
LS_0043,Hồ Cấm Sơn Lạng Sơn,Lạng Sơn,Thiên nhiên,Danh thắng/sinh thái,nature
LS_0018,Khu biệt thự cổ Mẫu Sơn,Lạng Sơn,Tâm linh,Đền/phủ/miếu,religious
LS_0016,Khu du lịch Mẫu Sơn,Lạng Sơn,Tâm linh,Đền/phủ/miếu,religious
LS_0037,Khu du lịch cộng đồng Hữu Liên,Lạng Sơn,Thiên nhiên,Danh thắng/sinh thái,nature
LS_0060,Làng nghề rượu Mẫu Sơn,Lạng Sơn,Tâm linh,Đền/phủ/miếu,religious
LS_0006,Thành nhà Mạc Lạng Sơn,Lạng Sơn,Văn hóa,Di tích lịch sử/bảo tàng,culture
LS_0036,Thảo nguyên Đồng Lâm,Lạng Sơn,Thiên nhiên,Danh thắng/sinh thái,nature
LS_0059,Đền Mẫu Sơn,Lạng Sơn,Tâm linh,Đền/phủ/miếu,religious
LS_0017,Đỉnh Mẫu Sơn,Lạng Sơn,Tâm linh,Đền/phủ/miếu,religious
LS_0003,Động Nhị Thanh,Lạng Sơn,Thiên nhiên,Danh thắng/sinh thái,nature
LS_0001,Động Tam Thanh,Lạng Sơn,Thiên nhiên,Danh thắng/sinh thái,religious
LS_0030,Ải Chi Lăng,Lạng Sơn,Văn hóa,Di tích lịch sử/bảo tàng,culture
LS_0049,Bản Khuổi Cấp,Lạng Sơn,Văn hóa cộng đồng,Bản làng/chợ phiên,culture
LS_0050,Bản Khuổi Khỉn,Lạng Sơn,Văn hóa cộng đồng,Bản làng/chợ phiên,culture
LS_0025,Bảo tàng khởi nghĩa Bắc Sơn,Lạng Sơn,Văn hóa,Di tích lịch sử/bảo tàng,culture
LS_0073,Bảo tàng tỉnh Lạng Sơn,Lạng Sơn,Văn hóa,Di tích lịch sử/bảo tàng,culture
LS_0014,Chợ cửa khẩu Tân Thanh,Lạng Sơn,Văn hóa cộng đồng,Bản làng/chợ phiên,culture
LS_0063,Chợ phiên Na Sầm,Lạng Sơn,Văn hóa cộng đồng,Bản làng/chợ phiên,culture
LS_0070,Chợ phiên Văn Quan,Lạng Sơn,Văn hóa cộng đồng,Bản làng/chợ phiên,culture
LS_0034,Hang Gió Chi Lăng,Lạng Sơn,Thiên nhiên,Danh thắng/sinh thái,mountain
LS_0056,Hang Pác Mỏ,Lạng Sơn,Thiên nhiên,Danh thắng/sinh thái,mountain
LS_0029,Hang Thẩm Hai,Lạng Sơn,Thiên nhiên,Danh thắng/sinh thái,mountain
LS_0028,Hang Thẩm Khuyên,Lạng Sơn,Thiên nhiên,Danh thắng/sinh thái,mountain
LS_0039,Hồ Nong Dùng,Lạng Sơn,Thiên nhiên,Danh thắng/sinh thái,nature
LS_0044,Hồ Nà Tâm,Lạng Sơn,Thiên nhiên,Danh thắng/sinh thái,nature
LS_0031,Khu di tích Chi Lăng,Lạng Sơn,Văn hóa,Di tích lịch sử/bảo tàng,culture
LS_0046,Khu du lịch sinh thái Suối Mỏ Mắm,Lạng Sơn,Thiên nhiên,Danh thắng/sinh thái,mountain
LS_0042,Làng du lịch cộng đồng Yên Thịnh,Lạng Sơn,Văn hóa cộng đồng,Bản làng/chợ phiên,culture
LS_0071,Làng hồi Văn Quan,Lạng Sơn,Văn hóa cộng đồng,Bản làng/chợ phiên,culture
LS_0062,Làng nghề khâu nhục Lạng Sơn,Lạng Sơn,Văn hóa cộng đồng,Bản làng/chợ phiên,culture
LS_0061,Làng nghề vịt quay Lạng Sơn,Lạng Sơn,Văn hóa cộng đồng,Bản làng/chợ phiên,culture
LS_0024,Làng văn hóa Quỳnh Sơn,Lạng Sơn,Văn hóa cộng đồng,Bản làng/chợ phiên,culture
LS_0032,Núi Mặt Quỷ Chi Lăng,Lạng Sơn,Thiên nhiên,Danh thắng/sinh thái,mountain
LS_0023,Núi Nà Lay,Lạng Sơn,Thiên nhiên,Danh thắng/sinh thái,mountain
LS_0019,Núi Phặt Chỉ,Lạng Sơn,Thiên nhiên,Danh thắng/sinh thái,mountain
LS_0005,Núi Tô Thị,Lạng Sơn,Thiên nhiên,Danh thắng/sinh thái,mountain
LS_0020,Suối Long Đầu,Lạng Sơn,Thiên nhiên,Danh thắng/sinh thái,mountain
LS_0057,Suối Mỏ Mắm,Lạng Sơn,Thiên nhiên,Danh thắng/sinh thái,mountain
LS_0022,Thung lũng Bắc Sơn,Lạng Sơn,Văn hóa cộng đồng,Bản làng/chợ phiên,culture
LS_0041,Thác Khe Dầu,Lạng Sơn,Thiên nhiên,Danh thắng/sinh thái,mountain
LS_0021,Thác Đăng Mò,Lạng Sơn,Thiên nhiên,Danh thắng/sinh thái,mountain
LS_0069,Đèo Bông Lau,Lạng Sơn,Thiên nhiên,Danh thắng/sinh thái,mountain
LS_0058,Đập Bản Quyền,Lạng Sơn,Văn hóa cộng đồng,Bản làng/chợ phiên,culture
LS_0035,Đền Bắc Lệ,Lạng Sơn,Tâm linh,Đền/phủ/miếu,religious
LS_0045,Đền Chầu Lục,Lạng Sơn,Tâm linh,Đền/phủ/miếu,religious
LS_0047,Đền Chầu Mười Đồng Mỏ,Lạng Sơn,Tâm linh,Đền/phủ/miếu,religious
LS_0072,Đền Khánh Sơn,Lạng Sơn,Tâm linh,Đền/phủ/miếu,religious
LS_0009,Đền Kỳ Cùng,Lạng Sơn,Tâm linh,Đền/phủ/miếu,religious
LS_0011,Đền Mẫu Đồng Đăng,Lạng Sơn,Tâm linh,Đền/phủ/miếu,religious
LS_0033,Đền Quan Nàng Chi Lăng,Lạng Sơn,Tâm linh,Đền/phủ/miếu,religious
LS_0010,Đền Tả Phủ,Lạng Sơn,Tâm linh,Đền/phủ/miếu,religious
LS_0065,Chợ Cốc Nam,Lạng Sơn,Ẩm thực,Chợ/đặc sản,food
LS_0008,Chợ Kỳ Lừa,Lạng Sơn,Ẩm thực,Chợ/đặc sản,food
LS_0051,Chợ Lộc Bình,Lạng Sơn,Ẩm thực,Chợ/đặc sản,food
LS_0067,Chợ Thất Khê,Lạng Sơn,Ẩm thực,Chợ/đặc sản,food
LS_0055,Chợ phiên Bình Liêu - Đình Lập,Lạng Sơn,Di tích,Đình làng,heritage
LS_0052,Chợ Đình Lập,Lạng Sơn,Di tích,Đình làng,heritage
LS_0007,Chợ Đông Kinh,Lạng Sơn,Ẩm thực,Chợ/đặc sản,food
LS_0074,Công viên bờ sông Kỳ Cùng,Lạng Sơn,Giải trí,Công viên/khu vui chơi,checkin
LS_0064,Cửa khẩu Cốc Nam,Lạng Sơn,Di tích,Điểm tham quan văn hóa,heritage
LS_0013,Cửa khẩu Hữu Nghị,Lạng Sơn,Di tích,Điểm tham quan văn hóa,heritage
LS_0015,Cửa khẩu Tân Thanh,Lạng Sơn,Di tích,Điểm tham quan văn hóa,heritage
LS_0048,Ga Đồng Mỏ,Lạng Sơn,Di tích,Điểm tham quan văn hóa,heritage
LS_0012,Ga Đồng Đăng,Lạng Sơn,Di tích,Điểm tham quan văn hóa,heritage
LS_0076,Phố đi bộ Kỳ Lừa,Lạng Sơn,Di tích,Điểm tham quan văn hóa,heritage
LS_0075,Quảng trường Hùng Vương Lạng Sơn,Lạng Sơn,Giải trí,Công viên/khu vui chơi,checkin
LS_0054,Rừng hồi Đình Lập,Lạng Sơn,Di tích,Đình làng,heritage
LS_0068,Sông Kỳ Cùng Tràng Định,Lạng Sơn,Di tích,Điểm tham quan văn hóa,heritage
LS_0053,Thác Khe Dầu Đình Lập,Lạng Sơn,Di tích,Đình làng,heritage
LS_0066,Thất Khê,Lạng Sơn,Di tích,Điểm tham quan văn hóa,heritage
LS_0026,Đình Nông Lục,Lạng Sơn,Di tích,Đình làng,heritage
LS_0027,Đồn Mỏ Nhài,Lạng Sơn,Di tích,Điểm tham quan văn hóa,heritage
NDI_0112,Bến thuyền Xuân Thủy,Nam Định,Di tích,Điểm tham quan văn hóa,heritage
NDI_0034,Chùa Cổ Lễ,Nam Định,Tâm linh,Chùa/tháp,religious
NDI_0004,Chùa Phổ Minh,Nam Định,Tâm linh,Chùa/tháp,religious
NDI_0025,Chợ Viềng Phủ Dầy,Nam Định,Tâm linh,Đền/phủ/miếu,religious
NDI_0046,Khu Ramsar Xuân Thủy,Nam Định,Thiên nhiên,Sinh thái/biển/hồ,nature
NDI_0019,Khu di tích Phủ Dầy,Nam Định,Tâm linh,Đền/phủ/miếu,religious
NDI_0001,Khu di tích Đền Trần Nam Định,Nam Định,Tâm linh,Đền/phủ/miếu,religious
NDI_0085,Làng nghề bún Phú Nhai,Nam Định,Làng nghề,Trải nghiệm văn hóa,culture
NDI_0027,Nhà thờ Phú Nhai,Nam Định,Tôn giáo,Nhà thờ Công giáo,religious
NDI_0005,Tháp Phổ Minh,Nam Định,Tâm linh,Chùa/tháp,religious
NDI_0113,Trạm quan sát chim Xuân Thủy,Nam Định,Di tích,Điểm tham quan văn hóa,heritage
NDI_0028,Tòa Giám mục Bùi Chu,Nam Định,Di tích,Điểm tham quan văn hóa,heritage
NDI_0045,Vườn quốc gia Xuân Thủy,Nam Định,Thiên nhiên,Sinh thái/biển/hồ,nature
NDI_0039,Biển Hải Thịnh,Nam Định,Thiên nhiên,Sinh thái/biển/hồ,beach
NDI_0050,Biển Quất Lâm,Nam Định,Thiên nhiên,Sinh thái/biển/hồ,beach
NDI_0057,Biển Rạng Đông,Nam Định,Thiên nhiên,Sinh thái/biển/hồ,beach
NDI_0038,Biển Thịnh Long,Nam Định,Thiên nhiên,Sinh thái/biển/hồ,beach
NDI_0018,Chùa Bảo Lộc,Nam Định,Tâm linh,Chùa/tháp,religious
NDI_0082,Chùa Cả Nam Định,Nam Định,Tâm linh,Chùa/tháp,religious
NDI_0088,Chùa Cồn,Nam Định,Tâm linh,Chùa/tháp,religious
NDI_0107,Chùa Cổ Ra,Nam Định,Tâm linh,Chùa/tháp,religious
NDI_0102,Chùa Diêm Điền,Nam Định,Tâm linh,Chùa/tháp,religious
NDI_0055,Chùa Hoành Nha,Nam Định,Tâm linh,Chùa/tháp,religious
NDI_0031,Chùa Keo Hành Thiện,Nam Định,Tâm linh,Chùa/tháp,religious
NDI_0036,Chùa Lương,Nam Định,Tâm linh,Chùa/tháp,religious
NDI_0094,Chùa Nghĩa Xá,Nam Định,Tâm linh,Chùa/tháp,religious
NDI_0024,Chùa Tiên Hương,Nam Định,Tâm linh,Chùa/tháp,religious
NDI_0079,Chùa Vọng Cung,Nam Định,Tâm linh,Chùa/tháp,religious
NDI_0066,Chùa Đại Bi,Nam Định,Tâm linh,Chùa/tháp,religious
NDI_0104,Chùa Đại Thắng,Nam Định,Tâm linh,Chùa/tháp,religious
NDI_0077,Chùa Đệ Tứ,Nam Định,Tâm linh,Chùa/tháp,religious
NDI_0099,Cánh đồng muối Giao Thủy,Nam Định,Thiên nhiên,Sinh thái/biển/hồ,nature
NDI_0047,Cồn Lu,Nam Định,Thiên nhiên,Sinh thái/biển/hồ,nature
NDI_0058,Cồn Mờ,Nam Định,Thiên nhiên,Sinh thái/biển/hồ,nature
NDI_0048,Cồn Ngạn,Nam Định,Thiên nhiên,Sinh thái/biển/hồ,nature
NDI_0049,Cồn Xanh,Nam Định,Thiên nhiên,Sinh thái/biển/hồ,nature
NDI_0009,Hồ Vị Xuyên,Nam Định,Thiên nhiên,Sinh thái/biển/hồ,nature
NDI_0115,Khu sinh thái Cồn Lu Cồn Ngạn,Nam Định,Thiên nhiên,Sinh thái/biển/hồ,nature
NDI_0090,Khu sinh thái biển Hải Hậu,Nam Định,Thiên nhiên,Sinh thái/biển/hồ,beach
NDI_0068,Làng hoa Vị Khê,Nam Định,Làng nghề,Trải nghiệm văn hóa,culture
NDI_0040,Làng kèn đồng Phạm Pháo,Nam Định,Làng nghề,Trải nghiệm văn hóa,culture
NDI_0064,Làng nghề chạm gỗ La Xuyên,Nam Định,Làng nghề,Trải nghiệm văn hóa,culture
NDI_0072,Làng nghề cây cảnh Điền Xá,Nam Định,Làng nghề,Trải nghiệm văn hóa,culture
NDI_0073,Làng nghề dệt Cổ Chất,Nam Định,Làng nghề,Trải nghiệm văn hóa,culture
NDI_0086,Làng nghề kẹo Sìu Châu,Nam Định,Làng nghề,Trải nghiệm văn hóa,culture
NDI_0087,Làng nghề làm bánh gai Bà Thi,Nam Định,Làng nghề,Trải nghiệm văn hóa,culture
NDI_0041,Làng nghề làm muối Hải Hậu,Nam Định,Làng nghề,Trải nghiệm văn hóa,culture
NDI_0109,Làng nghề mộc La Xuyên,Nam Định,Làng nghề,Trải nghiệm văn hóa,culture
NDI_0110,Làng nghề nón Nghĩa Châu,Nam Định,Làng nghề,Trải nghiệm văn hóa,culture
NDI_0084,Làng nghề phở Vân Cù,Nam Định,Làng nghề,Trải nghiệm văn hóa,culture
NDI_0063,Làng nghề sơn mài Cát Đằng,Nam Định,Làng nghề,Trải nghiệm văn hóa,culture
NDI_0062,Làng nghề đúc đồng Tống Xá,Nam Định,Làng nghề,Trải nghiệm văn hóa,culture
NDI_0074,Làng nghề ươm tơ Cổ Chất,Nam Định,Làng nghề,Trải nghiệm văn hóa,culture
NDI_0042,Nhà thờ Giáo xứ Phạm Pháo,Nam Định,Tôn giáo,Nhà thờ Công giáo,religious
NDI_0043,Nhà thờ Hưng Nghĩa,Nam Định,Tôn giáo,Nhà thờ Công giáo,religious
NDI_0008,Nhà thờ Khoái Đồng,Nam Định,Tôn giáo,Nhà thờ Công giáo,religious
NDI_0092,Nhà thờ Kiên Lao,Nam Định,Tôn giáo,Nhà thờ Công giáo,religious
NDI_0061,Nhà thờ Nghĩa Hải,Nam Định,Tôn giáo,Nhà thờ Công giáo,religious
NDI_0097,Nhà thờ Ninh Cường,Nam Định,Tôn giáo,Nhà thờ Công giáo,religious
NDI_0056,Nhà thờ Quất Lâm,Nam Định,Tôn giáo,Nhà thờ Công giáo,religious
NDI_0044,Nhà thờ Quần Phương,Nam Định,Tôn giáo,Nhà thờ Công giáo,religious
NDI_0111,Nhà thờ Rạng Đông,Nam Định,Tôn giáo,Nhà thờ Công giáo,religious
NDI_0101,Nhà thờ Sa Châu,Nam Định,Tôn giáo,Nhà thờ Công giáo,religious
NDI_0029,Nhà thờ Trung Lao,Nam Định,Tôn giáo,Nhà thờ Công giáo,religious
NDI_0076,Nhà thờ Trung Linh,Nam Định,Tôn giáo,Nhà thờ Công giáo,religious
NDI_0030,Nhà thờ Xuân Dục,Nam Định,Tôn giáo,Nhà thờ Công giáo,religious
NDI_0091,Nhà thờ Xương Điền,Nam Định,Tôn giáo,Nhà thờ Công giáo,religious
NDI_0037,Nhà thờ đổ Hải Lý,Nam Định,Tôn giáo,Nhà thờ Công giáo,religious
NDI_0020,Phủ Tiên Hương,Nam Định,Tâm linh,Đền/phủ/miếu,religious
NDI_0021,Phủ Vân Cát,Nam Định,Tâm linh,Đền/phủ/miếu,religious
NDI_0114,Đê biển Giao Thủy,Nam Định,Thiên nhiên,Sinh thái/biển/hồ,beach
NDI_0075,Đền Am,Nam Định,Tâm linh,Đền/phủ/miếu,religious
NDI_0017,Đền Bảo Lộc,Nam Định,Tâm linh,Đền/phủ/miếu,religious
NDI_0003,Đền Cố Trạch,Nam Định,Tâm linh,Đền/phủ/miếu,religious
NDI_0108,Đền Cổ Ra,Nam Định,Tâm linh,Đền/phủ/miếu,religious
NDI_0067,Đền Gin,Nam Định,Tâm linh,Đền/phủ/miếu,religious
NDI_0023,Đền Khải Thánh,Nam Định,Tâm linh,Đền/phủ/miếu,religious
NDI_0089,Đền Liệt sĩ Hải Hậu,Nam Định,Tâm linh,Đền/phủ/miếu,religious
NDI_0083,Đền Liệt sĩ Nam Định,Nam Định,Tâm linh,Đền/phủ/miếu,religious
NDI_0096,Đền Ninh Cường,Nam Định,Tâm linh,Đền/phủ/miếu,religious
NDI_0002,Đền Thiên Trường,Nam Định,Tâm linh,Đền/phủ/miếu,religious
NDI_0093,Đền Thánh Kiên Lao,Nam Định,Tâm linh,Đền/phủ/miếu,religious
NDI_0070,Đền Vua Đinh Nam Trực,Nam Định,Tâm linh,Đền/phủ/miếu,religious
NDI_0080,Đền Vọng Cung,Nam Định,Tâm linh,Đền/phủ/miếu,religious
NDI_0105,Đền thờ Lê Đức Thọ,Nam Định,Tâm linh,Đền/phủ/miếu,religious
NDI_0071,Đền thờ Trạng nguyên Nguyễn Hiền,Nam Định,Tâm linh,Đền/phủ/miếu,religious
NDI_0103,Đền thờ Trần Quốc Tuấn Mỹ Lộc,Nam Định,Tâm linh,Đền/phủ/miếu,religious
NDI_0054,Đền thờ Đức Thánh Trần Giao Thủy,Nam Định,Tâm linh,Đền/phủ/miếu,religious
NDI_0078,Đền Đệ Tứ,Nam Định,Tâm linh,Đền/phủ/miếu,religious
NDI_0010,Công viên Vị Xuyên,Nam Định,Giải trí,Công viên/khu vui chơi,checkin
NDI_0011,Quảng trường Hòa Bình Nam Định,Nam Định,Giải trí,Công viên/khu vui chơi,checkin
NDI_0015,Vincom Plaza Nam Định,Nam Định,Giải trí,Công viên/khu vui chơi,checkin
NDI_0006,Bảo tàng Nam Định,Nam Định,Văn hóa,Bảo tàng/khu lưu niệm,culture
NDI_0053,Bến cá Quất Lâm,Nam Định,Di tích,Điểm tham quan văn hóa,heritage
NDI_0012,Chợ Rồng Nam Định,Nam Định,Ẩm thực,Chợ/đặc sản,food
NDI_0069,Chợ Viềng Nam Trực,Nam Định,Ẩm thực,Chợ/đặc sản,food
NDI_0035,Cầu ngói Chợ Lương,Nam Định,Ẩm thực,Chợ/đặc sản,food
NDI_0065,Cầu ngói chợ Thượng,Nam Định,Ẩm thực,Chợ/đặc sản,food
NDI_0007,Cột cờ Nam Định,Nam Định,Di tích,Điểm tham quan văn hóa,heritage
NDI_0051,Cửa Ba Lạt,Nam Định,Di tích,Điểm tham quan văn hóa,heritage
NDI_0026,Khu lưu niệm Tổng Bí thư Trường Chinh,Nam Định,Văn hóa,Bảo tàng/khu lưu niệm,culture
NDI_0098,Khu sinh thái Giao Phong,Nam Định,Di tích,Điểm tham quan văn hóa,heritage
NDI_0059,Khu sinh thái Nam Điền,Nam Định,Di tích,Điểm tham quan văn hóa,heritage
NDI_0100,Khu trải nghiệm nuôi ngao Giao Thủy,Nam Định,Di tích,Điểm tham quan văn hóa,heritage
NDI_0032,Làng Hành Thiện,Nam Định,Thiên nhiên,Biển đảo/rừng núi/sinh thái,beach
NDI_0022,Lăng Mẫu Liễu Hạnh,Nam Định,Di tích,Điểm tham quan văn hóa,heritage
NDI_0033,Nhà lưu niệm Cố Tổng Bí thư Lê Đức Thọ,Nam Định,Di tích,Điểm tham quan văn hóa,heritage
NDI_0016,Nhà lưu niệm Trần Tế Xương,Nam Định,Di tích,Điểm tham quan văn hóa,heritage
NDI_0013,Phố cổ Nam Định,Nam Định,Di tích,Điểm tham quan văn hóa,heritage
NDI_0014,Phố ẩm thực đêm Nam Định,Nam Định,Ẩm thực,Chợ/đặc sản,food
NDI_0052,Rừng ngập mặn Giao Thủy,Nam Định,Di tích,Điểm tham quan văn hóa,heritage
NDI_0060,Vùng muối Nghĩa Hưng,Nam Định,Di tích,Điểm tham quan văn hóa,heritage
NDI_0106,Đình Hành Thiện,Nam Định,Di tích,Đình làng,heritage
NDI_0095,Đình La Ngạn,Nam Định,Di tích,Đình làng,heritage
NDI_0081,Đình Vị Hoàng,Nam Định,Di tích,Đình làng,heritage
NA_0103,Biển Cửa Hiền - Cửa Lò mở rộng,Nghệ An,Thiên nhiên,Biển/rừng/danh thắng/sinh thái,beach
NA_0001,Bãi biển Cửa Lò,Nghệ An,Thiên nhiên,Biển/rừng/danh thắng/sinh thái,beach
NA_0091,Chợ Cửa Lò,Nghệ An,Thiên nhiên,Biển/rừng/danh thắng/sinh thái,beach
NA_0006,Chợ hải sản Cửa Lò,Nghệ An,Thiên nhiên,Biển/rừng/danh thắng/sinh thái,beach
NA_0063,Khu di tích Truông Bồn,Nghệ An,Văn hóa,Di tích lịch sử/bảo tàng,culture
NA_0015,Khu di tích quốc gia đặc biệt Kim Liên,Nghệ An,Văn hóa,Di tích lịch sử/bảo tàng,culture
NA_0016,Làng Sen quê Bác,Nghệ An,Văn hóa cộng đồng,Bản làng/chợ phiên,culture
NA_0018,Nhà tranh Bác Hồ tại Kim Liên,Nghệ An,Văn hóa,Di tích lịch sử/bảo tàng,culture
NA_0007,Phố đi bộ Cửa Lò,Nghệ An,Thiên nhiên,Biển/rừng/danh thắng/sinh thái,beach
NA_0002,Quảng trường Bình Minh Cửa Lò,Nghệ An,Thiên nhiên,Biển/rừng/danh thắng/sinh thái,beach
NA_0035,Thác Khe Kèm,Nghệ An,Thiên nhiên,Biển/rừng/danh thắng/sinh thái,beach
NA_0062,Truông Bồn,Nghệ An,Văn hóa,Di tích lịch sử/bảo tàng,culture
NA_0034,Vườn quốc gia Pù Mát,Nghệ An,Thiên nhiên,Biển/rừng/danh thắng/sinh thái,beach
NA_0058,Đền Cuông,Nghệ An,Tâm linh,Đền/phủ/miếu,religious
NA_0064,Đền Ông Hoàng Mười,Nghệ An,Tâm linh,Đền/phủ/miếu,religious
NA_0009,Biển Cửa Hiền,Nghệ An,Thiên nhiên,Biển/rừng/danh thắng/sinh thái,beach
NA_0011,Biển Diễn Thành,Nghệ An,Thiên nhiên,Biển/rừng/danh thắng/sinh thái,beach
NA_0012,Biển Quỳnh,Nghệ An,Thiên nhiên,Biển/rừng/danh thắng/sinh thái,beach
NA_0102,Bãi Lữ Beach,Nghệ An,Thiên nhiên,Biển/rừng/danh thắng/sinh thái,beach
NA_0010,Bãi Lữ Resort,Nghệ An,Thiên nhiên,Biển/rừng/danh thắng/sinh thái,beach
NA_0013,Bãi biển Quỳnh Phương,Nghệ An,Thiên nhiên,Biển/rừng/danh thắng/sinh thái,beach
NA_0043,Bản Cò Phạt,Nghệ An,Văn hóa cộng đồng,Bản làng/chợ phiên,culture
NA_0055,Bản Hoa Tiến,Nghệ An,Văn hóa cộng đồng,Bản làng/chợ phiên,culture
NA_0051,Bản Huồi Lụi,Nghệ An,Văn hóa cộng đồng,Bản làng/chợ phiên,culture
NA_0038,Bản Khe Rạn,Nghệ An,Văn hóa cộng đồng,Bản làng/chợ phiên,culture
NA_0046,Bản Mường Lống,Nghệ An,Văn hóa cộng đồng,Bản làng/chợ phiên,culture
NA_0037,Bản Nưa Con Cuông,Nghệ An,Văn hóa cộng đồng,Bản làng/chợ phiên,culture
NA_0039,Bản Xiềng,Nghệ An,Văn hóa cộng đồng,Bản làng/chợ phiên,culture
NA_0095,Bản du lịch cộng đồng Khe Rạn,Nghệ An,Văn hóa cộng đồng,Bản làng/chợ phiên,culture
NA_0094,Bản du lịch cộng đồng Nưa,Nghệ An,Văn hóa cộng đồng,Bản làng/chợ phiên,culture
NA_0024,Bảo tàng Xô Viết Nghệ Tĩnh,Nghệ An,Văn hóa,Di tích lịch sử/bảo tàng,culture
NA_0032,Chùa Cần Linh,Nghệ An,Tâm linh,Chùa/thiền viện,religious
NA_0005,Chùa Song Ngư,Nghệ An,Tâm linh,Chùa/thiền viện,religious
NA_0069,Chùa Đại Tuệ,Nghệ An,Tâm linh,Chùa/thiền viện,religious
NA_0047,Chợ Mường Xén,Nghệ An,Văn hóa cộng đồng,Bản làng/chợ phiên,culture
NA_0044,Cổng trời Mường Lống,Nghệ An,Văn hóa cộng đồng,Bản làng/chợ phiên,culture
NA_0053,Hang Bua,Nghệ An,Thiên nhiên,Biển/rừng/danh thắng/sinh thái,beach
NA_0098,Hang Thẳm Ồm,Nghệ An,Thiên nhiên,Biển/rừng/danh thắng/sinh thái,beach
NA_0099,Khe Bố,Nghệ An,Thiên nhiên,Biển/rừng/danh thắng/sinh thái,beach
NA_0042,Khe Nước Mọc,Nghệ An,Thiên nhiên,Biển/rừng/danh thắng/sinh thái,beach
NA_0021,Khu di tích Vua Mai Hắc Đế,Nghệ An,Văn hóa,Di tích lịch sử/bảo tàng,culture
NA_0019,Khu mộ bà Hoàng Thị Loan,Nghệ An,Tâm linh,Đền/phủ/miếu,religious
NA_0073,Khu sinh thái Mường Thanh Safari Land,Nghệ An,Văn hóa cộng đồng,Bản làng/chợ phiên,culture
NA_0017,Làng Hoàng Trù,Nghệ An,Văn hóa cộng đồng,Bản làng/chợ phiên,culture
NA_0056,Làng nghề dệt thổ cẩm Hoa Tiến,Nghệ An,Văn hóa cộng đồng,Bản làng/chợ phiên,culture
NA_0089,Làng nghề mây tre đan Nghi Lộc,Nghệ An,Văn hóa cộng đồng,Bản làng/chợ phiên,culture
NA_0087,Làng nghề nước mắm Cửa Hội,Nghệ An,Văn hóa cộng đồng,Bản làng/chợ phiên,culture
NA_0090,Làng nghề nước mắm Quỳnh Dị,Nghệ An,Văn hóa cộng đồng,Bản làng/chợ phiên,culture
NA_0088,Làng nghề nồi đất Trù Sơn,Nghệ An,Văn hóa cộng đồng,Bản làng/chợ phiên,culture
NA_0086,Làng nghề tương Nam Đàn,Nghệ An,Văn hóa cộng đồng,Bản làng/chợ phiên,culture
NA_0100,Lòng hồ thủy điện Bản Vẽ,Nghệ An,Tâm linh,Đền/phủ/miếu,religious
NA_0105,Nhà thờ họ Nguyễn Trường Tộ,Nghệ An,Văn hóa,Di tích lịch sử/bảo tàng,culture
NA_0023,Núi Chung,Nghệ An,Thiên nhiên,Biển/rừng/danh thắng/sinh thái,beach
NA_0072,Núi Dũng Quyết,Nghệ An,Thiên nhiên,Biển/rừng/danh thắng/sinh thái,beach
NA_0059,Núi Mộ Dạ,Nghệ An,Thiên nhiên,Biển/rừng/danh thắng/sinh thái,beach
NA_0083,Núi Quyết,Nghệ An,Thiên nhiên,Biển/rừng/danh thắng/sinh thái,beach
NA_0070,Núi Đại Huệ,Nghệ An,Thiên nhiên,Biển/rừng/danh thắng/sinh thái,beach
NA_0025,Quảng trường Hồ Chí Minh,Nghệ An,Thiên nhiên,Biển/rừng/danh thắng/sinh thái,beach
NA_0050,Thác 7 tầng Quế Phong,Nghệ An,Thiên nhiên,Biển/rừng/danh thắng/sinh thái,beach
NA_0049,Thác Sao Va,Nghệ An,Thiên nhiên,Biển/rừng/danh thắng/sinh thái,beach
NA_0077,Thác Vình,Nghệ An,Thiên nhiên,Biển/rừng/danh thắng/sinh thái,beach
NA_0026,Tượng đài Bác Hồ tại Vinh,Nghệ An,Thiên nhiên,Biển/rừng/danh thắng/sinh thái,beach
NA_0004,Đảo Hòn Ngư,Nghệ An,Thiên nhiên,Biển/rừng/danh thắng/sinh thái,beach
NA_0003,Đảo Lan Châu,Nghệ An,Thiên nhiên,Biển/rừng/danh thắng/sinh thái,beach
NA_0014,Đảo Mắt,Nghệ An,Thiên nhiên,Biển/rừng/danh thắng/sinh thái,beach
NA_0074,Đảo chè Thanh Chương,Nghệ An,Thiên nhiên,Biển/rừng/danh thắng/sinh thái,beach
NA_0101,Đập thủy điện Bản Vẽ,Nghệ An,Tâm linh,Đền/phủ/miếu,religious
NA_0076,Đền Bạch Mã,Nghệ An,Tâm linh,Đền/phủ/miếu,religious
NA_0020,Đền Chung Sơn,Nghệ An,Tâm linh,Đền/phủ/miếu,religious
NA_0060,Đền Cờn,Nghệ An,Tâm linh,Đền/phủ/miếu,religious
NA_0065,Đền Hoàng Mười,Nghệ An,Tâm linh,Đền/phủ/miếu,religious
NA_0033,Đền Hồng Sơn,Nghệ An,Tâm linh,Đền/phủ/miếu,religious
NA_0066,Đền Nguyễn Xí,Nghệ An,Tâm linh,Đền/phủ/miếu,religious
NA_0061,Đền Quả Sơn,Nghệ An,Tâm linh,Đền/phủ/miếu,religious
NA_0106,Đền Rậm,Nghệ An,Tâm linh,Đền/phủ/miếu,religious
NA_0081,Đền Vạn Cửa Rào,Nghệ An,Tâm linh,Đền/phủ/miếu,religious
NA_0071,Đền thờ Hoàng Đế Quang Trung,Nghệ An,Tâm linh,Đền/phủ/miếu,religious
NA_0022,Đền thờ Mai Hắc Đế,Nghệ An,Tâm linh,Đền/phủ/miếu,religious
NA_0104,Đền thờ Nguyễn Du ở Nghệ An,Nghệ An,Tâm linh,Đền/phủ/miếu,religious
NA_0067,Đền thờ Phan Bội Châu,Nghệ An,Tâm linh,Đền/phủ/miếu,religious
NA_0045,Đỉnh Puxailaileng,Nghệ An,Thiên nhiên,Biển/rừng/danh thắng/sinh thái,beach
NA_0093,Chợ Con Cuông,Nghệ An,Ẩm thực,Chợ/đặc sản,food
NA_0084,Chợ Ga Vinh,Nghệ An,Ẩm thực,Chợ/đặc sản,food
NA_0052,Chợ Quế Phong,Nghệ An,Ẩm thực,Chợ/đặc sản,food
NA_0057,Chợ Quỳ Châu,Nghệ An,Ẩm thực,Chợ/đặc sản,food
NA_0029,Chợ Vinh,Nghệ An,Ẩm thực,Chợ/đặc sản,food
NA_0092,Chợ Đô Lương,Nghệ An,Ẩm thực,Chợ/đặc sản,food
NA_0078,Cánh đồng hoa hướng dương Nghĩa Đàn,Nghệ An,Di tích,Điểm tham quan văn hóa,heritage
NA_0028,Công viên Nguyễn Tất Thành,Nghệ An,Giải trí,Công viên/khu vui chơi,checkin
NA_0048,Cửa khẩu Nậm Cắn,Nghệ An,Di tích,Điểm tham quan văn hóa,heritage
NA_0082,Cửa khẩu Thanh Thủy Nghệ An,Nghệ An,Di tích,Điểm tham quan văn hóa,heritage
NA_0085,Ga Vinh,Nghệ An,Thiên nhiên,Biển đảo/rừng núi/sinh thái,beach
NA_0096,Khu bảo tồn thiên nhiên Pù Hoạt,Nghệ An,Di tích,Điểm tham quan văn hóa,heritage
NA_0097,Khu bảo tồn thiên nhiên Pù Huống,Nghệ An,Di tích,Điểm tham quan văn hóa,heritage
NA_0008,Khu du lịch Cửa Hội,Nghệ An,Thiên nhiên,Biển đảo/rừng núi/sinh thái,beach
NA_0068,Nhà lưu niệm Phan Bội Châu,Nghệ An,Di tích,Điểm tham quan văn hóa,heritage
NA_0031,Nhà thờ Cầu Rầm,Nghệ An,Di tích,Điểm tham quan văn hóa,heritage
NA_0036,Rừng săng lẻ Tam Đình,Nghệ An,Di tích,Đình làng,heritage
NA_0040,Sông Giăng,Nghệ An,Di tích,Điểm tham quan văn hóa,heritage
NA_0027,Thành cổ Vinh,Nghệ An,Thiên nhiên,Biển đảo/rừng núi/sinh thái,beach
NA_0054,Thẩm Ồm,Nghệ An,Di tích,Điểm tham quan văn hóa,heritage
NA_0079,Trang trại bò sữa TH True Milk,Nghệ An,Di tích,Điểm tham quan văn hóa,heritage
NA_0030,Vincom Plaza Vinh,Nghệ An,Thiên nhiên,Biển đảo/rừng núi/sinh thái,beach
NA_0041,Đập Phà Lài,Nghệ An,Di tích,Điểm tham quan văn hóa,heritage
NA_0075,Đồi chè Thanh Chương,Nghệ An,Làng nghề,Trải nghiệm văn hóa,culture
NA_0080,Đồi hoa Tam Giác Mạch Nghĩa Đàn,Nghệ An,Di tích,Điểm tham quan văn hóa,heritage
NB_0023,Bản Mường Cúc Phương,Ninh Bình,Thiên nhiên,Danh thắng/sinh thái,nature
NB_0030,Bảo tháp Bái Đính,Ninh Bình,Tâm linh,Chùa/thiền viện,religious
NB_0004,Bến thuyền Tam Cốc,Ninh Bình,Thiên nhiên,Danh thắng/sinh thái,nature
NB_0025,Bến thuyền Vân Long,Ninh Bình,Thiên nhiên,Danh thắng/sinh thái,nature
NB_0028,Chùa Bái Đính cổ,Ninh Bình,Tâm linh,Chùa/thiền viện,religious
NB_0029,Chùa Bái Đính mới,Ninh Bình,Tâm linh,Chùa/thiền viện,religious
NB_0008,Cố đô Hoa Lư,Ninh Bình,Di tích,Điểm tham quan văn hóa,heritage
NB_0070,Hang Ba Tam Cốc,Ninh Bình,Thiên nhiên,Danh thắng/sinh thái,mountain
NB_0068,Hang Cả Tam Cốc,Ninh Bình,Thiên nhiên,Danh thắng/sinh thái,mountain
NB_0069,Hang Hai Tam Cốc,Ninh Bình,Thiên nhiên,Danh thắng/sinh thái,mountain
NB_0006,Hang Múa,Ninh Bình,Thiên nhiên,Danh thắng/sinh thái,mountain
NB_0064,Hang Sáng Tràng An,Ninh Bình,Thiên nhiên,Danh thắng/sinh thái,mountain
NB_0063,Hang Tối Tràng An,Ninh Bình,Thiên nhiên,Danh thắng/sinh thái,mountain
NB_0024,Khu bảo tồn thiên nhiên Vân Long,Ninh Bình,Thiên nhiên,Danh thắng/sinh thái,nature
NB_0014,Khu du lịch Thung Nham,Ninh Bình,Di tích,Điểm tham quan văn hóa,heritage
NB_0002,Khu du lịch sinh thái Tràng An,Ninh Bình,Thiên nhiên,Danh thắng/sinh thái,nature
NB_0027,Khu du lịch tâm linh Bái Đính,Ninh Bình,Tâm linh,Chùa/thiền viện,religious
NB_0036,Nhà thờ Trái Tim Phát Diệm,Ninh Bình,Tôn giáo,Nhà thờ Công giáo,religious
NB_0035,Nhà thờ đá Phát Diệm,Ninh Bình,Tôn giáo,Nhà thờ Công giáo,religious
NB_0051,Phố cổ Hoa Lư,Ninh Bình,Di tích,Điểm tham quan văn hóa,heritage
NB_0001,Quần thể danh thắng Tràng An,Ninh Bình,Thiên nhiên,Danh thắng/sinh thái,nature
NB_0003,Tam Cốc - Bích Động,Ninh Bình,Tâm linh,Chùa/thiền viện,religious
NB_0020,Trung tâm cứu hộ linh trưởng Cúc Phương,Ninh Bình,Thiên nhiên,Danh thắng/sinh thái,nature
NB_0015,Vườn chim Thung Nham,Ninh Bình,Di tích,Điểm tham quan văn hóa,heritage
NB_0019,Vườn quốc gia Cúc Phương,Ninh Bình,Thiên nhiên,Danh thắng/sinh thái,nature
NB_0026,Đầm Vân Long,Ninh Bình,Thiên nhiên,Danh thắng/sinh thái,nature
NB_0072,Đền Trần Tràng An,Ninh Bình,Tâm linh,Đền/phủ/miếu,religious
NB_0013,Chùa Am Tiên,Ninh Bình,Tâm linh,Chùa/thiền viện,religious
NB_0060,Chùa Bàn Long,Ninh Bình,Tâm linh,Chùa/thiền viện,religious
NB_0005,Chùa Bích Động,Ninh Bình,Tâm linh,Chùa/thiền viện,religious
NB_0071,Chùa Duyên Ninh,Ninh Bình,Tâm linh,Chùa/thiền viện,religious
NB_0011,Chùa Nhất Trụ,Ninh Bình,Tâm linh,Chùa/thiền viện,religious
NB_0048,Chùa Non Nước Ninh Bình,Ninh Bình,Tâm linh,Chùa/thiền viện,religious
NB_0046,Chùa Địch Lộng,Ninh Bình,Tâm linh,Chùa/thiền viện,religious
NB_0022,Cây chò ngàn năm,Ninh Bình,Di tích,Điểm tham quan văn hóa,heritage
NB_0037,Cồn Nổi Kim Sơn,Ninh Bình,Thiên nhiên,Danh thắng/sinh thái,nature
NB_0018,Hang Bụt,Ninh Bình,Thiên nhiên,Danh thắng/sinh thái,mountain
NB_0076,Hang Mã Tiên,Ninh Bình,Thiên nhiên,Danh thắng/sinh thái,mountain
NB_0065,Hành cung Vũ Lâm,Ninh Bình,Di tích,Điểm tham quan văn hóa,heritage
NB_0031,Hồ Đồng Chương,Ninh Bình,Thiên nhiên,Danh thắng/sinh thái,nature
NB_0041,Hồ Đồng Thái,Ninh Bình,Thiên nhiên,Danh thắng/sinh thái,nature
NB_0074,Hồ Đồng Thái Resort,Ninh Bình,Thiên nhiên,Danh thắng/sinh thái,nature
NB_0039,Khu du lịch hồ Yên Thắng,Ninh Bình,Thiên nhiên,Danh thắng/sinh thái,nature
NB_0032,Kênh Gà - Vân Trình,Ninh Bình,Di tích,Điểm tham quan văn hóa,heritage
NB_0057,Làng nghề cói Kim Sơn,Ninh Bình,Làng nghề,Trải nghiệm văn hóa,culture
NB_0058,Làng nghề gốm Bồ Bát,Ninh Bình,Làng nghề,Trải nghiệm văn hóa,culture
NB_0059,Làng nghề mộc Phúc Lộc,Ninh Bình,Làng nghề,Trải nghiệm văn hóa,culture
NB_0055,Làng thêu Văn Lâm,Ninh Bình,Làng nghề,Trải nghiệm văn hóa,culture
NB_0056,Làng đá mỹ nghệ Ninh Vân,Ninh Bình,Di tích,Điểm tham quan văn hóa,heritage
NB_0077,Núi Kỳ Lân,Ninh Bình,Thiên nhiên,Danh thắng/sinh thái,mountain
NB_0049,Núi Non Nước,Ninh Bình,Thiên nhiên,Danh thắng/sinh thái,mountain
NB_0042,Phòng tuyến Tam Điệp - Biện Sơn,Ninh Bình,Thiên nhiên,Biển đảo/rừng núi/sinh thái,beach
NB_0073,Phủ Khống,Ninh Bình,Tâm linh,Đền/phủ/miếu,religious
NB_0033,Suối khoáng Kênh Gà,Ninh Bình,Thiên nhiên,Danh thắng/sinh thái,mountain
NB_0050,Sông Vân,Ninh Bình,Di tích,Điểm tham quan văn hóa,heritage
NB_0038,Vùng bãi bồi Kim Sơn,Ninh Bình,Di tích,Điểm tham quan văn hóa,heritage
NB_0075,Vườn dứa Tam Điệp,Ninh Bình,Di tích,Điểm tham quan văn hóa,heritage
NB_0043,Đèo Ba Dội,Ninh Bình,Di tích,Điểm tham quan văn hóa,heritage
NB_0044,Đền Dâu Tam Điệp,Ninh Bình,Tâm linh,Đền/phủ/miếu,religious
NB_0045,Đền Quán Cháo,Ninh Bình,Tâm linh,Đền/phủ/miếu,religious
NB_0066,Đền Thái Vi,Ninh Bình,Tâm linh,Đền/phủ/miếu,religious
NB_0010,Đền vua Lê Đại Hành,Ninh Bình,Tâm linh,Đền/phủ/miếu,religious
NB_0009,Đền vua Đinh Tiên Hoàng,Ninh Bình,Tâm linh,Đền/phủ/miếu,religious
NB_0007,Đỉnh Ngọa Long,Ninh Bình,Di tích,Điểm tham quan văn hóa,heritage
NB_0012,Động Am Tiên,Ninh Bình,Thiên nhiên,Danh thắng/sinh thái,nature
NB_0021,Động Người Xưa,Ninh Bình,Thiên nhiên,Danh thắng/sinh thái,nature
NB_0061,Động Thiên Hà,Ninh Bình,Thiên nhiên,Danh thắng/sinh thái,nature
NB_0067,Động Thiên Hương,Ninh Bình,Thiên nhiên,Danh thắng/sinh thái,nature
NB_0062,Động Thiên Thanh,Ninh Bình,Thiên nhiên,Danh thắng/sinh thái,nature
NB_0017,Động Tiên Cá,Ninh Bình,Thiên nhiên,Danh thắng/sinh thái,nature
NB_0016,Động Vái Giời,Ninh Bình,Thiên nhiên,Danh thắng/sinh thái,mountain
NB_0034,Động Vân Trình,Ninh Bình,Thiên nhiên,Danh thắng/sinh thái,nature
NB_0047,Động Địch Lộng,Ninh Bình,Thiên nhiên,Danh thắng/sinh thái,mountain
NB_0053,Bảo tàng Ninh Bình,Ninh Bình,Văn hóa,Bảo tàng/khu lưu niệm,culture
NB_0052,Chợ Rồng Ninh Bình,Ninh Bình,Ẩm thực,Chợ/đặc sản,food
NB_0054,Công viên khủng long Ninh Bình,Ninh Bình,Giải trí,Công viên/khu vui chơi,checkin
NB_0040,Sân golf Hoàng Gia,Ninh Bình,Giải trí,Công viên/khu vui chơi,checkin
NT_0018,Bãi Tràng Mũi Dinh,Ninh Thuận,Tâm linh,Đền/tháp/miếu/lăng,religious
NT_0010,Bãi biển Ninh Chữ,Ninh Thuận,Thiên nhiên,Biển đảo/đồi cát/rừng núi/sinh thái,beach
NT_0053,Bãi đá Trứng Vĩnh Hy,Ninh Thuận,Thiên nhiên,Biển đảo/đồi cát/rừng núi/sinh thái,beach
NT_0009,Cung đường ven biển Vĩnh Hy - Bình Tiên,Ninh Thuận,Thiên nhiên,Biển đảo/đồi cát/rừng núi/sinh thái,beach
NT_0012,Công viên biển Bình Sơn - Ninh Chữ,Ninh Thuận,Thiên nhiên,Biển đảo/đồi cát/rừng núi/sinh thái,beach
NT_0064,Cầu Ninh Chữ,Ninh Thuận,Di tích,Điểm tham quan văn hóa,heritage
NT_0002,Hang Rái,Ninh Thuận,Thiên nhiên,Biển đảo/đồi cát/rừng núi/sinh thái,beach
NT_0016,Hải đăng Mũi Dinh,Ninh Thuận,Tâm linh,Đền/tháp/miếu/lăng,religious
NT_0011,Khu du lịch biển Ninh Chữ,Ninh Thuận,Thiên nhiên,Biển đảo/đồi cát/rừng núi/sinh thái,beach
NT_0015,Mũi Dinh,Ninh Thuận,Tâm linh,Đền/tháp/miếu/lăng,religious
NT_0054,Rạn san hô Vĩnh Hy,Ninh Thuận,Thiên nhiên,Biển đảo/đồi cát/rừng núi/sinh thái,beach
NT_0023,Tháp Po Klong Garai,Ninh Thuận,Tâm linh,Đền/tháp/miếu/lăng,religious
NT_0038,Trại cừu Suối Tiên Ninh Thuận,Ninh Thuận,Văn hóa cộng đồng,Bản làng/làng nghề/chợ,culture
NT_0003,Vườn quốc gia Núi Chúa,Ninh Thuận,Thiên nhiên,Biển đảo/đồi cát/rừng núi/sinh thái,religious
NT_0055,Vịnh Ninh Chữ,Ninh Thuận,Thiên nhiên,Biển đảo/đồi cát/rừng núi/sinh thái,beach
NT_0001,Vịnh Vĩnh Hy,Ninh Thuận,Thiên nhiên,Biển đảo/đồi cát/rừng núi/sinh thái,beach
NT_0004,Đỉnh Núi Chúa,Ninh Thuận,Thiên nhiên,Biển đảo/đồi cát/rừng núi/sinh thái,religious
NT_0017,Đồi cát Mũi Dinh,Ninh Thuận,Tâm linh,Đền/tháp/miếu/lăng,religious
NT_0019,Đồi cát Nam Cương,Ninh Thuận,Thiên nhiên,Biển đảo/đồi cát/rừng núi/sinh thái,beach
NT_0013,Biển Bình Sơn,Ninh Thuận,Thiên nhiên,Biển đảo/đồi cát/rừng núi/sinh thái,beach
NT_0014,Biển Cà Ná,Ninh Thuận,Thiên nhiên,Biển đảo/đồi cát/rừng núi/sinh thái,beach
NT_0007,Bãi Bình Tiên,Ninh Thuận,Thiên nhiên,Biển đảo/đồi cát/rừng núi/sinh thái,beach
NT_0005,Bãi Chuối Ninh Thuận,Ninh Thuận,Thiên nhiên,Biển đảo/đồi cát/rừng núi/sinh thái,beach
NT_0062,Bãi Hỏm,Ninh Thuận,Thiên nhiên,Biển đảo/đồi cát/rừng núi/sinh thái,beach
NT_0008,Bãi Kinh Ninh Thuận,Ninh Thuận,Thiên nhiên,Biển đảo/đồi cát/rừng núi/sinh thái,beach
NT_0006,Bãi Thùng,Ninh Thuận,Thiên nhiên,Biển đảo/đồi cát/rừng núi/sinh thái,beach
NT_0063,Bãi Thùng mở rộng,Ninh Thuận,Thiên nhiên,Biển đảo/đồi cát/rừng núi/sinh thái,beach
NT_0058,Bãi biển Sơn Hải,Ninh Thuận,Thiên nhiên,Biển đảo/đồi cát/rừng núi/sinh thái,beach
NT_0026,Bảo tàng Ninh Thuận,Ninh Thuận,Văn hóa,Di tích lịch sử/bảo tàng,culture
NT_0031,Chùa Kim Sơn,Ninh Thuận,Tâm linh,Chùa/thiền viện,religious
NT_0030,Chùa Trùng Sơn Cổ Tự,Ninh Thuận,Tâm linh,Chùa/thiền viện,religious
NT_0029,Chợ đêm Ninh Thuận,Ninh Thuận,Văn hóa cộng đồng,Bản làng/làng nghề/chợ,culture
NT_0035,Cánh đồng muối Đầm Vua,Ninh Thuận,Thiên nhiên,Biển đảo/đồi cát/rừng núi/sinh thái,beach
NT_0065,Công viên đá Ninh Thuận,Ninh Thuận,Giải trí,Công viên/khu vui chơi/check-in,checkin
NT_0045,Hồ Sông Pha,Ninh Thuận,Thiên nhiên,Biển đảo/đồi cát/rừng núi/sinh thái,beach
NT_0040,Hồ Sông Sắt,Ninh Thuận,Thiên nhiên,Biển đảo/đồi cát/rừng núi/sinh thái,beach
NT_0044,Hồ Tân Giang,Ninh Thuận,Thiên nhiên,Biển đảo/đồi cát/rừng núi/sinh thái,beach
NT_0049,Làng Chăm Bàu Trúc,Ninh Thuận,Văn hóa cộng đồng,Bản làng/làng nghề/chợ,culture
NT_0048,Làng Chăm Mỹ Nghiệp,Ninh Thuận,Văn hóa cộng đồng,Bản làng/làng nghề/chợ,culture
NT_0020,Làng Chăm Tuấn Tú,Ninh Thuận,Văn hóa cộng đồng,Bản làng/làng nghề/chợ,culture
NT_0052,Làng chài Khánh Hội,Ninh Thuận,Văn hóa cộng đồng,Bản làng/làng nghề/chợ,culture
NT_0051,Làng chài Mỹ Tân,Ninh Thuận,Văn hóa cộng đồng,Bản làng/làng nghề/chợ,culture
NT_0022,Làng dệt Mỹ Nghiệp,Ninh Thuận,Văn hóa cộng đồng,Bản làng/làng nghề/chợ,culture
NT_0021,Làng gốm Bàu Trúc,Ninh Thuận,Văn hóa cộng đồng,Bản làng/làng nghề/chợ,culture
NT_0059,Làng muối Cà Ná,Ninh Thuận,Văn hóa cộng đồng,Bản làng/làng nghề/chợ,culture
NT_0034,Làng nho Thái An,Ninh Thuận,Văn hóa cộng đồng,Bản làng/làng nghề/chợ,culture
NT_0043,Suối Lồ Ồ,Ninh Thuận,Thiên nhiên,Biển đảo/đồi cát/rừng núi/sinh thái,beach
NT_0060,Suối khoáng nóng Tân Mỹ,Ninh Thuận,Thiên nhiên,Biển đảo/đồi cát/rừng núi/sinh thái,beach
NT_0042,Thác Chapơr,Ninh Thuận,Thiên nhiên,Biển đảo/đồi cát/rừng núi/sinh thái,beach
NT_0047,Thác Sakai,Ninh Thuận,Thiên nhiên,Biển đảo/đồi cát/rừng núi/sinh thái,beach
NT_0024,Tháp Po Rome,Ninh Thuận,Tâm linh,Đền/tháp/miếu/lăng,religious
NT_0037,Trại cừu An Hòa,Ninh Thuận,Văn hóa cộng đồng,Bản làng/làng nghề/chợ,culture
NT_0032,Vườn nho Ba Mọi,Ninh Thuận,Văn hóa cộng đồng,Bản làng/làng nghề/chợ,culture
NT_0033,Vườn nho Thái An,Ninh Thuận,Văn hóa cộng đồng,Bản làng/làng nghề/chợ,culture
NT_0046,Đèo Ngoạn Mục,Ninh Thuận,Thiên nhiên,Biển đảo/đồi cát/rừng núi/sinh thái,beach
NT_0025,Đền tháp Hòa Lai,Ninh Thuận,Tâm linh,Đền/tháp/miếu/lăng,religious
NT_0057,Đồi cát Sơn Hải,Ninh Thuận,Thiên nhiên,Biển đảo/đồi cát/rừng núi/sinh thái,beach
NT_0050,Chợ Nại Phan Rang,Ninh Thuận,Ẩm thực,Chợ/đặc sản,food
NT_0028,Chợ Phan Rang,Ninh Thuận,Ẩm thực,Chợ/đặc sản,food
NT_0036,Cánh đồng muối Cà Ná,Ninh Thuận,Di tích,Điểm tham quan văn hóa,heritage
NT_0061,Hang Yến Ninh Thuận,Ninh Thuận,Thiên nhiên,Biển đảo/rừng núi/sinh thái,beach
NT_0056,Khu du lịch Tanyoli,Ninh Thuận,Di tích,Điểm tham quan văn hóa,heritage
NT_0027,Quảng trường 16/4,Ninh Thuận,Di tích,Điểm tham quan văn hóa,heritage
NT_0041,Vườn quốc gia Phước Bình,Ninh Thuận,Di tích,Điểm tham quan văn hóa,heritage
NT_0039,Đồng cừu Sơn Hải,Ninh Thuận,Di tích,Điểm tham quan văn hóa,heritage
PTO_0057,Ao Châu,Phú Thọ,Thiên nhiên,Núi rừng/hồ thác/sinh thái,mountain
PTO_0056,Bản văn hóa người Mường Long Cốc,Phú Thọ,Thiên nhiên,Núi rừng/hồ thác/sinh thái,mountain
PTO_0009,Bảo tàng Hùng Vương tại Đền Hùng,Phú Thọ,Tâm linh,Đền/đình/miếu/lăng,religious
PTO_0010,Cổng chính Đền Hùng,Phú Thọ,Tâm linh,Đền/đình/miếu/lăng,religious
PTO_0001,Khu di tích lịch sử Đền Hùng,Phú Thọ,Tâm linh,Đền/đình/miếu/lăng,religious
PTO_0061,Khu di tích Đền Mẫu Âu Cơ,Phú Thọ,Tâm linh,Đền/đình/miếu/lăng,religious
PTO_0058,Khu du lịch Ao Châu,Phú Thọ,Thiên nhiên,Núi rừng/hồ thác/sinh thái,mountain
PTO_0095,Khu du lịch Ao Giời - Suối Tiên,Phú Thọ,Thiên nhiên,Núi rừng/hồ thác/sinh thái,mountain
PTO_0044,Khu du lịch Xuân Sơn,Phú Thọ,Giải trí,Khu du lịch/công viên/check-in,checkin
PTO_0032,Khu du lịch nước khoáng nóng Thanh Thủy,Phú Thọ,Văn hóa cộng đồng,Làng nghề/chợ/văn hóa dân gian,culture
PTO_0035,Khu du lịch Đảo Ngọc Xanh,Phú Thọ,Thiên nhiên,Biển đảo/rừng núi/sinh thái,beach
PTO_0103,Khu trải nghiệm hát Xoan Phú Thọ,Phú Thọ,Văn hóa cộng đồng,Làng nghề/chợ/văn hóa dân gian,culture
PTO_0020,Làng Xoan Kim Đức,Phú Thọ,Văn hóa cộng đồng,Làng nghề/chợ/văn hóa dân gian,culture
PTO_0023,Làng Xoan Phượng Lâu,Phú Thọ,Văn hóa cộng đồng,Làng nghề/chợ/văn hóa dân gian,culture
PTO_0017,Làng cổ Hùng Lô,Phú Thọ,Thiên nhiên,Biển đảo/rừng núi/sinh thái,beach
PTO_0102,Làng nghề bún Hùng Lô,Phú Thọ,Văn hóa cộng đồng,Làng nghề/chợ/văn hóa dân gian,culture
PTO_0018,Làng nghề mì gạo Hùng Lô,Phú Thọ,Văn hóa cộng đồng,Làng nghề/chợ/văn hóa dân gian,culture
PTO_0026,Ngã ba Hạc,Phú Thọ,Di tích,Điểm tham quan văn hóa,heritage
PTO_0052,Suối Tiên Xuân Sơn,Phú Thọ,Thiên nhiên,Núi rừng/hồ thác/sinh thái,mountain
PTO_0033,Suối khoáng nóng Thanh Thủy,Phú Thọ,Văn hóa cộng đồng,Làng nghề/chợ/văn hóa dân gian,culture
PTO_0096,Thác Ao Giời,Phú Thọ,Thiên nhiên,Núi rừng/hồ thác/sinh thái,mountain
PTO_0043,Vườn quốc gia Xuân Sơn,Phú Thọ,Thiên nhiên,Núi rừng/hồ thác/sinh thái,mountain
PTO_0036,Vườn vua Resort & Villas,Phú Thọ,Giải trí,Khu du lịch/công viên/check-in,checkin
PTO_0016,Đình Hùng Lô,Phú Thọ,Tâm linh,Đền/đình/miếu/lăng,religious
PTO_0034,Đảo Ngọc Xanh,Phú Thọ,Giải trí,Khu du lịch/công viên/check-in,checkin
PTO_0059,Đầm Ao Châu,Phú Thọ,Thiên nhiên,Núi rừng/hồ thác/sinh thái,mountain
PTO_0094,Đầm Ao Giời - Suối Tiên,Phú Thọ,Thiên nhiên,Núi rừng/hồ thác/sinh thái,mountain
PTO_0076,Đền Hùng Hưng Hóa,Phú Thọ,Tâm linh,Đền/đình/miếu/lăng,religious
PTO_0002,Đền Hạ Đền Hùng,Phú Thọ,Tâm linh,Đền/đình/miếu/lăng,religious
PTO_0060,Đền Mẫu Âu Cơ,Phú Thọ,Tâm linh,Đền/đình/miếu/lăng,religious
PTO_0007,Đền Mẫu Âu Cơ trong Khu di tích Đền Hùng,Phú Thọ,Tâm linh,Đền/đình/miếu/lăng,religious
PTO_0004,Đền Thượng Đền Hùng,Phú Thọ,Tâm linh,Đền/đình/miếu/lăng,religious
PTO_0003,Đền Trung Đền Hùng,Phú Thọ,Tâm linh,Đền/đình/miếu/lăng,religious
PTO_0053,Đỉnh Ten Xuân Sơn,Phú Thọ,Di tích,Điểm tham quan văn hóa,heritage
PTO_0054,Đồi chè Long Cốc,Phú Thọ,Văn hóa cộng đồng,Làng nghề/chợ/văn hóa dân gian,culture
PTO_0047,Bản Cỏi,Phú Thọ,Thiên nhiên,Núi rừng/hồ thác/sinh thái,mountain
PTO_0045,Bản Dù,Phú Thọ,Thiên nhiên,Núi rừng/hồ thác/sinh thái,mountain
PTO_0113,Bản Dọc Thanh Sơn,Phú Thọ,Thiên nhiên,Núi rừng/hồ thác/sinh thái,mountain
PTO_0046,Bản Lạng,Phú Thọ,Thiên nhiên,Núi rừng/hồ thác/sinh thái,mountain
PTO_0110,Bản Mường Yên Lập,Phú Thọ,Thiên nhiên,Núi rừng/hồ thác/sinh thái,mountain
PTO_0014,Bảo tàng Hùng Vương Phú Thọ,Phú Thọ,Tâm linh,Đền/đình/miếu/lăng,religious
PTO_0015,Bảo tàng tỉnh Phú Thọ,Phú Thọ,Văn hóa,Di tích lịch sử/bảo tàng,culture
PTO_0067,Chùa Bảo Sái,Phú Thọ,Tâm linh,Chùa/thiền viện,religious
PTO_0082,Chùa Sơn Vi,Phú Thọ,Tâm linh,Chùa/thiền viện,religious
PTO_0031,Chùa Thiên Quang,Phú Thọ,Tâm linh,Chùa/thiền viện,religious
PTO_0025,Chùa Đại Bi,Phú Thọ,Tâm linh,Chùa/thiền viện,religious
PTO_0086,Chợ Cẩm Khê,Phú Thọ,Văn hóa cộng đồng,Làng nghề/chợ/văn hóa dân gian,culture
PTO_0074,Chợ Hưng Hóa,Phú Thọ,Văn hóa cộng đồng,Làng nghề/chợ/văn hóa dân gian,culture
PTO_0064,Chợ Hạ Hòa,Phú Thọ,Văn hóa cộng đồng,Làng nghề/chợ/văn hóa dân gian,culture
PTO_0084,Chợ Lâm Thao,Phú Thọ,Văn hóa cộng đồng,Làng nghề/chợ/văn hóa dân gian,culture
PTO_0119,Chợ Phù Ninh,Phú Thọ,Văn hóa cộng đồng,Làng nghề/chợ/văn hóa dân gian,culture
PTO_0070,Chợ Thanh Ba,Phú Thọ,Văn hóa cộng đồng,Làng nghề/chợ/văn hóa dân gian,culture
PTO_0114,Chợ Thanh Sơn,Phú Thọ,Văn hóa cộng đồng,Làng nghề/chợ/văn hóa dân gian,culture
PTO_0108,Chợ Yên Lập,Phú Thọ,Văn hóa cộng đồng,Làng nghề/chợ/văn hóa dân gian,culture
PTO_0099,Chợ thị xã Phú Thọ,Phú Thọ,Văn hóa cộng đồng,Làng nghề/chợ/văn hóa dân gian,culture
PTO_0030,Chợ trung tâm Việt Trì,Phú Thọ,Văn hóa cộng đồng,Làng nghề/chợ/văn hóa dân gian,culture
PTO_0091,Chợ Đoan Hùng,Phú Thọ,Văn hóa cộng đồng,Làng nghề/chợ/văn hóa dân gian,culture
PTO_0012,Công viên Văn Lang,Phú Thọ,Giải trí,Khu du lịch/công viên/check-in,checkin
PTO_0048,Hang Lạng,Phú Thọ,Thiên nhiên,Núi rừng/hồ thác/sinh thái,mountain
PTO_0049,Hang Na,Phú Thọ,Thiên nhiên,Núi rừng/hồ thác/sinh thái,mountain
PTO_0050,Hang Thổ Thần,Phú Thọ,Thiên nhiên,Núi rừng/hồ thác/sinh thái,mountain
PTO_0011,Hồ Công viên Văn Lang,Phú Thọ,Thiên nhiên,Núi rừng/hồ thác/sinh thái,mountain
PTO_0105,Hồ Ly,Phú Thọ,Thiên nhiên,Núi rừng/hồ thác/sinh thái,mountain
PTO_0087,Khu di tích Tiên Động,Phú Thọ,Văn hóa,Di tích lịch sử/bảo tàng,culture
PTO_0065,Khu di tích chiến khu Vần - Hiền Lương,Phú Thọ,Văn hóa,Di tích lịch sử/bảo tàng,culture
PTO_0080,Khu di tích khảo cổ Sơn Vi,Phú Thọ,Văn hóa,Di tích lịch sử/bảo tàng,culture
PTO_0106,Khu du lịch Hồ Ly,Phú Thọ,Thiên nhiên,Núi rừng/hồ thác/sinh thái,mountain
PTO_0079,Khu du lịch sinh thái Hùng Lo Tam Nông,Phú Thọ,Giải trí,Khu du lịch/công viên/check-in,checkin
PTO_0116,Khu du lịch sinh thái Thác Mơ Thanh Sơn,Phú Thọ,Thiên nhiên,Núi rừng/hồ thác/sinh thái,mountain
PTO_0063,Khu sinh thái Đầm Vân Hội,Phú Thọ,Thiên nhiên,Núi rừng/hồ thác/sinh thái,mountain
PTO_0073,Khu sinh thái đầm Dị Nậu,Phú Thọ,Thiên nhiên,Núi rừng/hồ thác/sinh thái,mountain
PTO_0090,Làng bưởi Đoan Hùng,Phú Thọ,Văn hóa cộng đồng,Làng nghề/chợ/văn hóa dân gian,culture
PTO_0068,Làng nghề chè Thanh Ba,Phú Thọ,Văn hóa cộng đồng,Làng nghề/chợ/văn hóa dân gian,culture
PTO_0121,Làng nghề mộc Phù Ninh,Phú Thọ,Văn hóa cộng đồng,Làng nghề/chợ/văn hóa dân gian,culture
PTO_0085,Làng nghề nón lá Sai Nga,Phú Thọ,Văn hóa cộng đồng,Làng nghề/chợ/văn hóa dân gian,culture
PTO_0042,Làng nghề tương Đào Xá,Phú Thọ,Văn hóa cộng đồng,Làng nghề/chợ/văn hóa dân gian,culture
PTO_0005,Lăng Hùng Vương,Phú Thọ,Tâm linh,Đền/đình/miếu/lăng,religious
PTO_0019,Miếu Lãi Lèn,Phú Thọ,Tâm linh,Đền/đình/miếu/lăng,religious
PTO_0013,Quảng trường Hùng Vương Việt Trì,Phú Thọ,Tâm linh,Đền/đình/miếu/lăng,religious
PTO_0097,Suối Tiên Hạ Hòa,Phú Thọ,Thiên nhiên,Núi rừng/hồ thác/sinh thái,mountain
PTO_0112,Suối khoáng nóng Thanh Sơn,Phú Thọ,Văn hóa cộng đồng,Làng nghề/chợ/văn hóa dân gian,culture
PTO_0038,Thanh Lâm Resort,Phú Thọ,Giải trí,Khu du lịch/công viên/check-in,checkin
PTO_0075,Thành cổ Hưng Hóa,Phú Thọ,Văn hóa,Di tích lịch sử/bảo tàng,culture
PTO_0051,Thác Chín Tầng,Phú Thọ,Thiên nhiên,Núi rừng/hồ thác/sinh thái,mountain
PTO_0109,Thác Mây Yên Lập,Phú Thọ,Thiên nhiên,Núi rừng/hồ thác/sinh thái,mountain
PTO_0111,Thác Mơ Thanh Sơn,Phú Thọ,Thiên nhiên,Núi rừng/hồ thác/sinh thái,mountain
PTO_0037,Tre Nguồn Resort,Phú Thọ,Giải trí,Khu du lịch/công viên/check-in,checkin
PTO_0089,Vườn bưởi Đoan Hùng,Phú Thọ,Văn hóa cộng đồng,Làng nghề/chợ/văn hóa dân gian,culture
PTO_0022,Đình An Thái,Phú Thọ,Tâm linh,Đền/đình/miếu/lăng,religious
PTO_0100,Đình Bạch Hạc,Phú Thọ,Tâm linh,Đền/đình/miếu/lăng,religious
PTO_0118,Đình Phù Ninh,Phú Thọ,Tâm linh,Đền/đình/miếu/lăng,religious
PTO_0081,Đình Sơn Vi,Phú Thọ,Tâm linh,Đền/đình/miếu/lăng,religious
PTO_0021,Đình Thét,Phú Thọ,Tâm linh,Đền/đình/miếu/lăng,religious
PTO_0040,Đình Đào Xá,Phú Thọ,Tâm linh,Đền/đình/miếu/lăng,religious
PTO_0078,Đầm Cả,Phú Thọ,Thiên nhiên,Núi rừng/hồ thác/sinh thái,mountain
PTO_0072,Đầm Dị Nậu,Phú Thọ,Thiên nhiên,Núi rừng/hồ thác/sinh thái,mountain
PTO_0062,Đầm Vân Hội,Phú Thọ,Thiên nhiên,Núi rừng/hồ thác/sinh thái,mountain
PTO_0101,Đền Bạch Hạc,Phú Thọ,Tâm linh,Đền/đình/miếu/lăng,religious
PTO_0117,Đền Chu Hưng,Phú Thọ,Tâm linh,Đền/đình/miếu/lăng,religious
PTO_0066,Đền Du Yến,Phú Thọ,Tâm linh,Đền/đình/miếu/lăng,religious
PTO_0006,Đền Giếng,Phú Thọ,Tâm linh,Đền/đình/miếu/lăng,religious
PTO_0039,Đền Lăng Sương,Phú Thọ,Tâm linh,Đền/đình/miếu/lăng,religious
PTO_0071,Đền Mẫu Lăng Sương mở rộng,Phú Thọ,Tâm linh,Đền/đình/miếu/lăng,religious
PTO_0092,Đền Mẫu Đoan Hùng,Phú Thọ,Tâm linh,Đền/đình/miếu/lăng,religious
PTO_0041,Đền Mẫu Đào Xá,Phú Thọ,Tâm linh,Đền/đình/miếu/lăng,religious
PTO_0008,Đền Quốc Tổ Lạc Long Quân,Phú Thọ,Tâm linh,Đền/đình/miếu/lăng,religious
PTO_0024,Đền Tam Giang,Phú Thọ,Tâm linh,Đền/đình/miếu/lăng,religious
PTO_0077,Đền Tam Giang Hưng Hóa,Phú Thọ,Tâm linh,Đền/đình/miếu/lăng,religious
PTO_0088,Đền Tiên Động,Phú Thọ,Tâm linh,Đền/đình/miếu/lăng,religious
PTO_0098,Đền Trù Mật,Phú Thọ,Tâm linh,Đền/đình/miếu/lăng,religious
PTO_0083,Đền thờ Tản Viên Sơn Thánh Lâm Thao,Phú Thọ,Tâm linh,Đền/đình/miếu/lăng,religious
PTO_0104,Đền thờ Vua Hùng trong Công viên Văn Lang,Phú Thọ,Tâm linh,Đền/đình/miếu/lăng,religious
PTO_0055,Đồi chè Mỹ Thuận,Phú Thọ,Văn hóa cộng đồng,Làng nghề/chợ/văn hóa dân gian,culture
PTO_0120,Đồi chè Phù Ninh,Phú Thọ,Văn hóa cộng đồng,Làng nghề/chợ/văn hóa dân gian,culture
PTO_0069,Đồi chè Thanh Ba,Phú Thọ,Văn hóa cộng đồng,Làng nghề/chợ/văn hóa dân gian,culture
PTO_0115,Đồi chè Thanh Sơn,Phú Thọ,Văn hóa cộng đồng,Làng nghề/chợ/văn hóa dân gian,culture
PTO_0107,Đồi chè Yên Lập,Phú Thọ,Văn hóa cộng đồng,Làng nghề/chợ/văn hóa dân gian,culture
PTO_0027,Bến Gót,Phú Thọ,Di tích,Điểm tham quan văn hóa,heritage
PTO_0028,Cầu Việt Trì,Phú Thọ,Di tích,Điểm tham quan văn hóa,heritage
PTO_0093,Cầu Đoan Hùng,Phú Thọ,Di tích,Điểm tham quan văn hóa,heritage
PTO_0122,Khu sinh thái Phù Ninh,Phú Thọ,Di tích,Điểm tham quan văn hóa,heritage
PTO_0029,Nhà thờ Chính tòa Sơn Lộc Việt Trì,Phú Thọ,Di tích,Điểm tham quan văn hóa,heritage
PY_0008,Bãi Xép Phú Yên,Phú Yên,Thiên nhiên,Biển đảo/rừng núi/sinh thái,religious
PY_0015,Di tích Tàu Không Số Vũng Rô,Phú Yên,Văn hóa,Di tích lịch sử/bảo tàng,culture
PY_0001,Gành Đá Đĩa,Phú Yên,Thiên nhiên,Biển đảo/rừng núi/sinh thái,beach
PY_0012,Hải đăng Đại Lãnh,Phú Yên,Văn hóa,Di tích lịch sử/bảo tàng,culture
PY_0011,Mũi Điện,Phú Yên,Tâm linh,Đền/phủ/miếu,religious
PY_0029,Nhất Tự Sơn,Phú Yên,Di tích,Điểm tham quan văn hóa,heritage
PY_0020,Quảng trường Nghinh Phong,Phú Yên,Giải trí,Công viên/khu vui chơi/check-in,checkin
PY_0019,Tháp Nghinh Phong,Phú Yên,Văn hóa,Di tích lịch sử/bảo tàng,culture
PY_0014,Vịnh Vũng Rô,Phú Yên,Thiên nhiên,Biển đảo/rừng núi/sinh thái,beach
PY_0005,Đầm Ô Loan,Phú Yên,Thiên nhiên,Biển đảo/rừng núi/sinh thái,beach
PY_0072,Bãi Bàu Sông Cầu,Phú Yên,Thiên nhiên,Biển đảo/rừng núi/sinh thái,beach
PY_0016,Bãi Gốc,Phú Yên,Thiên nhiên,Biển đảo/rừng núi/sinh thái,beach
PY_0010,Bãi Môn,Phú Yên,Thiên nhiên,Biển đảo/rừng núi/sinh thái,beach
PY_0055,Bãi Nồm Sông Cầu,Phú Yên,Thiên nhiên,Biển đảo/rừng núi/sinh thái,beach
PY_0032,Bãi Rạng Sông Cầu,Phú Yên,Thiên nhiên,Biển đảo/rừng núi/sinh thái,beach
PY_0054,Bãi Tràm Phú Yên,Phú Yên,Thiên nhiên,Biển đảo/rừng núi/sinh thái,religious
PY_0048,Bãi biển Long Thủy,Phú Yên,Thiên nhiên,Biển đảo/rừng núi/sinh thái,beach
PY_0052,Bãi biển Phú Thường,Phú Yên,Thiên nhiên,Biển đảo/rừng núi/sinh thái,religious
PY_0073,Bãi biển Phước Tân,Phú Yên,Thiên nhiên,Biển đảo/rừng núi/sinh thái,beach
PY_0018,Bãi biển Tuy Hòa,Phú Yên,Thiên nhiên,Biển đảo/rừng núi/sinh thái,beach
PY_0030,Bãi biển Từ Nham,Phú Yên,Thiên nhiên,Biển đảo/rừng núi/sinh thái,beach
PY_0031,Bãi Ôm,Phú Yên,Thiên nhiên,Biển đảo/rừng núi/sinh thái,beach
PY_0027,Bảo tàng Phú Yên,Phú Yên,Văn hóa,Di tích lịch sử/bảo tàng,culture
PY_0028,Chùa Bảo Tịnh,Phú Yên,Tâm linh,Chùa/thiền viện,religious
PY_0053,Chùa Thanh Lương,Phú Yên,Tâm linh,Chùa/thiền viện,religious
PY_0064,Chợ đêm Tuy Hòa,Phú Yên,Văn hóa cộng đồng,Bản làng/làng nghề/chợ,culture
PY_0061,Di tích Thành An Thổ,Phú Yên,Văn hóa,Di tích lịch sử/bảo tàng,culture
PY_0009,Gành Ông,Phú Yên,Thiên nhiên,Biển đảo/rừng núi/sinh thái,beach
PY_0002,Gành Đèn,Phú Yên,Văn hóa,Di tích lịch sử/bảo tàng,culture
PY_0049,Hòn Chùa Phú Yên,Phú Yên,Tâm linh,Chùa/thiền viện,religious
PY_0050,Hòn Dứa,Phú Yên,Thiên nhiên,Biển đảo/rừng núi/sinh thái,beach
PY_0051,Hòn Than,Phú Yên,Thiên nhiên,Biển đảo/rừng núi/sinh thái,beach
PY_0047,Hòn Yến,Phú Yên,Thiên nhiên,Biển đảo/rừng núi/sinh thái,beach
PY_0003,Hải đăng Gành Đèn,Phú Yên,Văn hóa,Di tích lịch sử/bảo tàng,culture
PY_0042,Hồ thủy điện Sông Hinh,Phú Yên,Tâm linh,Đền/phủ/miếu,religious
PY_0057,Hồ Đồng Tròn,Phú Yên,Thiên nhiên,Biển đảo/rừng núi/sinh thái,beach
PY_0046,Khu sinh thái Suối Lạnh,Phú Yên,Thiên nhiên,Biển đảo/rừng núi/sinh thái,beach
PY_0066,Kè chắn sóng Xóm Rớ,Phú Yên,Văn hóa cộng đồng,Bản làng/làng nghề/chợ,culture
PY_0035,Làng chài Gành Đỏ,Phú Yên,Văn hóa cộng đồng,Bản làng/làng nghề/chợ,culture
PY_0068,Làng nghề bánh tráng Hòa Đa,Phú Yên,Văn hóa cộng đồng,Bản làng/làng nghề/chợ,culture
PY_0067,Làng nghề nước mắm Gành Đỏ,Phú Yên,Văn hóa cộng đồng,Bản làng/làng nghề/chợ,culture
PY_0013,Mũi Đại Lãnh,Phú Yên,Thiên nhiên,Biển đảo/rừng núi/sinh thái,beach
PY_0038,Nhà thờ Bác Hồ Vân Hòa,Phú Yên,Văn hóa,Di tích lịch sử/bảo tàng,culture
PY_0004,Nhà thờ Mằng Lăng,Phú Yên,Tâm linh,Đền/phủ/miếu,religious
PY_0021,Núi Nhạn,Phú Yên,Thiên nhiên,Biển đảo/rừng núi/sinh thái,beach
PY_0074,Núi Đá Bia,Phú Yên,Thiên nhiên,Biển đảo/rừng núi/sinh thái,beach
PY_0045,Suối Lạnh Phú Yên,Phú Yên,Thiên nhiên,Biển đảo/rừng núi/sinh thái,religious
PY_0041,Thác Cây Đu,Phú Yên,Thiên nhiên,Biển đảo/rừng núi/sinh thái,beach
PY_0044,Thác H'Ly,Phú Yên,Thiên nhiên,Biển đảo/rừng núi/sinh thái,beach
PY_0059,Thác Hòa Nguyên,Phú Yên,Thiên nhiên,Biển đảo/rừng núi/sinh thái,beach
PY_0058,Thác Vực Hòm,Phú Yên,Thiên nhiên,Biển đảo/rừng núi/sinh thái,beach
PY_0022,Tháp Nhạn,Phú Yên,Văn hóa,Di tích lịch sử/bảo tàng,culture
PY_0071,Vịnh Hòa,Phú Yên,Thiên nhiên,Biển đảo/rừng núi/sinh thái,beach
PY_0033,Vịnh Xuân Đài,Phú Yên,Thiên nhiên,Biển đảo/rừng núi/sinh thái,beach
PY_0065,Xóm Rớ Tuy Hòa,Phú Yên,Văn hóa cộng đồng,Bản làng/làng nghề/chợ,culture
PY_0056,Đèo Cù Mông,Phú Yên,Thiên nhiên,Biển đảo/rừng núi/sinh thái,beach
PY_0017,Đèo Cả,Phú Yên,Thiên nhiên,Biển đảo/rừng núi/sinh thái,beach
PY_0063,Đình Phú Câu,Phú Yên,Tâm linh,Đền/phủ/miếu,religious
PY_0034,Đầm Cù Mông,Phú Yên,Thiên nhiên,Biển đảo/rừng núi/sinh thái,beach
PY_0043,Buôn Lê Diêm,Phú Yên,Di tích,Điểm tham quan văn hóa,heritage
PY_0037,Cao nguyên Vân Hòa,Phú Yên,Di tích,Điểm tham quan văn hóa,heritage
PY_0036,Chợ Sông Cầu,Phú Yên,Ẩm thực,Chợ/đặc sản,food
PY_0026,Chợ Tuy Hòa,Phú Yên,Ẩm thực,Chợ/đặc sản,food
PY_0069,Chợ hải sản Tuy Hòa,Phú Yên,Ẩm thực,Chợ/đặc sản,food
PY_0007,Chợ hải sản Ô Loan,Phú Yên,Ẩm thực,Chợ/đặc sản,food
PY_0025,Cầu Hùng Vương Tuy Hòa,Phú Yên,Di tích,Điểm tham quan văn hóa,heritage
PY_0006,Cầu gỗ Ô Loan,Phú Yên,Di tích,Điểm tham quan văn hóa,heritage
PY_0024,Cầu Đà Rằng,Phú Yên,Di tích,Điểm tham quan văn hóa,heritage
PY_0070,Khu du lịch Sao Việt,Phú Yên,Di tích,Điểm tham quan văn hóa,heritage
PY_0062,Khu lưu niệm Tổng Bí thư Trần Phú,Phú Yên,Di tích,Điểm tham quan văn hóa,heritage
PY_0040,Nông trại đỏ Vân Hòa,Phú Yên,Di tích,Điểm tham quan văn hóa,heritage
PY_0023,Sông Đà Rằng,Phú Yên,Di tích,Điểm tham quan văn hóa,heritage
PY_0060,Đập Đồng Cam,Phú Yên,Di tích,Điểm tham quan văn hóa,heritage
PY_0039,Đồi chè Vân Hòa,Phú Yên,Di tích,Điểm tham quan văn hóa,heritage
QB_0032,Biển Nhật Lệ,Quảng Bình,Thiên nhiên,Biển/rừng/hang động/sinh thái,beach
QB_0028,Botanic Garden Phong Nha,Quảng Bình,Thiên nhiên,Biển/rừng/hang động/sinh thái,beach
QB_0050,Bãi biển Đá Nhảy,Quảng Bình,Thiên nhiên,Biển/rừng/hang động/sinh thái,beach
QB_0031,Bến thuyền Phong Nha,Quảng Bình,Thiên nhiên,Biển/rừng/hang động/sinh thái,beach
QB_0076,Chợ Phong Nha,Quảng Bình,Thiên nhiên,Biển/rừng/hang động/sinh thái,beach
QB_0095,Chợ đêm Phong Nha,Quảng Bình,Thiên nhiên,Biển/rừng/hang động/sinh thái,beach
QB_0038,Cầu Nhật Lệ 1,Quảng Bình,Thiên nhiên,Biển/rừng/hang động/sinh thái,beach
QB_0039,Cầu Nhật Lệ 2,Quảng Bình,Thiên nhiên,Biển/rừng/hang động/sinh thái,beach
QB_0074,East Hill Phong Nha,Quảng Bình,Thiên nhiên,Biển/rừng/hang động/sinh thái,beach
QB_0004,Hang Sơn Đoòng,Quảng Bình,Thiên nhiên,Biển/rừng/hang động/sinh thái,beach
QB_0009,Khu du lịch sinh thái Ozo,Quảng Bình,Thiên nhiên,Biển/rừng/hang động/sinh thái,beach
QB_0075,Phong Nha Farmstay,Quảng Bình,Thiên nhiên,Biển/rừng/hang động/sinh thái,beach
QB_0037,Sông Nhật Lệ,Quảng Bình,Thiên nhiên,Biển/rừng/hang động/sinh thái,beach
QB_0029,Thác Gió Phong Nha,Quảng Bình,Thiên nhiên,Biển/rừng/hang động/sinh thái,beach
QB_0054,Vũng Chùa - Đảo Yến,Quảng Bình,Tâm linh,Chùa/thiền viện,religious
QB_0001,Vườn quốc gia Phong Nha - Kẻ Bàng,Quảng Bình,Thiên nhiên,Biển/rừng/hang động/sinh thái,beach
QB_0002,Động Phong Nha,Quảng Bình,Thiên nhiên,Biển/rừng/hang động/sinh thái,beach
QB_0097,Động Phong Nha khô,Quảng Bình,Thiên nhiên,Biển/rừng/hang động/sinh thái,beach
QB_0003,Động Thiên Đường,Quảng Bình,Thiên nhiên,Biển/rừng/hang động/sinh thái,beach
QB_0053,Biển Cảnh Dương,Quảng Bình,Thiên nhiên,Biển/rừng/hang động/sinh thái,beach
QB_0060,Biển Hải Ninh,Quảng Bình,Thiên nhiên,Biển/rừng/hang động/sinh thái,beach
QB_0084,Biển Nhân Trạch,Quảng Bình,Thiên nhiên,Biển/rừng/hang động/sinh thái,beach
QB_0033,Bãi biển Bảo Ninh,Quảng Bình,Thiên nhiên,Biển/rừng/hang động/sinh thái,beach
QB_0059,Bãi biển Quảng Phú,Quảng Bình,Thiên nhiên,Biển/rừng/hang động/sinh thái,religious
QB_0051,Bãi tắm Lý Hòa,Quảng Bình,Thiên nhiên,Biển/rừng/hang động/sinh thái,beach
QB_0072,Bãi tắm Trung Trạch,Quảng Bình,Thiên nhiên,Biển/rừng/hang động/sinh thái,beach
QB_0025,Bản Arem,Quảng Bình,Văn hóa cộng đồng,Bản làng/chợ phiên,culture
QB_0026,Bản Rục,Quảng Bình,Văn hóa cộng đồng,Bản làng/chợ phiên,culture
QB_0023,Bản Tân Hóa,Quảng Bình,Văn hóa cộng đồng,Bản làng/chợ phiên,culture
QB_0085,Bản Đoòng,Quảng Bình,Văn hóa cộng đồng,Bản làng/chợ phiên,culture
QB_0045,Bảo tàng Quảng Bình,Quảng Bình,Văn hóa,Di tích lịch sử/bảo tàng,culture
QB_0027,Chày Lập Farmstay,Quảng Bình,Thiên nhiên,Biển/rừng/hang động/sinh thái,beach
QB_0065,Chùa Hoằng Phúc,Quảng Bình,Tâm linh,Chùa/thiền viện,religious
QB_0071,Chùa Non - Núi Thần Đinh,Quảng Bình,Tâm linh,Chùa/thiền viện,religious
QB_0035,Cồn cát Quang Phú,Quảng Bình,Thiên nhiên,Biển/rừng/hang động/sinh thái,religious
QB_0087,Hang Chuột,Quảng Bình,Thiên nhiên,Biển/rừng/hang động/sinh thái,beach
QB_0021,Hang Hổ,Quảng Bình,Thiên nhiên,Biển/rừng/hang động/sinh thái,beach
QB_0092,Hang Lèn Hà,Quảng Bình,Thiên nhiên,Biển/rừng/hang động/sinh thái,beach
QB_0016,Hang Nước Nứt,Quảng Bình,Thiên nhiên,Biển/rừng/hang động/sinh thái,beach
QB_0022,Hang Over,Quảng Bình,Thiên nhiên,Biển/rừng/hang động/sinh thái,beach
QB_0017,Hang Pygmy,Quảng Bình,Thiên nhiên,Biển/rừng/hang động/sinh thái,beach
QB_0086,Hang Rục Mòn,Quảng Bình,Thiên nhiên,Biển/rừng/hang động/sinh thái,beach
QB_0089,Hang Thủy Cung,Quảng Bình,Thiên nhiên,Biển/rừng/hang động/sinh thái,beach
QB_0013,Hang Tiên,Quảng Bình,Thiên nhiên,Biển/rừng/hang động/sinh thái,beach
QB_0018,Hang Trạ Ang,Quảng Bình,Thiên nhiên,Biển/rừng/hang động/sinh thái,beach
QB_0011,Hang Tám Cô,Quảng Bình,Văn hóa,Di tích lịch sử/bảo tàng,culture
QB_0006,Hang Tối,Quảng Bình,Thiên nhiên,Biển/rừng/hang động/sinh thái,beach
QB_0015,Hang Va,Quảng Bình,Thiên nhiên,Biển/rừng/hang động/sinh thái,beach
QB_0019,Hang Vòm,Quảng Bình,Thiên nhiên,Biển/rừng/hang động/sinh thái,beach
QB_0005,Hang Én,Quảng Bình,Thiên nhiên,Biển/rừng/hang động/sinh thái,beach
QB_0020,Hang Đại Ả,Quảng Bình,Thiên nhiên,Biển/rừng/hang động/sinh thái,beach
QB_0014,Hệ thống hang Tú Làn,Quảng Bình,Thiên nhiên,Biển/rừng/hang động/sinh thái,beach
QB_0091,Khu du lịch Lèn Chùa Eo Bù,Quảng Bình,Tâm linh,Chùa/thiền viện,religious
QB_0055,Khu mộ Đại tướng Võ Nguyên Giáp,Quảng Bình,Tâm linh,Đền/phủ/miếu,religious
QB_0064,Làng An Xá,Quảng Bình,Văn hóa cộng đồng,Bản làng/chợ phiên,culture
QB_0052,Làng bích họa Cảnh Dương,Quảng Bình,Văn hóa cộng đồng,Bản làng/chợ phiên,culture
QB_0083,Làng chài Nhân Trạch,Quảng Bình,Văn hóa cộng đồng,Bản làng/chợ phiên,culture
QB_0024,Làng du lịch cộng đồng Tân Hóa,Quảng Bình,Văn hóa cộng đồng,Bản làng/chợ phiên,culture
QB_0081,Làng nghề chiếu cói An Xá,Quảng Bình,Văn hóa cộng đồng,Bản làng/chợ phiên,culture
QB_0082,Làng nghề hải sản Bảo Ninh,Quảng Bình,Văn hóa cộng đồng,Bản làng/chợ phiên,culture
QB_0080,Làng nghề nón lá Quy Hậu,Quảng Bình,Văn hóa cộng đồng,Bản làng/chợ phiên,culture
QB_0079,Làng nghề nước mắm Cảnh Dương,Quảng Bình,Văn hóa cộng đồng,Bản làng/chợ phiên,culture
QB_0063,Nhà lưu niệm Đại tướng Võ Nguyên Giáp,Quảng Bình,Văn hóa,Di tích lịch sử/bảo tàng,culture
QB_0070,Núi Thần Đinh,Quảng Bình,Thiên nhiên,Biển/rừng/hang động/sinh thái,beach
QB_0034,Quảng trường biển Bảo Ninh,Quảng Bình,Thiên nhiên,Biển/rừng/hang động/sinh thái,beach
QB_0008,Suối Nước Moọc,Quảng Bình,Thiên nhiên,Biển/rừng/hang động/sinh thái,beach
QB_0061,Suối nước nóng Bang,Quảng Bình,Thiên nhiên,Biển/rừng/hang động/sinh thái,beach
QB_0007,Sông Chày - Hang Tối,Quảng Bình,Thiên nhiên,Biển/rừng/hang động/sinh thái,beach
QB_0056,Đèo Ngang Quảng Bình,Quảng Bình,Thiên nhiên,Biển/rừng/hang động/sinh thái,beach
QB_0012,Đường 20 Quyết Thắng,Quảng Bình,Văn hóa,Di tích lịch sử/bảo tàng,culture
QB_0094,Đền Thánh Mẫu Liễu Hạnh Đèo Ngang,Quảng Bình,Tâm linh,Đền/phủ/miếu,religious
QB_0058,Đền thờ Công chúa Liễu Hạnh Quảng Bình,Quảng Bình,Tâm linh,Đền/phủ/miếu,religious
QB_0068,Đền tưởng niệm Liệt sĩ Trường Sơn - Bến phà Long Đại,Quảng Bình,Tâm linh,Đền/phủ/miếu,religious
QB_0036,Đồi cát Bảo Ninh,Quảng Bình,Thiên nhiên,Biển/rừng/hang động/sinh thái,beach
QB_0096,Động Tiên Sơn,Quảng Bình,Thiên nhiên,Biển/rừng/hang động/sinh thái,beach
QB_0066,Bàu Sen Lệ Thủy,Quảng Bình,Di tích,Điểm tham quan văn hóa,heritage
QB_0069,Bến phà Long Đại,Quảng Bình,Di tích,Điểm tham quan văn hóa,heritage
QB_0077,Chợ Ba Đồn,Quảng Bình,Ẩm thực,Chợ/đặc sản,food
QB_0078,Chợ Hoàn Lão,Quảng Bình,Ẩm thực,Chợ/đặc sản,food
QB_0046,Chợ Đồng Hới,Quảng Bình,Ẩm thực,Chợ/đặc sản,food
QB_0047,Chợ đêm Đồng Hới,Quảng Bình,Ẩm thực,Chợ/đặc sản,food
QB_0048,Công viên Đồng Mỹ,Quảng Bình,Giải trí,Công viên/khu vui chơi,checkin
QB_0057,Hoành Sơn Quan Quảng Bình,Quảng Bình,Di tích,Điểm tham quan văn hóa,heritage
QB_0062,Khu du lịch nghỉ dưỡng Bang Onsen,Quảng Bình,Di tích,Điểm tham quan văn hóa,heritage
QB_0073,Khu du lịch sinh thái Sông Chày,Quảng Bình,Di tích,Điểm tham quan văn hóa,heritage
QB_0098,Khu zipline Sông Chày,Quảng Bình,Giải trí,Công viên/khu vui chơi,checkin
QB_0043,Lũy Thầy,Quảng Bình,Di tích,Điểm tham quan văn hóa,heritage
QB_0044,Nhà thờ Tam Tòa,Quảng Bình,Di tích,Điểm tham quan văn hóa,heritage
QB_0041,Quảng Bình Quan,Quảng Bình,Di tích,Điểm tham quan văn hóa,heritage
QB_0093,Sông Gianh,Quảng Bình,Di tích,Điểm tham quan văn hóa,heritage
QB_0067,Sông Kiến Giang,Quảng Bình,Di tích,Điểm tham quan văn hóa,heritage
QB_0030,Sông Son,Quảng Bình,Di tích,Điểm tham quan văn hóa,heritage
QB_0010,Thung lũng Hava,Quảng Bình,Di tích,Điểm tham quan văn hóa,heritage
QB_0088,Thung lũng Sinh Tồn,Quảng Bình,Di tích,Điểm tham quan văn hóa,heritage
QB_0042,Thành cổ Đồng Hới,Quảng Bình,Di tích,Điểm tham quan văn hóa,heritage
QB_0040,Tượng đài Mẹ Suốt,Quảng Bình,Di tích,Điểm tham quan văn hóa,heritage
QB_0049,Vincom Plaza Đồng Hới,Quảng Bình,Giải trí,Công viên/khu vui chơi,checkin
QB_0090,Đồi cát Nhân Trạch,Quảng Bình,Di tích,Điểm tham quan văn hóa,heritage
QNAM_0045,Biển Tam Thanh,Quảng Nam,Thiên nhiên,Biển/rừng/núi/sinh thái,beach
QNAM_0030,Bãi Chồng Cù Lao Chàm,Quảng Nam,Thiên nhiên,Biển/rừng/núi/sinh thái,beach
QNAM_0029,Bãi Hương Cù Lao Chàm,Quảng Nam,Thiên nhiên,Biển/rừng/núi/sinh thái,beach
QNAM_0028,Bãi Làng Cù Lao Chàm,Quảng Nam,Thiên nhiên,Biển đảo/rừng núi/sinh thái,beach
QNAM_0031,Bãi Xếp Cù Lao Chàm,Quảng Nam,Thiên nhiên,Biển/rừng/núi/sinh thái,beach
QNAM_0109,Bãi Ông Cù Lao Chàm,Quảng Nam,Thiên nhiên,Biển/rừng/núi/sinh thái,beach
QNAM_0037,Bảo tàng Mỹ Sơn,Quảng Nam,Văn hóa,Di tích lịch sử/bảo tàng,culture
QNAM_0108,Bến thuyền Cửa Đại đi Cù Lao Chàm,Quảng Nam,Thiên nhiên,Biển/rừng/núi/sinh thái,beach
QNAM_0002,Chùa Cầu Hội An,Quảng Nam,Tâm linh,Chùa/thiền viện,religious
QNAM_0027,Cù Lao Chàm,Quảng Nam,Thiên nhiên,Biển/rừng/núi/sinh thái,beach
QNAM_0110,Eo Gió Cù Lao Chàm,Quảng Nam,Thiên nhiên,Biển/rừng/núi/sinh thái,beach
QNAM_0033,Giếng cổ Chăm Cù Lao Chàm,Quảng Nam,Thiên nhiên,Biển/rừng/núi/sinh thái,beach
QNAM_0036,Khu đền tháp Mỹ Sơn,Quảng Nam,Tâm linh,Đền/phủ/miếu,religious
QNAM_0044,Làng bích họa Tam Thanh,Quảng Nam,Văn hóa cộng đồng,Bản làng/làng nghề/chợ,culture
QNAM_0017,Làng rau Trà Quế,Quảng Nam,Văn hóa cộng đồng,Bản làng/làng nghề/chợ,culture
QNAM_0001,Phố cổ Hội An,Quảng Nam,Văn hóa,Di tích lịch sử/bảo tàng,culture
QNAM_0018,Rừng dừa Bảy Mẫu Cẩm Thanh,Quảng Nam,Thiên nhiên,Biển/rừng/núi/sinh thái,beach
QNAM_0035,Thánh địa Mỹ Sơn,Quảng Nam,Tâm linh,Đền/phủ/miếu,religious
QNAM_0024,Biển An Bàng,Quảng Nam,Thiên nhiên,Biển/rừng/núi/sinh thái,beach
QNAM_0067,Biển Bình Minh,Quảng Nam,Thiên nhiên,Biển/rừng/núi/sinh thái,beach
QNAM_0025,Biển Cửa Đại,Quảng Nam,Thiên nhiên,Biển/rừng/núi/sinh thái,beach
QNAM_0106,Biển Cửa Đại phía Quảng Nam,Quảng Nam,Thiên nhiên,Biển/rừng/núi/sinh thái,beach
QNAM_0026,Biển Hà My,Quảng Nam,Thiên nhiên,Biển/rừng/núi/sinh thái,beach
QNAM_0053,Biển Tam Tiến,Quảng Nam,Thiên nhiên,Biển/rừng/núi/sinh thái,beach
QNAM_0052,Bãi Rạng Chu Lai,Quảng Nam,Thiên nhiên,Biển/rừng/núi/sinh thái,beach
QNAM_0068,Bãi biển Hà My mở rộng,Quảng Nam,Thiên nhiên,Biển/rừng/núi/sinh thái,beach
QNAM_0105,Bãi biển Rạng Tam Quang,Quảng Nam,Thiên nhiên,Biển đảo/rừng núi/sinh thái,beach
QNAM_0010,Bảo tàng Gốm sứ Mậu dịch Hội An,Quảng Nam,Văn hóa,Di tích lịch sử/bảo tàng,culture
QNAM_0011,Bảo tàng Lịch sử Văn hóa Hội An,Quảng Nam,Văn hóa,Di tích lịch sử/bảo tàng,culture
QNAM_0009,Bảo tàng Văn hóa Sa Huỳnh Hội An,Quảng Nam,Văn hóa,Di tích lịch sử/bảo tàng,culture
QNAM_0047,Bảo tàng tỉnh Quảng Nam,Quảng Nam,Văn hóa,Di tích lịch sử/bảo tàng,culture
QNAM_0032,Chùa Hải Tạng,Quảng Nam,Tâm linh,Chùa/thiền viện,religious
QNAM_0107,Chợ làng chài Cẩm An,Quảng Nam,Văn hóa cộng đồng,Bản làng/làng nghề/chợ,culture
QNAM_0087,Chợ phiên sâm Ngọc Linh,Quảng Nam,Văn hóa cộng đồng,Bản làng/làng nghề/chợ,culture
QNAM_0013,Chợ đêm Nguyễn Hoàng,Quảng Nam,Văn hóa cộng đồng,Bản làng/làng nghề/chợ,culture
QNAM_0020,Công viên Đất nung Thanh Hà,Quảng Nam,Giải trí,Công viên/khu vui chơi/check-in,checkin
QNAM_0083,Cổng trời Azứt,Quảng Nam,Thiên nhiên,Biển/rừng/núi/sinh thái,beach
QNAM_0075,Cổng trời Đông Giang,Quảng Nam,Thiên nhiên,Biển/rừng/núi/sinh thái,beach
QNAM_0056,Ghềnh đá Bàn Than,Quảng Nam,Thiên nhiên,Biển/rừng/núi/sinh thái,beach
QNAM_0049,Hồ Phú Ninh,Quảng Nam,Thiên nhiên,Biển/rừng/núi/sinh thái,religious
QNAM_0003,Hội quán Phúc Kiến,Quảng Nam,Văn hóa,Di tích lịch sử/bảo tàng,culture
QNAM_0005,Hội quán Quảng Đông,Quảng Nam,Văn hóa,Di tích lịch sử/bảo tàng,culture
QNAM_0004,Hội quán Triều Châu,Quảng Nam,Văn hóa,Di tích lịch sử/bảo tàng,culture
QNAM_0076,Khu du lịch sinh thái Cổng Trời Đông Giang,Quảng Nam,Thiên nhiên,Biển/rừng/núi/sinh thái,beach
QNAM_0050,Khu du lịch sinh thái hồ Phú Ninh,Quảng Nam,Thiên nhiên,Biển/rừng/núi/sinh thái,religious
QNAM_0084,Làng Bhơ Hôồng Tây Giang,Quảng Nam,Văn hóa cộng đồng,Bản làng/làng nghề/chợ,culture
QNAM_0091,Làng Cơ Tu Nam Giang,Quảng Nam,Thiên nhiên,Biển đảo/rừng núi/sinh thái,beach
QNAM_0082,Làng Cơ Tu Tây Giang,Quảng Nam,Thiên nhiên,Biển đảo/rừng núi/sinh thái,beach
QNAM_0103,Làng bánh tráng Đại Lộc,Quảng Nam,Văn hóa cộng đồng,Bản làng/làng nghề/chợ,culture
QNAM_0042,Làng chiếu Bàn Thạch,Quảng Nam,Văn hóa cộng đồng,Bản làng/làng nghề/chợ,culture
QNAM_0023,Làng chài Cẩm Thanh,Quảng Nam,Văn hóa cộng đồng,Bản làng/làng nghề/chợ,culture
QNAM_0063,Làng cổ Lộc Yên,Quảng Nam,Thiên nhiên,Biển đảo/rừng núi/sinh thái,beach
QNAM_0077,Làng du lịch cộng đồng Bho Hoong,Quảng Nam,Văn hóa cộng đồng,Bản làng/làng nghề/chợ,culture
QNAM_0078,Làng du lịch cộng đồng Đhrôồng,Quảng Nam,Văn hóa cộng đồng,Bản làng/làng nghề/chợ,culture
QNAM_0041,Làng dệt Mã Châu,Quảng Nam,Văn hóa cộng đồng,Bản làng/làng nghề/chợ,culture
QNAM_0019,Làng gốm Thanh Hà,Quảng Nam,Văn hóa cộng đồng,Bản làng/làng nghề/chợ,culture
QNAM_0066,Làng hương Quán Hương,Quảng Nam,Văn hóa cộng đồng,Bản làng/làng nghề/chợ,culture
QNAM_0022,Làng lụa Hội An,Quảng Nam,Văn hóa cộng đồng,Bản làng/làng nghề/chợ,culture
QNAM_0021,Làng mộc Kim Bồng,Quảng Nam,Văn hóa cộng đồng,Bản làng/làng nghề/chợ,culture
QNAM_0104,Làng nghề nước mắm Cửa Khe,Quảng Nam,Văn hóa cộng đồng,Bản làng/làng nghề/chợ,culture
QNAM_0074,Làng văn hóa các dân tộc VinWonders Nam Hội An,Quảng Nam,Văn hóa cộng đồng,Bản làng/làng nghề/chợ,culture
QNAM_0097,Làng Đại Bình,Quảng Nam,Văn hóa cộng đồng,Bản làng/làng nghề/chợ,culture
QNAM_0069,Làng đúc đồng Phước Kiều,Quảng Nam,Văn hóa cộng đồng,Bản làng/làng nghề/chợ,culture
QNAM_0064,Nhà cổ Huỳnh Thúc Kháng,Quảng Nam,Văn hóa,Di tích lịch sử/bảo tàng,culture
QNAM_0007,Nhà cổ Phùng Hưng,Quảng Nam,Văn hóa,Di tích lịch sử/bảo tàng,culture
QNAM_0008,Nhà cổ Quân Thắng,Quảng Nam,Văn hóa,Di tích lịch sử/bảo tàng,culture
QNAM_0006,Nhà cổ Tấn Ký,Quảng Nam,Văn hóa,Di tích lịch sử/bảo tàng,culture
QNAM_0086,Núi Ngọc Linh,Quảng Nam,Thiên nhiên,Biển/rừng/núi/sinh thái,beach
QNAM_0080,Rừng Pơ Mu Tây Giang,Quảng Nam,Thiên nhiên,Biển/rừng/núi/sinh thái,beach
QNAM_0061,Suối Mơ Đại Lộc,Quảng Nam,Thiên nhiên,Biển/rừng/núi/sinh thái,beach
QNAM_0092,Suối Nước Lang,Quảng Nam,Thiên nhiên,Biển/rừng/núi/sinh thái,beach
QNAM_0098,Suối Tiên Quế Sơn,Quảng Nam,Thiên nhiên,Biển/rừng/núi/sinh thái,beach
QNAM_0051,Suối khoáng nóng Phú Ninh,Quảng Nam,Thiên nhiên,Biển/rừng/núi/sinh thái,religious
QNAM_0088,Thác 5 tầng Nam Trà My,Quảng Nam,Thiên nhiên,Biển/rừng/núi/sinh thái,beach
QNAM_0089,Thác Grăng,Quảng Nam,Thiên nhiên,Biển/rừng/núi/sinh thái,beach
QNAM_0093,Thác Nước Lang,Quảng Nam,Thiên nhiên,Biển/rừng/núi/sinh thái,beach
QNAM_0065,Thác Ồ Ồ,Quảng Nam,Thiên nhiên,Biển/rừng/núi/sinh thái,beach
QNAM_0058,Tượng đài chiến thắng Núi Thành,Quảng Nam,Văn hóa,Di tích lịch sử/bảo tàng,culture
QNAM_0072,VinWonders Nam Hội An,Quảng Nam,Giải trí,Công viên/khu vui chơi/check-in,checkin
QNAM_0099,Đèo Le,Quảng Nam,Thiên nhiên,Biển/rừng/núi/sinh thái,beach
QNAM_0094,Đèo Lò Xo phía Quảng Nam,Quảng Nam,Thiên nhiên,Biển/rừng/núi/sinh thái,beach
QNAM_0081,Đỉnh Quế Tây Giang,Quảng Nam,Thiên nhiên,Biển/rừng/núi/sinh thái,beach
QNAM_0043,Địa đạo Kỳ Anh,Quảng Nam,Thiên nhiên,Biển đảo/rừng núi/sinh thái,beach
QNAM_0062,Bằng Am Chúa,Quảng Nam,Di tích,Điểm tham quan văn hóa,heritage
QNAM_0016,Bến thuyền sông Hoài,Quảng Nam,Di tích,Điểm tham quan văn hóa,heritage
QNAM_0012,Chợ Hội An,Quảng Nam,Ẩm thực,Chợ/đặc sản,food
QNAM_0101,Chợ Hội An mở rộng,Quảng Nam,Ẩm thực,Chợ/đặc sản,food
QNAM_0034,Chợ Tân Hiệp,Quảng Nam,Ẩm thực,Chợ/đặc sản,food
QNAM_0054,Chợ cá Tam Tiến,Quảng Nam,Ẩm thực,Chợ/đặc sản,food
QNAM_0090,Cửa khẩu Nam Giang,Quảng Nam,Di tích,Điểm tham quan văn hóa,heritage
QNAM_0071,Dinh trấn Thanh Chiêm,Quảng Nam,Di tích,Điểm tham quan văn hóa,heritage
QNAM_0096,Hòn Kẽm Đá Dừng,Quảng Nam,Thiên nhiên,Biển đảo/rừng núi/sinh thái,beach
QNAM_0057,Hố Giang Thơm,Quảng Nam,Di tích,Điểm tham quan văn hóa,heritage
QNAM_0060,Khe Lim,Quảng Nam,Di tích,Điểm tham quan văn hóa,heritage
QNAM_0095,Khu bảo tồn thiên nhiên Sông Thanh,Quảng Nam,Di tích,Điểm tham quan văn hóa,heritage
QNAM_0111,Khu sinh thái Thuận Tình,Quảng Nam,Di tích,Điểm tham quan văn hóa,heritage
QNAM_0038,Kinh đô Trà Kiệu,Quảng Nam,Di tích,Điểm tham quan văn hóa,heritage
QNAM_0055,Mũi Bàn Than,Quảng Nam,Di tích,Điểm tham quan văn hóa,heritage
QNAM_0039,Nhà thờ Trà Kiệu,Quảng Nam,Di tích,Điểm tham quan văn hóa,heritage
QNAM_0014,Phố đèn lồng Hội An,Quảng Nam,Di tích,Điểm tham quan văn hóa,heritage
QNAM_0048,Quảng trường 24/3 Tam Kỳ,Quảng Nam,Di tích,Điểm tham quan văn hóa,heritage
QNAM_0073,River Safari Nam Hội An,Quảng Nam,Di tích,Điểm tham quan văn hóa,heritage
QNAM_0085,Sâm Ngọc Linh Nam Trà My,Quảng Nam,Di tích,Điểm tham quan văn hóa,heritage
QNAM_0059,Sân bay Chu Lai viewpoint,Quảng Nam,Di tích,Điểm tham quan văn hóa,heritage
QNAM_0015,Sông Hoài,Quảng Nam,Di tích,Điểm tham quan văn hóa,heritage
QNAM_0070,Tháp Bằng An,Quảng Nam,Di tích,Điểm tham quan văn hóa,heritage
QNAM_0046,Tượng đài Mẹ Việt Nam Anh hùng,Quảng Nam,Di tích,Điểm tham quan văn hóa,heritage
QNAM_0100,Tượng đài chiến thắng Thượng Đức,Quảng Nam,Di tích,Điểm tham quan văn hóa,heritage
QNAM_0040,Đồi Bửu Châu Trà Kiệu,Quảng Nam,Di tích,Điểm tham quan văn hóa,heritage
QNAM_0079,Đồi chè Đông Giang,Quảng Nam,Di tích,Điểm tham quan văn hóa,heritage
QNAM_0102,Ẩm thực cao lầu Hội An,Quảng Nam,Ẩm thực,Chợ/đặc sản,food
QNG_0018,Bãi biển Mỹ Khê Quảng Ngãi,Quảng Ngãi,Thiên nhiên,Biển đảo/rừng núi/sinh thái,beach
QNG_0032,Bãi biển Sa Huỳnh,Quảng Ngãi,Thiên nhiên,Biển đảo/rừng núi/sinh thái,beach
QNG_0021,Bảo tàng Sơn Mỹ,Quảng Ngãi,Văn hóa,Di tích lịch sử/bảo tàng,culture
QNG_0035,Bảo tàng văn hóa Sa Huỳnh,Quảng Ngãi,Văn hóa,Di tích lịch sử/bảo tàng,culture
QNG_0004,Chùa Hang Lý Sơn,Quảng Ngãi,Tâm linh,Chùa/thiền viện,religious
QNG_0041,Chùa Thiên Ấn,Quảng Ngãi,Tâm linh,Chùa/thiền viện,religious
QNG_0005,Chùa Đục Lý Sơn,Quảng Ngãi,Tâm linh,Chùa/thiền viện,religious
QNG_0014,Chợ Lý Sơn,Quảng Ngãi,Thiên nhiên,Biển đảo/rừng núi/sinh thái,beach
QNG_0036,Cánh đồng muối Sa Huỳnh,Quảng Ngãi,Văn hóa,Di tích lịch sử/bảo tàng,culture
QNG_0016,Cánh đồng tỏi Lý Sơn,Quảng Ngãi,Thiên nhiên,Biển đảo/rừng núi/sinh thái,beach
QNG_0015,Cảng Lý Sơn,Quảng Ngãi,Thiên nhiên,Biển đảo/rừng núi/sinh thái,beach
QNG_0002,Cổng Tò Vò,Quảng Ngãi,Di tích,Điểm tham quan văn hóa,heritage
QNG_0008,Cột cờ Tổ quốc Lý Sơn,Quảng Ngãi,Thiên nhiên,Biển đảo/rừng núi/sinh thái,beach
QNG_0034,Di tích văn hóa Sa Huỳnh,Quảng Ngãi,Văn hóa,Di tích lịch sử/bảo tàng,culture
QNG_0012,Dinh Tam Tòa Lý Sơn,Quảng Ngãi,Tâm linh,Đền/phủ/miếu,religious
QNG_0003,Hang Câu,Quảng Ngãi,Thiên nhiên,Biển đảo/rừng núi/sinh thái,beach
QNG_0020,Khu chứng tích Sơn Mỹ,Quảng Ngãi,Văn hóa,Di tích lịch sử/bảo tàng,culture
QNG_0019,Khu du lịch biển Mỹ Khê,Quảng Ngãi,Thiên nhiên,Biển đảo/rừng núi/sinh thái,beach
QNG_0074,Làng nghề nước mắm Sa Huỳnh,Quảng Ngãi,Văn hóa,Di tích lịch sử/bảo tàng,culture
QNG_0039,Mũi Sa Huỳnh,Quảng Ngãi,Văn hóa,Di tích lịch sử/bảo tàng,culture
QNG_0040,Núi Thiên Ấn,Quảng Ngãi,Tâm linh,Chùa/thiền viện,religious
QNG_0011,Âm Linh Tự Lý Sơn,Quảng Ngãi,Tâm linh,Đền/phủ/miếu,religious
QNG_0068,Đình làng An Hải Lý Sơn,Quảng Ngãi,Tâm linh,Đền/phủ/miếu,religious
QNG_0069,Đình làng An Vĩnh Lý Sơn,Quảng Ngãi,Tâm linh,Đền/phủ/miếu,religious
QNG_0001,Đảo Lý Sơn,Quảng Ngãi,Thiên nhiên,Biển đảo/rừng núi/sinh thái,beach
QNG_0037,Đầm Nước Mặn Sa Huỳnh,Quảng Ngãi,Văn hóa,Di tích lịch sử/bảo tàng,culture
QNG_0026,Ba Làng An,Quảng Ngãi,Văn hóa cộng đồng,Bản làng/làng nghề/chợ,culture
QNG_0038,Biển Châu Me,Quảng Ngãi,Thiên nhiên,Biển đảo/rừng núi/sinh thái,beach
QNG_0010,Bãi Ngang Đảo Bé,Quảng Ngãi,Thiên nhiên,Biển đảo/rừng núi/sinh thái,beach
QNG_0028,Bãi biển Khe Hai,Quảng Ngãi,Thiên nhiên,Biển đảo/rừng núi/sinh thái,beach
QNG_0051,Bãi biển Minh Tân,Quảng Ngãi,Thiên nhiên,Biển đảo/rừng núi/sinh thái,beach
QNG_0053,Bảo tàng Khởi nghĩa Ba Tơ,Quảng Ngãi,Văn hóa,Di tích lịch sử/bảo tàng,culture
QNG_0045,Bảo tàng tổng hợp tỉnh Quảng Ngãi,Quảng Ngãi,Văn hóa,Di tích lịch sử/bảo tàng,culture
QNG_0062,Bảo tàng văn hóa Cor,Quảng Ngãi,Văn hóa,Di tích lịch sử/bảo tàng,culture
QNG_0076,Chợ Ba Tơ,Quảng Ngãi,Văn hóa,Di tích lịch sử/bảo tàng,culture
QNG_0023,Cửa biển Sa Kỳ,Quảng Ngãi,Thiên nhiên,Biển đảo/rừng núi/sinh thái,beach
QNG_0052,Di tích Ba Tơ,Quảng Ngãi,Văn hóa,Di tích lịch sử/bảo tàng,culture
QNG_0030,Di tích chiến thắng Vạn Tường,Quảng Ngãi,Văn hóa,Di tích lịch sử/bảo tàng,culture
QNG_0025,Gành Yến,Quảng Ngãi,Thiên nhiên,Biển đảo/rừng núi/sinh thái,beach
QNG_0017,Hòn Mù Cu,Quảng Ngãi,Thiên nhiên,Biển đảo/rừng núi/sinh thái,beach
QNG_0065,Hồ Nước Trong,Quảng Ngãi,Thiên nhiên,Biển đảo/rừng núi/sinh thái,beach
QNG_0007,Hồ Thới Lới,Quảng Ngãi,Thiên nhiên,Biển đảo/rừng núi/sinh thái,beach
QNG_0029,Khu du lịch biển Vạn Tường,Quảng Ngãi,Thiên nhiên,Biển đảo/rừng núi/sinh thái,beach
QNG_0057,Khu du lịch sinh thái Suối Chí,Quảng Ngãi,Thiên nhiên,Biển đảo/rừng núi/sinh thái,beach
QNG_0070,Làng chài Bình Châu,Quảng Ngãi,Văn hóa cộng đồng,Bản làng/làng nghề/chợ,culture
QNG_0022,Làng cổ Cổ Lũy,Quảng Ngãi,Thiên nhiên,Biển đảo/rừng núi/sinh thái,beach
QNG_0073,Làng nghề kẹo gương Quảng Ngãi,Quảng Ngãi,Văn hóa cộng đồng,Bản làng/làng nghề/chợ,culture
QNG_0072,Làng nghề đường phèn Quảng Ngãi,Quảng Ngãi,Văn hóa cộng đồng,Bản làng/làng nghề/chợ,culture
QNG_0027,Mũi Ba Làng An,Quảng Ngãi,Văn hóa cộng đồng,Bản làng/làng nghề/chợ,culture
QNG_0013,Nhà trưng bày Hải đội Hoàng Sa kiêm quản Bắc Hải,Quảng Ngãi,Văn hóa,Di tích lịch sử/bảo tàng,culture
QNG_0059,Núi Cà Đam,Quảng Ngãi,Thiên nhiên,Biển đảo/rừng núi/sinh thái,beach
QNG_0044,Núi Ấn - sông Trà,Quảng Ngãi,Thiên nhiên,Biển đảo/rừng núi/sinh thái,beach
QNG_0046,Quảng trường Phạm Văn Đồng,Quảng Ngãi,Giải trí,Công viên/khu vui chơi/check-in,checkin
QNG_0064,Ruộng bậc thang Ba Tơ,Quảng Ngãi,Văn hóa,Di tích lịch sử/bảo tàng,culture
QNG_0056,Suối Chí,Quảng Ngãi,Thiên nhiên,Biển đảo/rừng núi/sinh thái,beach
QNG_0067,Suối nước nóng Nghĩa Thuận,Quảng Ngãi,Thiên nhiên,Biển đảo/rừng núi/sinh thái,beach
QNG_0048,Thành cổ Châu Sa,Quảng Ngãi,Văn hóa,Di tích lịch sử/bảo tàng,culture
QNG_0066,Thác Cà Đú,Quảng Ngãi,Thiên nhiên,Biển đảo/rừng núi/sinh thái,beach
QNG_0058,Thác Lũng Ồ,Quảng Ngãi,Thiên nhiên,Biển đảo/rừng núi/sinh thái,beach
QNG_0055,Thác Trắng Minh Long,Quảng Ngãi,Thiên nhiên,Biển đảo/rừng núi/sinh thái,beach
QNG_0063,Đèo Vi Ô Lắc,Quảng Ngãi,Thiên nhiên,Biển đảo/rừng núi/sinh thái,beach
QNG_0009,Đảo Bé An Bình,Quảng Ngãi,Thiên nhiên,Biển đảo/rừng núi/sinh thái,beach
QNG_0033,Đầm An Khê,Quảng Ngãi,Thiên nhiên,Biển đảo/rừng núi/sinh thái,beach
QNG_0060,Đỉnh Cà Đam,Quảng Ngãi,Thiên nhiên,Biển đảo/rừng núi/sinh thái,beach
QNG_0006,Đỉnh Thới Lới,Quảng Ngãi,Thiên nhiên,Biển đảo/rừng núi/sinh thái,beach
QNG_0054,Đội du kích Ba Tơ,Quảng Ngãi,Văn hóa,Di tích lịch sử/bảo tàng,culture
QNG_0047,Chợ Quảng Ngãi,Quảng Ngãi,Ẩm thực,Chợ/đặc sản,food
QNG_0071,Chợ cá Sa Kỳ,Quảng Ngãi,Ẩm thực,Chợ/đặc sản,food
QNG_0075,Chợ Đức Phổ,Quảng Ngãi,Ẩm thực,Chợ/đặc sản,food
QNG_0024,Cảng Sa Kỳ,Quảng Ngãi,Di tích,Điểm tham quan văn hóa,heritage
QNG_0043,Cầu Cổ Lũy,Quảng Ngãi,Di tích,Điểm tham quan văn hóa,heritage
QNG_0031,Khu kinh tế Dung Quất viewpoint,Quảng Ngãi,Di tích,Điểm tham quan văn hóa,heritage
QNG_0049,Khu lưu niệm Thủ tướng Phạm Văn Đồng,Quảng Ngãi,Di tích,Điểm tham quan văn hóa,heritage
QNG_0050,Khu lưu niệm cố Thủ tướng Phạm Văn Đồng,Quảng Ngãi,Di tích,Điểm tham quan văn hóa,heritage
QNG_0061,Quế Trà Bồng,Quảng Ngãi,Di tích,Điểm tham quan văn hóa,heritage
QNG_0042,Sông Trà Khúc,Quảng Ngãi,Di tích,Điểm tham quan văn hóa,heritage
QN_0065,Bãi Robinson Quan Lạn,Quảng Ninh,Thiên nhiên,Biển đảo/danh thắng/sinh thái,beach
QN_0064,Bãi biển Minh Châu,Quảng Ninh,Thiên nhiên,Biển đảo/danh thắng/sinh thái,beach
QN_0063,Bãi biển Quan Lạn,Quảng Ninh,Thiên nhiên,Biển đảo/danh thắng/sinh thái,beach
QN_0101,Bãi biển Trà Cổ,Quảng Ninh,Thiên nhiên,Biển đảo/danh thắng/sinh thái,beach
QN_0028,Bãi biển Tuần Châu,Quảng Ninh,Thiên nhiên,Biển đảo/danh thắng/sinh thái,beach
QN_0135,Bãi cọc Bạch Đằng,Quảng Ninh,Văn hóa,Di tích lịch sử/bảo tàng,culture
QN_0089,Bãi tắm Tình Yêu Cô Tô,Quảng Ninh,Thiên nhiên,Biển đảo/danh thắng/sinh thái,beach
QN_0043,Bảo tàng Quảng Ninh,Quảng Ninh,Văn hóa,Di tích lịch sử/bảo tàng,culture
QN_0123,Chùa Ba Vàng,Quảng Ninh,Tâm linh,Chùa/thiền viện,religious
QN_0076,Chùa Cái Bầu,Quảng Ninh,Tâm linh,Chùa/thiền viện,religious
QN_0124,Chùa Lân - Thiền viện Trúc Lâm Yên Tử,Quảng Ninh,Tâm linh,Chùa/thiền viện,religious
QN_0068,Chùa Quan Lạn,Quảng Ninh,Tâm linh,Chùa/thiền viện,religious
QN_0114,Chùa Đồng Yên Tử,Quảng Ninh,Tâm linh,Chùa/thiền viện,religious
QN_0091,Chợ Cô Tô,Quảng Ninh,Thiên nhiên,Biển đảo/danh thắng/sinh thái,beach
QN_0152,Chợ phiên Bình Liêu,Quảng Ninh,Văn hóa cộng đồng,Bản làng/chợ phiên,culture
QN_0086,Con đường Tình Yêu Cô Tô,Quảng Ninh,Thiên nhiên,Biển đảo/danh thắng/sinh thái,beach
QN_0125,Cáp treo Yên Tử,Quảng Ninh,Tâm linh,Chùa/thiền viện,religious
QN_0090,Cảng Cô Tô,Quảng Ninh,Thiên nhiên,Biển đảo/danh thắng/sinh thái,beach
QN_0026,Cảng tàu khách Tuần Châu,Quảng Ninh,Thiên nhiên,Biển đảo/rừng núi/sinh thái,beach
QN_0066,Eo Gió Quan Lạn,Quảng Ninh,Di tích,Điểm tham quan văn hóa,heritage
QN_0003,Hang Sửng Sốt,Quảng Ninh,Thiên nhiên,Biển đảo/danh thắng/sinh thái,beach
QN_0085,Hải đăng Cô Tô,Quảng Ninh,Thiên nhiên,Biển đảo/danh thắng/sinh thái,beach
QN_0029,Khu biểu diễn cá heo Tuần Châu,Quảng Ninh,Di tích,Điểm tham quan văn hóa,heritage
QN_0002,Khu di sản thiên nhiên thế giới Vịnh Hạ Long,Quảng Ninh,Thiên nhiên,Biển đảo/danh thắng/sinh thái,beach
QN_0134,Khu di tích Bạch Đằng,Quảng Ninh,Văn hóa,Di tích lịch sử/bảo tàng,culture
QN_0113,Khu di tích danh thắng Yên Tử,Quảng Ninh,Tâm linh,Chùa/thiền viện,religious
QN_0146,Mốc 1297 Bình Liêu,Quảng Ninh,Thiên nhiên,Biển đảo/danh thắng/sinh thái,beach
QN_0147,Mốc 1300 Bình Liêu,Quảng Ninh,Thiên nhiên,Biển đảo/danh thắng/sinh thái,beach
QN_0145,Mốc 1305 Bình Liêu,Quảng Ninh,Thiên nhiên,Biển đảo/danh thắng/sinh thái,beach
QN_0069,Nghè Quan Lạn,Quảng Ninh,Di tích,Điểm tham quan văn hóa,heritage
QN_0092,Nhà lưu niệm Chủ tịch Hồ Chí Minh tại Cô Tô,Quảng Ninh,Thiên nhiên,Biển đảo/danh thắng/sinh thái,beach
QN_0104,Nhà thờ Trà Cổ,Quảng Ninh,Di tích,Điểm tham quan văn hóa,heritage
QN_0034,Sun World Ha Long Complex,Quảng Ninh,Giải trí,Công viên/khu vui chơi,checkin
QN_0144,Sống lưng khủng long Bình Liêu,Quảng Ninh,Thiên nhiên,Biển đảo/danh thắng/sinh thái,beach
QN_0061,Vườn quốc gia Bái Tử Long,Quảng Ninh,Thiên nhiên,Biển đảo/danh thắng/sinh thái,beach
QN_0060,Vịnh Bái Tử Long,Quảng Ninh,Thiên nhiên,Biển đảo/danh thắng/sinh thái,beach
QN_0001,Vịnh Hạ Long,Quảng Ninh,Thiên nhiên,Biển đảo/danh thắng/sinh thái,beach
QN_0067,Đình Quan Lạn,Quảng Ninh,Di tích,Đình làng,heritage
QN_0103,Đình Trà Cổ,Quảng Ninh,Di tích,Đình làng,heritage
QN_0081,Đảo Cô Tô,Quảng Ninh,Thiên nhiên,Biển đảo/danh thắng/sinh thái,beach
QN_0087,Đảo Cô Tô Con,Quảng Ninh,Thiên nhiên,Biển đảo/danh thắng/sinh thái,beach
QN_0062,Đảo Quan Lạn,Quảng Ninh,Thiên nhiên,Biển đảo/danh thắng/sinh thái,beach
QN_0011,Đảo Titop,Quảng Ninh,Thiên nhiên,Biển đảo/danh thắng/sinh thái,beach
QN_0027,Đảo Tuần Châu,Quảng Ninh,Thiên nhiên,Biển đảo/danh thắng/sinh thái,beach
QN_0004,Động Thiên Cung,Quảng Ninh,Thiên nhiên,Biển đảo/danh thắng/sinh thái,beach
QN_0118,Am Ngọa Vân,Quảng Ninh,Tâm linh,Đền/phủ/miếu,religious
QN_0031,Bãi Cháy,Quảng Ninh,Thiên nhiên,Biển đảo/danh thắng/sinh thái,beach
QN_0178,Bãi Cái Chiên,Quảng Ninh,Thiên nhiên,Biển đảo/danh thắng/sinh thái,beach
QN_0075,Bãi Dài Vân Đồn,Quảng Ninh,Thiên nhiên,Biển đảo/danh thắng/sinh thái,beach
QN_0032,Bãi biển Bãi Cháy,Quảng Ninh,Thiên nhiên,Biển đảo/danh thắng/sinh thái,beach
QN_0088,Bãi biển Bắc Vàn,Quảng Ninh,Thiên nhiên,Biển đảo/danh thắng/sinh thái,beach
QN_0083,Bãi biển Hồng Vàn,Quảng Ninh,Thiên nhiên,Biển đảo/danh thắng/sinh thái,beach
QN_0071,Bãi biển Ngọc Vừng,Quảng Ninh,Thiên nhiên,Biển đảo/danh thắng/sinh thái,beach
QN_0094,Bãi biển Thanh Lân,Quảng Ninh,Thiên nhiên,Biển đảo/danh thắng/sinh thái,beach
QN_0084,Bãi biển Vàn Chảy,Quảng Ninh,Thiên nhiên,Biển đảo/danh thắng/sinh thái,beach
QN_0110,Bãi biển Đầu Đông Vĩnh Thực,Quảng Ninh,Thiên nhiên,Biển đảo/danh thắng/sinh thái,beach
QN_0136,Bãi cọc Yên Giang,Quảng Ninh,Thiên nhiên,Biển đảo/danh thắng/sinh thái,beach
QN_0137,Bãi cọc Đồng Vạn Muối,Quảng Ninh,Thiên nhiên,Biển đảo/danh thắng/sinh thái,beach
QN_0054,Bãi tắm Cột 3,Quảng Ninh,Thiên nhiên,Biển đảo/danh thắng/sinh thái,beach
QN_0053,Bãi tắm Hòn Gai,Quảng Ninh,Thiên nhiên,Biển đảo/danh thắng/sinh thái,beach
QN_0058,Bãi tắm Marina Hạ Long,Quảng Ninh,Thiên nhiên,Biển đảo/danh thắng/sinh thái,beach
QN_0209,Bãi tắm Mắt Rồng,Quảng Ninh,Thiên nhiên,Biển đảo/danh thắng/sinh thái,beach
QN_0191,Bãi tắm Phương Đông Vân Đồn,Quảng Ninh,Thiên nhiên,Biển đảo/danh thắng/sinh thái,beach
QN_0158,Bãi tắm Quảng Hồng,Quảng Ninh,Thiên nhiên,Biển đảo/danh thắng/sinh thái,beach
QN_0201,Bãi tắm Soi Sim,Quảng Ninh,Thiên nhiên,Biển đảo/danh thắng/sinh thái,beach
QN_0080,Bãi tắm Sơn Hào,Quảng Ninh,Thiên nhiên,Biển đảo/danh thắng/sinh thái,beach
QN_0012,Bãi tắm Titop,Quảng Ninh,Thiên nhiên,Biển đảo/danh thắng/sinh thái,beach
QN_0105,Bãi Đá Đen,Quảng Ninh,Thiên nhiên,Biển đảo/danh thắng/sinh thái,religious
QN_0177,Bãi Đầu Rồng Cái Chiên,Quảng Ninh,Thiên nhiên,Biển đảo/danh thắng/sinh thái,beach
QN_0082,Bãi đá Cầu Mỵ,Quảng Ninh,Thiên nhiên,Biển đảo/danh thắng/sinh thái,beach
QN_0151,Bản Cao Thắng,Quảng Ninh,Văn hóa cộng đồng,Bản làng/chợ phiên,culture
QN_0155,Bản Khe Tiền,Quảng Ninh,Văn hóa cộng đồng,Bản làng/chợ phiên,culture
QN_0150,Bản Sông Moóc,Quảng Ninh,Văn hóa cộng đồng,Bản làng/chợ phiên,culture
QN_0025,Bến tàu khách quốc tế Hạ Long,Quảng Ninh,Thiên nhiên,Biển đảo/danh thắng/sinh thái,beach
QN_0143,Cao Ly,Quảng Ninh,Thiên nhiên,Biển đảo/danh thắng/sinh thái,beach
QN_0116,Chùa Giải Oan,Quảng Ninh,Tâm linh,Chùa/thiền viện,religious
QN_0129,Chùa Hang Son,Quảng Ninh,Tâm linh,Chùa/thiền viện,religious
QN_0115,Chùa Hoa Yên,Quảng Ninh,Tâm linh,Chùa/thiền viện,religious
QN_0047,Chùa Long Tiên,Quảng Ninh,Tâm linh,Chùa/thiền viện,religious
QN_0196,Chùa Lôi Âm,Quảng Ninh,Tâm linh,Chùa/thiền viện,religious
QN_0199,Chùa Lôi Âm Thượng,Quảng Ninh,Tâm linh,Chùa/thiền viện,religious
QN_0117,Chùa Một Mái,Quảng Ninh,Tâm linh,Chùa/thiền viện,religious
QN_0120,Chùa Ngọa Vân,Quảng Ninh,Tâm linh,Chùa/thiền viện,religious
QN_0121,Chùa Quỳnh Lâm,Quảng Ninh,Tâm linh,Chùa/thiền viện,religious
QN_0107,Chùa Xuân Lan,Quảng Ninh,Tâm linh,Chùa/thiền viện,religious
QN_0049,Chợ Hạ Long 1,Quảng Ninh,Thiên nhiên,Biển đảo/danh thắng/sinh thái,beach
QN_0050,Chợ Hạ Long 2,Quảng Ninh,Thiên nhiên,Biển đảo/danh thắng/sinh thái,beach
QN_0141,Chợ Rừng Quảng Yên,Quảng Ninh,Thiên nhiên,Biển đảo/danh thắng/sinh thái,beach
QN_0211,Chợ đêm Hòn Gai,Quảng Ninh,Văn hóa cộng đồng,Bản làng/chợ phiên,culture
QN_0039,Chợ đêm Hạ Long,Quảng Ninh,Văn hóa cộng đồng,Bản làng/chợ phiên,culture
QN_0052,Công viên Hạ Long,Quảng Ninh,Thiên nhiên,Biển đảo/danh thắng/sinh thái,beach
QN_0057,Công viên hoa Hạ Long,Quảng Ninh,Thiên nhiên,Biển đảo/danh thắng/sinh thái,beach
QN_0042,Công viên Đại Dương Hạ Long,Quảng Ninh,Thiên nhiên,Biển đảo/danh thắng/sinh thái,beach
QN_0033,Cầu Bãi Cháy,Quảng Ninh,Thiên nhiên,Biển đảo/danh thắng/sinh thái,beach
QN_0037,Dragon Park Hạ Long,Quảng Ninh,Thiên nhiên,Biển đảo/danh thắng/sinh thái,beach
QN_0161,Hang Kim Quy Vũng Đục,Quảng Ninh,Thiên nhiên,Biển đảo/danh thắng/sinh thái,beach
QN_0006,Hang Luồn,Quảng Ninh,Thiên nhiên,Biển đảo/danh thắng/sinh thái,beach
QN_0009,Hang Mê Cung,Quảng Ninh,Thiên nhiên,Biển đảo/danh thắng/sinh thái,beach
QN_0008,Hang Trinh Nữ,Quảng Ninh,Thiên nhiên,Biển đảo/danh thắng/sinh thái,beach
QN_0007,Hang Trống,Quảng Ninh,Thiên nhiên,Biển đảo/danh thắng/sinh thái,beach
QN_0005,Hang Đầu Gỗ,Quảng Ninh,Thiên nhiên,Biển đảo/danh thắng/sinh thái,beach
QN_0016,Hòn Đỉnh Hương,Quảng Ninh,Thiên nhiên,Biển đảo/danh thắng/sinh thái,beach
QN_0059,Hạ Long Marine Plaza,Quảng Ninh,Thiên nhiên,Biển đảo/danh thắng/sinh thái,beach
QN_0023,Hồ Ba Hầm,Quảng Ninh,Thiên nhiên,Biển đảo/danh thắng/sinh thái,beach
QN_0197,Hồ Yên Lập,Quảng Ninh,Thiên nhiên,Biển đảo/danh thắng/sinh thái,beach
QN_0128,Hồ Yên Trung,Quảng Ninh,Thiên nhiên,Biển đảo/danh thắng/sinh thái,beach
QN_0174,Hồ Đầm Hà Động,Quảng Ninh,Thiên nhiên,Biển đảo/danh thắng/sinh thái,beach
QN_0022,Hồ Động Tiên,Quảng Ninh,Thiên nhiên,Biển đảo/danh thắng/sinh thái,beach
QN_0162,Khu di tích mỏ than Cọc Sáu,Quảng Ninh,Văn hóa,Di tích lịch sử/bảo tàng,culture
QN_0119,Khu di tích nhà Trần tại Đông Triều,Quảng Ninh,Văn hóa,Di tích lịch sử/bảo tàng,culture
QN_0198,Khu du lịch hồ Yên Lập,Quảng Ninh,Thiên nhiên,Biển đảo/danh thắng/sinh thái,beach
QN_0021,Làng chài Ba Hang,Quảng Ninh,Văn hóa cộng đồng,Bản làng/chợ phiên,culture
QN_0019,Làng chài Cửa Vạn,Quảng Ninh,Văn hóa cộng đồng,Bản làng/chợ phiên,culture
QN_0056,Làng chài Hà Phong,Quảng Ninh,Văn hóa cộng đồng,Bản làng/chợ phiên,culture
QN_0020,Làng chài Vung Viêng,Quảng Ninh,Văn hóa cộng đồng,Bản làng/chợ phiên,culture
QN_0132,Làng gốm Đông Triều,Quảng Ninh,Văn hóa cộng đồng,Bản làng/chợ phiên,culture
QN_0187,Làng nghề chả mực Hạ Long,Quảng Ninh,Văn hóa cộng đồng,Bản làng/chợ phiên,culture
QN_0185,Làng nghề ngọc trai Hạ Long,Quảng Ninh,Văn hóa cộng đồng,Bản làng/chợ phiên,culture
QN_0190,Làng nghề sá sùng Vân Đồn,Quảng Ninh,Văn hóa cộng đồng,Bản làng/chợ phiên,culture
QN_0139,Miếu Vua Bà,Quảng Ninh,Tâm linh,Đền/phủ/miếu,religious
QN_0046,Núi Bài Thơ,Quảng Ninh,Thiên nhiên,Biển đảo/danh thắng/sinh thái,beach
QN_0153,Núi Cao Xiêm,Quảng Ninh,Thiên nhiên,Biển đảo/danh thắng/sinh thái,beach
QN_0040,Phố cổ Bãi Cháy,Quảng Ninh,Văn hóa cộng đồng,Bản làng/chợ phiên,culture
QN_0168,Phố cổ Tiên Yên,Quảng Ninh,Văn hóa cộng đồng,Bản làng/chợ phiên,culture
QN_0041,Quảng trường Sun Carnival Hạ Long,Quảng Ninh,Thiên nhiên,Biển đảo/danh thắng/sinh thái,beach
QN_0183,Rừng lim Ba Chẽ,Quảng Ninh,Thiên nhiên,Biển đảo/danh thắng/sinh thái,beach
QN_0126,Suối Giải Oan,Quảng Ninh,Thiên nhiên,Biển đảo/danh thắng/sinh thái,beach
QN_0164,Suối khoáng nóng Quang Hanh,Quảng Ninh,Thiên nhiên,Biển đảo/danh thắng/sinh thái,beach
QN_0182,Thác Khe Lạnh,Quảng Ninh,Thiên nhiên,Biển đảo/danh thắng/sinh thái,beach
QN_0148,Thác Khe Vằn,Quảng Ninh,Thiên nhiên,Biển đảo/danh thắng/sinh thái,beach
QN_0170,Thác Pạc Sủi,Quảng Ninh,Thiên nhiên,Biển đảo/danh thắng/sinh thái,beach
QN_0149,Thác Sông Moóc,Quảng Ninh,Thiên nhiên,Biển đảo/danh thắng/sinh thái,beach
QN_0079,Thương cảng cổ Vân Đồn,Quảng Ninh,Văn hóa,Di tích lịch sử/bảo tàng,culture
QN_0038,Typhoon Water Park Hạ Long,Quảng Ninh,Thiên nhiên,Biển đảo/danh thắng/sinh thái,beach
QN_0051,Vincom Plaza Hạ Long,Quảng Ninh,Thiên nhiên,Biển đảo/danh thắng/sinh thái,beach
QN_0036,Vòng quay Mặt Trời Hạ Long,Quảng Ninh,Thiên nhiên,Biển đảo/danh thắng/sinh thái,beach
QN_0024,Vịnh Lan Hạ - tuyến Hạ Long,Quảng Ninh,Thiên nhiên,Biển đảo/danh thắng/sinh thái,beach
QN_0072,Đảo Ba Mùn,Quảng Ninh,Thiên nhiên,Biển đảo/danh thắng/sinh thái,beach
QN_0202,Đảo Bồ Hòn,Quảng Ninh,Thiên nhiên,Biển đảo/danh thắng/sinh thái,beach
QN_0176,Đảo Cái Chiên,Quảng Ninh,Thiên nhiên,Biển đảo/danh thắng/sinh thái,beach
QN_0073,Đảo Cái Lim,Quảng Ninh,Thiên nhiên,Biển đảo/danh thắng/sinh thái,beach
QN_0205,Đảo Cống Tây,Quảng Ninh,Thiên nhiên,Biển đảo/danh thắng/sinh thái,beach
QN_0204,Đảo Cống Đỏ,Quảng Ninh,Thiên nhiên,Biển đảo/danh thắng/sinh thái,beach
QN_0142,Đảo Hà Nam Quảng Yên,Quảng Ninh,Thiên nhiên,Biển đảo/rừng núi/sinh thái,beach
QN_0208,Đảo Mắt Rồng,Quảng Ninh,Thiên nhiên,Biển đảo/danh thắng/sinh thái,beach
QN_0070,Đảo Ngọc Vừng,Quảng Ninh,Thiên nhiên,Biển đảo/danh thắng/sinh thái,beach
QN_0166,Đảo Rều,Quảng Ninh,Thiên nhiên,Biển đảo/danh thắng/sinh thái,beach
QN_0210,Đảo Rều Hạ Long,Quảng Ninh,Thiên nhiên,Biển đảo/danh thắng/sinh thái,beach
QN_0200,Đảo Soi Sim,Quảng Ninh,Thiên nhiên,Biển đảo/danh thắng/sinh thái,beach
QN_0093,Đảo Thanh Lân,Quảng Ninh,Thiên nhiên,Biển đảo/danh thắng/sinh thái,beach
QN_0074,Đảo Trà Bản,Quảng Ninh,Thiên nhiên,Biển đảo/danh thắng/sinh thái,beach
QN_0112,Đảo Vĩnh Trung,Quảng Ninh,Thiên nhiên,Biển đảo/danh thắng/sinh thái,beach
QN_0173,Đảo Đá Dựng,Quảng Ninh,Thiên nhiên,Biển đảo/danh thắng/sinh thái,beach
QN_0203,Đảo Đầu Bê,Quảng Ninh,Thiên nhiên,Biển đảo/danh thắng/sinh thái,beach
QN_0122,Đền An Sinh,Quảng Ninh,Tâm linh,Đền/phủ/miếu,religious
QN_0195,Đền Cặp Tiên,Quảng Ninh,Tâm linh,Đền/phủ/miếu,religious
QN_0157,Đền Cửa Ông,Quảng Ninh,Tâm linh,Đền/phủ/miếu,religious
QN_0138,Đền Trần Hưng Đạo Quảng Yên,Quảng Ninh,Tâm linh,Đền/phủ/miếu,religious
QN_0108,Đền Xã Tắc Móng Cái,Quảng Ninh,Tâm linh,Đền/phủ/miếu,religious
QN_0048,Đền Đức Ông Trần Quốc Nghiễn,Quảng Ninh,Tâm linh,Đền/phủ/miếu,religious
QN_0013,Đỉnh Titop viewpoint,Quảng Ninh,Thiên nhiên,Biển đảo/danh thắng/sinh thái,beach
QN_0010,Động Kim Quy,Quảng Ninh,Thiên nhiên,Biển đảo/danh thắng/sinh thái,beach
QN_0160,Động Vũng Đục,Quảng Ninh,Thiên nhiên,Biển đảo/danh thắng/sinh thái,beach
QN_0181,Ba Chẽ,Quảng Ninh,Di tích,Điểm tham quan văn hóa,heritage
QN_0193,Casino Vân Đồn,Quảng Ninh,Giải trí,Công viên/khu vui chơi,checkin
QN_0184,Chợ Ba Chẽ,Quảng Ninh,Ẩm thực,Chợ/đặc sản,food
QN_0078,Chợ Cái Rồng,Quảng Ninh,Ẩm thực,Chợ/đặc sản,food
QN_0163,Chợ Cẩm Phả,Quảng Ninh,Ẩm thực,Chợ/đặc sản,food
QN_0179,Chợ Hải Hà,Quảng Ninh,Ẩm thực,Chợ/đặc sản,food
QN_0098,Chợ Móng Cái,Quảng Ninh,Ẩm thực,Chợ/đặc sản,food
QN_0169,Chợ Tiên Yên,Quảng Ninh,Ẩm thực,Chợ/đặc sản,food
QN_0130,Chợ Uông Bí,Quảng Ninh,Ẩm thực,Chợ/đặc sản,food
QN_0188,Chợ hải sản Cái Dăm,Quảng Ninh,Ẩm thực,Chợ/đặc sản,food
QN_0099,Chợ trung tâm Móng Cái,Quảng Ninh,Ẩm thực,Chợ/đặc sản,food
QN_0175,Chợ Đầm Hà,Quảng Ninh,Ẩm thực,Chợ/đặc sản,food
QN_0044,"Cung Quy hoạch, Hội chợ và Triển lãm Quảng Ninh",Quảng Ninh,Ẩm thực,Chợ/đặc sản,food
QN_0035,Cáp treo Nữ Hoàng,Quảng Ninh,Giải trí,Công viên/khu vui chơi,checkin
QN_0077,Cảng Cái Rồng,Quảng Ninh,Di tích,Điểm tham quan văn hóa,heritage
QN_0055,Cảng tàu khách Hòn Gai,Quảng Ninh,Thiên nhiên,Biển đảo/rừng núi/sinh thái,beach
QN_0097,Cầu Bắc Luân,Quảng Ninh,Di tích,Điểm tham quan văn hóa,heritage
QN_0156,Cẩm Phả,Quảng Ninh,Di tích,Điểm tham quan văn hóa,heritage
QN_0180,Cửa khẩu Bắc Phong Sinh,Quảng Ninh,Di tích,Điểm tham quan văn hóa,heritage
QN_0096,Cửa khẩu quốc tế Móng Cái,Quảng Ninh,Di tích,Điểm tham quan văn hóa,heritage
QN_0015,Hòn Chó Đá,Quảng Ninh,Di tích,Điểm tham quan văn hóa,heritage
QN_0017,Hòn Con Cóc,Quảng Ninh,Thiên nhiên,Biển đảo/rừng núi/sinh thái,beach
QN_0018,Hòn Lã Vọng,Quảng Ninh,Thiên nhiên,Biển đảo/rừng núi/sinh thái,beach
QN_0014,Hòn Trống Mái,Quảng Ninh,Thiên nhiên,Biển đảo/rừng núi/sinh thái,beach
QN_0111,Hải đăng Vĩnh Thực,Quảng Ninh,Thiên nhiên,Biển đảo/rừng núi/sinh thái,beach
QN_0109,Khu du lịch Vĩnh Thực,Quảng Ninh,Thiên nhiên,Biển đảo/rừng núi/sinh thái,beach
QN_0159,Khu du lịch Vũng Đục,Quảng Ninh,Di tích,Điểm tham quan văn hóa,heritage
QN_0206,Khu vực Cặp La,Quảng Ninh,Di tích,Điểm tham quan văn hóa,heritage
QN_0207,Khu vực Tùng Sâu,Quảng Ninh,Di tích,Điểm tham quan văn hóa,heritage
QN_0189,Khu ẩm thực Cái Dăm,Quảng Ninh,Ẩm thực,Chợ/đặc sản,food
QN_0095,Móng Cái,Quảng Ninh,Di tích,Điểm tham quan văn hóa,heritage
QN_0171,Mũi Lòng Vàng,Quảng Ninh,Di tích,Điểm tham quan văn hóa,heritage
QN_0102,Mũi Sa Vĩ,Quảng Ninh,Di tích,Điểm tham quan văn hóa,heritage
QN_0133,Mạo Khê - di sản mỏ than,Quảng Ninh,Làng nghề,Trải nghiệm văn hóa,culture
QN_0100,Phố đi bộ Móng Cái,Quảng Ninh,Di tích,Điểm tham quan văn hóa,heritage
QN_0045,Quảng trường 30/10,Quảng Ninh,Giải trí,Công viên/khu vui chơi,checkin
QN_0192,Sonasea Vân Đồn Harbor City,Quảng Ninh,Di tích,Điểm tham quan văn hóa,heritage
QN_0194,Sân bay quốc tế Vân Đồn viewpoint,Quảng Ninh,Di tích,Điểm tham quan văn hóa,heritage
QN_0106,Sân golf Móng Cái,Quảng Ninh,Giải trí,Công viên/khu vui chơi,checkin
QN_0131,Sân golf Đông Triều,Quảng Ninh,Giải trí,Công viên/khu vui chơi,checkin
QN_0167,Tiên Yên,Quảng Ninh,Di tích,Điểm tham quan văn hóa,heritage
QN_0186,Trại nuôi cấy ngọc trai Vân Đồn,Quảng Ninh,Làng nghề,Trải nghiệm văn hóa,culture
QN_0030,Tuan Chau Marina,Quảng Ninh,Giải trí,Công viên/khu vui chơi,checkin
QN_0127,Tượng Phật hoàng Trần Nhân Tông,Quảng Ninh,Di tích,Điểm tham quan văn hóa,heritage
QN_0165,Yoko Onsen Quang Hanh,Quảng Ninh,Di tích,Điểm tham quan văn hóa,heritage
QN_0154,Đình Lục Nà,Quảng Ninh,Di tích,Đình làng,heritage
QN_0140,Đình Yên Giang,Quảng Ninh,Di tích,Đình làng,heritage
QN_0172,Đầm Hà,Quảng Ninh,Di tích,Điểm tham quan văn hóa,heritage
QT_0044,Bãi biển Cồn Cỏ,Quảng Trị,Thiên nhiên,Biển/đầm phá/rừng/sinh thái,beach
QT_0032,Bảo tàng Khe Sanh,Quảng Trị,Văn hóa,Di tích lịch sử/bảo tàng,culture
QT_0002,Bảo tàng Thành cổ Quảng Trị,Quảng Trị,Văn hóa,Di tích lịch sử/bảo tàng,culture
QT_0015,Bảo tàng địa đạo Vịnh Mốc,Quảng Trị,Văn hóa,Di tích lịch sử/bảo tàng,culture
QT_0046,Bến tàu Cồn Cỏ,Quảng Trị,Thiên nhiên,Biển/đầm phá/rừng/sinh thái,beach
QT_0064,Chợ Khe Sanh,Quảng Trị,Văn hóa,Di tích lịch sử/bảo tàng,culture
QT_0008,Cầu Hiền Lương,Quảng Trị,Văn hóa,Di tích lịch sử/bảo tàng,culture
QT_0011,Cột cờ Hiền Lương,Quảng Trị,Di tích,Điểm tham quan văn hóa,heritage
QT_0010,Di tích Đôi bờ Hiền Lương - Bến Hải,Quảng Trị,Văn hóa,Di tích lịch sử/bảo tàng,culture
QT_0045,Hải đăng Cồn Cỏ,Quảng Trị,Thiên nhiên,Biển/đầm phá/rừng/sinh thái,beach
QT_0063,Khe Sanh Coffee Farm,Quảng Trị,Văn hóa,Di tích lịch sử/bảo tàng,culture
QT_0030,Khu di tích Đường 9 - Khe Sanh,Quảng Trị,Văn hóa,Di tích lịch sử/bảo tàng,culture
QT_0006,Nhà thờ La Vang,Quảng Trị,Văn hóa,Di tích lịch sử/bảo tàng,culture
QT_0047,Nhà truyền thống Cồn Cỏ,Quảng Trị,Thiên nhiên,Biển/đầm phá/rừng/sinh thái,beach
QT_0040,Sân bay Khe Sanh cũ,Quảng Trị,Văn hóa,Di tích lịch sử/bảo tàng,culture
QT_0001,Thành cổ Quảng Trị,Quảng Trị,Văn hóa,Di tích lịch sử/bảo tàng,culture
QT_0007,Thánh địa La Vang,Quảng Trị,Văn hóa,Di tích lịch sử/bảo tàng,culture
QT_0003,Đài tưởng niệm Thành cổ Quảng Trị,Quảng Trị,Văn hóa,Di tích lịch sử/bảo tàng,culture
QT_0043,Đảo Cồn Cỏ,Quảng Trị,Thiên nhiên,Biển/đầm phá/rừng/sinh thái,beach
QT_0013,Địa đạo Vịnh Mốc,Quảng Trị,Thiên nhiên,Biển đảo/rừng núi/sinh thái,beach
QT_0051,Biển Mỹ Thủy,Quảng Trị,Thiên nhiên,Biển/đầm phá/rừng/sinh thái,beach
QT_0016,Bãi biển Cửa Tùng,Quảng Trị,Thiên nhiên,Biển/đầm phá/rừng/sinh thái,beach
QT_0048,Bãi biển Cửa Việt,Quảng Trị,Thiên nhiên,Biển/đầm phá/rừng/sinh thái,beach
QT_0052,Bãi biển Gio Hải,Quảng Trị,Thiên nhiên,Biển/đầm phá/rừng/sinh thái,beach
QT_0050,Bãi biển Triệu Lăng,Quảng Trị,Thiên nhiên,Biển đảo/rừng núi/sinh thái,beach
QT_0017,Bãi tắm Cửa Tùng,Quảng Trị,Thiên nhiên,Biển/đầm phá/rừng/sinh thái,beach
QT_0074,Bãi tắm Cửa Việt Resort,Quảng Trị,Thiên nhiên,Biển/đầm phá/rừng/sinh thái,beach
QT_0066,Bản Chênh Vênh,Quảng Trị,Văn hóa cộng đồng,Bản làng/làng nghề/chợ,culture
QT_0067,Bản Klu,Quảng Trị,Văn hóa cộng đồng,Bản làng/làng nghề/chợ,culture
QT_0023,Bảo tàng Quảng Trị,Quảng Trị,Văn hóa,Di tích lịch sử/bảo tàng,culture
QT_0055,Chùa Sắc Tứ Tịnh Quang,Quảng Trị,Tâm linh,Chùa/thiền viện,religious
QT_0075,Chợ đêm Đông Hà,Quảng Trị,Văn hóa cộng đồng,Bản làng/làng nghề/chợ,culture
QT_0033,Căn cứ Làng Vây,Quảng Trị,Văn hóa cộng đồng,Bản làng/làng nghề/chợ,culture
QT_0049,Cảng Cửa Việt,Quảng Trị,Thiên nhiên,Biển/đầm phá/rừng/sinh thái,beach
QT_0071,Dốc Miếu,Quảng Trị,Tâm linh,Đền/phủ/miếu/lăng tẩm,religious
QT_0072,Hàng rào điện tử McNamara,Quảng Trị,Tâm linh,Đền/phủ/miếu/lăng tẩm,religious
QT_0060,Khu Chính phủ Cách mạng lâm thời Cộng hòa miền Nam Việt Nam,Quảng Trị,Tâm linh,Đền/phủ/miếu/lăng tẩm,religious
QT_0054,Khu sinh thái Trằm Trà Lộc,Quảng Trị,Thiên nhiên,Biển/đầm phá/rừng/sinh thái,beach
QT_0068,Làng Vây,Quảng Trị,Văn hóa cộng đồng,Bản làng/làng nghề/chợ,culture
QT_0057,Làng cổ Bích La,Quảng Trị,Thiên nhiên,Biển đảo/rừng núi/sinh thái,beach
QT_0014,Làng hầm Vịnh Mốc,Quảng Trị,Thiên nhiên,Biển đảo/rừng núi/sinh thái,beach
QT_0076,Làng nghề bánh ướt Phương Lang,Quảng Trị,Văn hóa cộng đồng,Bản làng/làng nghề/chợ,culture
QT_0077,Làng nghề nước mắm Mỹ Thủy,Quảng Trị,Văn hóa cộng đồng,Bản làng/làng nghề/chợ,culture
QT_0021,Nghĩa trang liệt sĩ Trường Sơn,Quảng Trị,Văn hóa,Di tích lịch sử/bảo tàng,culture
QT_0022,Nghĩa trang liệt sĩ Đường 9,Quảng Trị,Văn hóa,Di tích lịch sử/bảo tàng,culture
QT_0026,Quảng trường Trung tâm Văn hóa - Điện ảnh Quảng Trị,Quảng Trị,Tâm linh,Đền/phủ/miếu/lăng tẩm,religious
QT_0020,Rừng nguyên sinh Rú Lịnh,Quảng Trị,Thiên nhiên,Biển/đầm phá/rừng/sinh thái,beach
QT_0062,Suối nước nóng Klu,Quảng Trị,Thiên nhiên,Biển/đầm phá/rừng/sinh thái,beach
QT_0009,Sông Bến Hải,Quảng Trị,Văn hóa,Di tích lịch sử/bảo tàng,culture
QT_0036,Thác Chênh Vênh,Quảng Trị,Thiên nhiên,Biển/đầm phá/rừng/sinh thái,beach
QT_0037,Thác Tà Puồng,Quảng Trị,Thiên nhiên,Biển/đầm phá/rừng/sinh thái,beach
QT_0053,Trằm Trà Lộc,Quảng Trị,Thiên nhiên,Biển/đầm phá/rừng/sinh thái,beach
QT_0078,Đặc sản cháo bột Hải Lăng,Quảng Trị,Tâm linh,Đền/phủ/miếu/lăng tẩm,religious
QT_0039,Đỉnh Cu Vơ,Quảng Trị,Thiên nhiên,Biển/đầm phá/rừng/sinh thái,beach
QT_0041,Động Brai,Quảng Trị,Thiên nhiên,Biển/đầm phá/rừng/sinh thái,beach
QT_0038,Động Tà Puồng,Quảng Trị,Thiên nhiên,Biển/đầm phá/rừng/sinh thái,beach
QT_0005,Bến thả hoa sông Thạch Hãn,Quảng Trị,Di tích,Điểm tham quan văn hóa,heritage
QT_0070,Cao điểm 241 Tân Lâm,Quảng Trị,Di tích,Điểm tham quan văn hóa,heritage
QT_0065,Chợ Lao Bảo,Quảng Trị,Ẩm thực,Chợ/đặc sản,food
QT_0079,Chợ Quảng Trị,Quảng Trị,Ẩm thực,Chợ/đặc sản,food
QT_0024,Chợ Đông Hà,Quảng Trị,Ẩm thực,Chợ/đặc sản,food
QT_0025,Công viên Fidel Castro,Quảng Trị,Giải trí,Công viên/khu vui chơi,checkin
QT_0061,Cầu treo Bến Tắt,Quảng Trị,Di tích,Điểm tham quan văn hóa,heritage
QT_0028,Cầu treo Đakrông,Quảng Trị,Di tích,Điểm tham quan văn hóa,heritage
QT_0073,Cầu treo Đakrông cũ,Quảng Trị,Di tích,Điểm tham quan văn hóa,heritage
QT_0034,Cửa khẩu quốc tế Lao Bảo,Quảng Trị,Di tích,Điểm tham quan văn hóa,heritage
QT_0035,Khu thương mại Lao Bảo,Quảng Trị,Di tích,Điểm tham quan văn hóa,heritage
QT_0018,Mũi Lay,Quảng Trị,Di tích,Điểm tham quan văn hóa,heritage
QT_0019,Mũi Trèo,Quảng Trị,Di tích,Điểm tham quan văn hóa,heritage
QT_0027,Nhà thờ Đông Hà,Quảng Trị,Di tích,Điểm tham quan văn hóa,heritage
QT_0012,Nhà trưng bày Vĩ tuyến 17,Quảng Trị,Di tích,Điểm tham quan văn hóa,heritage
QT_0031,Sân bay Tà Cơn,Quảng Trị,Di tích,Điểm tham quan văn hóa,heritage
QT_0004,Sông Thạch Hãn,Quảng Trị,Di tích,Điểm tham quan văn hóa,heritage
QT_0029,Sông Đakrông,Quảng Trị,Di tích,Điểm tham quan văn hóa,heritage
QT_0059,Đình Cam Lộ,Quảng Trị,Di tích,Đình làng,heritage
QT_0058,Đình Hà Thượng,Quảng Trị,Di tích,Đình làng,heritage
QT_0056,Đình làng Bích La,Quảng Trị,Di tích,Đình làng,heritage
QT_0069,Đồi 544,Quảng Trị,Di tích,Điểm tham quan văn hóa,heritage
QT_0042,Đồi Rockpile,Quảng Trị,Di tích,Điểm tham quan văn hóa,heritage
ST_0041,Bãi biển Trần Đề,Sóc Trăng,Thiên nhiên,Sông nước/rừng tràm/đất ngập nước,beach
ST_0037,Bãi bồi Cù Lao Dung,Sóc Trăng,Văn hóa cộng đồng,Chợ/làng nghề/miệt vườn,culture
ST_0033,Bến chợ nổi Ngã Năm,Sóc Trăng,Văn hóa cộng đồng,Chợ/làng nghề/miệt vườn,culture
ST_0006,Chùa Chén Kiểu,Sóc Trăng,Tâm linh,Chùa/thiền viện,religious
ST_0001,Chùa Dơi,Sóc Trăng,Tâm linh,Chùa/thiền viện,religious
ST_0005,Chùa Khleang,Sóc Trăng,Tâm linh,Chùa/thiền viện,religious
ST_0008,Chùa Som Rong,Sóc Trăng,Tâm linh,Chùa/thiền viện,religious
ST_0003,Chùa Đất Sét,Sóc Trăng,Tâm linh,Chùa/thiền viện,religious
ST_0032,Chợ Ngã Năm,Sóc Trăng,Văn hóa cộng đồng,Chợ/làng nghề/miệt vườn,culture
ST_0043,Chợ Trần Đề,Sóc Trăng,Văn hóa cộng đồng,Chợ/làng nghề/miệt vườn,culture
ST_0031,Chợ nổi Ngã Năm,Sóc Trăng,Văn hóa cộng đồng,Chợ/làng nghề/miệt vườn,culture
ST_0034,Cù Lao Dung,Sóc Trăng,Văn hóa cộng đồng,Chợ/làng nghề/miệt vườn,culture
ST_0030,Cơ sở bánh pía Tân Huê Viên,Sóc Trăng,Ẩm thực,Khu ẩm thực/đặc sản,food
ST_0040,Cảng Trần Đề,Sóc Trăng,Thiên nhiên,Sông nước/rừng tràm/đất ngập nước,nature
ST_0024,Cồn Mỹ Phước,Sóc Trăng,Văn hóa cộng đồng,Chợ/làng nghề/miệt vườn,culture
ST_0039,Cửa biển Trần Đề,Sóc Trăng,Thiên nhiên,Sông nước/rừng tràm/đất ngập nước,beach
ST_0035,Khu du lịch sinh thái Cù Lao Dung,Sóc Trăng,Văn hóa cộng đồng,Chợ/làng nghề/miệt vườn,culture
ST_0025,Khu du lịch sinh thái Cồn Mỹ Phước,Sóc Trăng,Văn hóa cộng đồng,Chợ/làng nghề/miệt vườn,culture
ST_0029,Làng bánh pía Sóc Trăng,Sóc Trăng,Văn hóa cộng đồng,Chợ/làng nghề/miệt vườn,culture
ST_0042,Làng chài Trần Đề,Sóc Trăng,Thiên nhiên,Biển đảo/rừng núi/sinh thái,beach
ST_0028,Làng nghề bánh pía Vũng Thơm,Sóc Trăng,Văn hóa cộng đồng,Chợ/làng nghề/miệt vườn,culture
ST_0036,Rừng bần Cù Lao Dung,Sóc Trăng,Văn hóa cộng đồng,Chợ/làng nghề/miệt vườn,culture
ST_0068,Rừng ngập mặn Trần Đề,Sóc Trăng,Thiên nhiên,Sông nước/rừng tràm/đất ngập nước,nature
ST_0067,Sân chim Cù Lao Dung,Sóc Trăng,Văn hóa cộng đồng,Chợ/làng nghề/miệt vườn,culture
ST_0009,Tượng Phật nằm chùa Som Rong,Sóc Trăng,Tâm linh,Chùa/thiền viện,religious
ST_0038,Vườn nhãn Cù Lao Dung,Sóc Trăng,Văn hóa cộng đồng,Chợ/làng nghề/miệt vườn,culture
ST_0026,Vườn trái cây Cồn Mỹ Phước,Sóc Trăng,Văn hóa cộng đồng,Chợ/làng nghề/miệt vườn,culture
ST_0044,Biển Hồ Bể,Sóc Trăng,Thiên nhiên,Sông nước/rừng tràm/đất ngập nước,beach
ST_0045,Bãi biển Vĩnh Châu,Sóc Trăng,Thiên nhiên,Sông nước/rừng tràm/đất ngập nước,beach
ST_0016,Bảo tàng Khmer Sóc Trăng,Sóc Trăng,Văn hóa,Di tích lịch sử/bảo tàng,culture
ST_0015,Bảo tàng Sóc Trăng,Sóc Trăng,Văn hóa,Di tích lịch sử/bảo tàng,culture
ST_0013,Chùa Bâng Cro Chắp Thmây,Sóc Trăng,Tâm linh,Chùa/thiền viện,religious
ST_0012,Chùa Bốn Mặt,Sóc Trăng,Tâm linh,Chùa/thiền viện,religious
ST_0010,Chùa La Hán Sóc Trăng,Sóc Trăng,Tâm linh,Chùa/thiền viện,religious
ST_0002,Chùa Mã Tộc,Sóc Trăng,Tâm linh,Chùa/thiền viện,religious
ST_0014,Chùa Peam Buol Thmay,Sóc Trăng,Tâm linh,Chùa/thiền viện,religious
ST_0052,Chùa Prêk On Đơk,Sóc Trăng,Tâm linh,Chùa/thiền viện,religious
ST_0011,Chùa Sro Loun,Sóc Trăng,Tâm linh,Chùa/thiền viện,religious
ST_0007,Chùa Sà Lôn,Sóc Trăng,Tâm linh,Chùa/thiền viện,religious
ST_0053,Chùa Trà Tim,Sóc Trăng,Tâm linh,Chùa/thiền viện,religious
ST_0065,Chùa Tà Mơn,Sóc Trăng,Tâm linh,Chùa/thiền viện,religious
ST_0049,Chùa Wat Pătum Wôngsa Som Rông,Sóc Trăng,Tâm linh,Chùa/thiền viện,religious
ST_0050,Chùa Ông Bổn Sóc Trăng,Sóc Trăng,Tâm linh,Chùa/thiền viện,religious
ST_0066,Chợ Châu Thành Sóc Trăng,Sóc Trăng,Văn hóa cộng đồng,Chợ/làng nghề/miệt vườn,culture
ST_0027,Chợ Kế Sách,Sóc Trăng,Văn hóa cộng đồng,Chợ/làng nghề/miệt vườn,culture
ST_0058,Chợ Long Phú,Sóc Trăng,Văn hóa cộng đồng,Chợ/làng nghề/miệt vườn,culture
ST_0054,Chợ Mỹ Tú,Sóc Trăng,Văn hóa cộng đồng,Chợ/làng nghề/miệt vườn,culture
ST_0056,Chợ Mỹ Xuyên,Sóc Trăng,Văn hóa cộng đồng,Chợ/làng nghề/miệt vườn,culture
ST_0017,Chợ Sóc Trăng,Sóc Trăng,Văn hóa cộng đồng,Chợ/làng nghề/miệt vườn,culture
ST_0062,Chợ Thạnh Trị,Sóc Trăng,Văn hóa cộng đồng,Chợ/làng nghề/miệt vườn,culture
ST_0048,Chợ Vĩnh Châu,Sóc Trăng,Văn hóa cộng đồng,Chợ/làng nghề/miệt vườn,culture
ST_0018,Chợ đêm Sóc Trăng,Sóc Trăng,Văn hóa cộng đồng,Chợ/làng nghề/miệt vườn,culture
ST_0046,Cánh đồng hành tím Vĩnh Châu,Sóc Trăng,Thiên nhiên,Sông nước/rừng tràm/đất ngập nước,nature
ST_0063,Cánh đồng lúa Thạnh Trị,Sóc Trăng,Thiên nhiên,Sông nước/rừng tràm/đất ngập nước,nature
ST_0020,Công viên 30/4 Sóc Trăng,Sóc Trăng,Giải trí,Công viên/khu vui chơi/check-in,checkin
ST_0060,Cồn Nổi Long Phú,Sóc Trăng,Văn hóa cộng đồng,Chợ/làng nghề/miệt vườn,culture
ST_0022,Hồ Nước Ngọt Sóc Trăng,Sóc Trăng,Thiên nhiên,Sông nước/rừng tràm/đất ngập nước,nature
ST_0055,Khu căn cứ Tỉnh ủy Sóc Trăng,Sóc Trăng,Văn hóa,Di tích lịch sử/bảo tàng,culture
ST_0023,Khu du lịch sinh thái Bình An,Sóc Trăng,Giải trí,Công viên/khu vui chơi/check-in,checkin
ST_0021,Khu văn hóa Hồ Nước Ngọt,Sóc Trăng,Thiên nhiên,Sông nước/rừng tràm/đất ngập nước,nature
ST_0064,Làng Khmer Châu Thành Sóc Trăng,Sóc Trăng,Văn hóa cộng đồng,Chợ/làng nghề/miệt vườn,culture
ST_0047,Làng hành tím Vĩnh Châu,Sóc Trăng,Thiên nhiên,Biển đảo/rừng núi/sinh thái,beach
ST_0059,Làng nghề đan lát Long Phú,Sóc Trăng,Văn hóa cộng đồng,Chợ/làng nghề/miệt vườn,culture
ST_0057,Làng nghề đan đát Mỹ Xuyên,Sóc Trăng,Văn hóa cộng đồng,Chợ/làng nghề/miệt vườn,culture
ST_0051,Nhà thờ Chánh tòa Sóc Trăng,Sóc Trăng,Tâm linh,Đền/miếu/đình/lăng,religious
ST_0019,Quảng trường Bạch Đằng Sóc Trăng,Sóc Trăng,Giải trí,Công viên/khu vui chơi/check-in,checkin
ST_0061,Sông Hậu đoạn Long Phú,Sóc Trăng,Thiên nhiên,Sông nước/rừng tràm/đất ngập nước,religious
ST_0004,Bửu Sơn Tự Sóc Trăng,Sóc Trăng,Di tích,Điểm tham quan văn hóa,heritage
SL_0064,Bản Bon Quỳnh Nhai,Sơn La,Văn hóa cộng đồng,Bản làng/chợ phiên,culture
SL_0001,Cao nguyên Mộc Châu,Sơn La,Thiên nhiên,Danh thắng/sinh thái,mountain
SL_0029,Chợ phiên Mộc Châu,Sơn La,Văn hóa cộng đồng,Bản làng/chợ phiên,culture
SL_0105,Chợ đêm Mộc Châu,Sơn La,Thiên nhiên,Danh thắng/sinh thái,nature
SL_0034,Cây cô đơn Tà Xùa,Sơn La,Thiên nhiên,Danh thắng/sinh thái,nature
SL_0007,Cầu kính Bạch Long,Sơn La,Thiên nhiên,Danh thắng/sinh thái,nature
SL_0005,Cầu kính Tình Yêu,Sơn La,Thiên nhiên,Danh thắng/sinh thái,nature
SL_0016,Hang Dơi Mộc Châu,Sơn La,Thiên nhiên,Danh thắng/sinh thái,mountain
SL_0054,Khu tưởng niệm Thanh niên xung phong Ngã ba Cò Nòi,Sơn La,Di tích,Điểm tham quan văn hóa,heritage
SL_0033,Mỏm Cá Heo Tà Xùa,Sơn La,Thiên nhiên,Danh thắng/sinh thái,nature
SL_0006,Mộc Châu Island,Sơn La,Thiên nhiên,Danh thắng/sinh thái,nature
SL_0102,Mộc Châu Retreat,Sơn La,Thiên nhiên,Danh thắng/sinh thái,nature
SL_0053,Ngã ba Cò Nòi,Sơn La,Di tích,Điểm tham quan văn hóa,heritage
SL_0041,Nhà tù Sơn La,Sơn La,Văn hóa,Bảo tàng/khu lưu niệm,culture
SL_0030,Phố đi bộ Mộc Châu,Sơn La,Thiên nhiên,Danh thắng/sinh thái,nature
SL_0002,Rừng thông Bản Áng,Sơn La,Văn hóa cộng đồng,Bản làng/chợ phiên,culture
SL_0032,Sống lưng khủng long Tà Xùa,Sơn La,Thiên nhiên,Danh thắng/sinh thái,nature
SL_0004,Thác Dải Yếm,Sơn La,Thiên nhiên,Danh thắng/sinh thái,mountain
SL_0036,Thảo nguyên Tà Xùa,Sơn La,Thiên nhiên,Danh thắng/sinh thái,nature
SL_0015,Trang trại bò sữa Mộc Châu,Sơn La,Thiên nhiên,Danh thắng/sinh thái,nature
SL_0031,Tà Xùa,Sơn La,Thiên nhiên,Danh thắng/sinh thái,nature
SL_0100,Vườn cam Mộc Châu,Sơn La,Thiên nhiên,Danh thắng/sinh thái,nature
SL_0098,Vườn hồng Mộc Châu,Sơn La,Thiên nhiên,Danh thắng/sinh thái,nature
SL_0063,Đảo Trái Tim Quỳnh Nhai,Sơn La,Thiên nhiên,Biển đảo/rừng núi/sinh thái,beach
SL_0035,Đỉnh Gió Tà Xùa,Sơn La,Thiên nhiên,Danh thắng/sinh thái,nature
SL_0018,Đỉnh Pha Luông,Sơn La,Thiên nhiên,Danh thắng/sinh thái,nature
SL_0008,Đồi chè trái tim Mộc Châu,Sơn La,Thiên nhiên,Danh thắng/sinh thái,mountain
SL_0101,Đồi cỏ 68 Mộc Châu,Sơn La,Thiên nhiên,Danh thắng/sinh thái,nature
SL_0047,Bản Bó,Sơn La,Văn hóa cộng đồng,Bản làng/chợ phiên,culture
SL_0111,Bản Chiềng Đi,Sơn La,Văn hóa cộng đồng,Bản làng/chợ phiên,culture
SL_0094,Bản Chiềng Đông,Sơn La,Văn hóa cộng đồng,Bản làng/chợ phiên,culture
SL_0037,Bản Chung Trinh,Sơn La,Văn hóa cộng đồng,Bản làng/chợ phiên,culture
SL_0104,Bản Dọi,Sơn La,Văn hóa cộng đồng,Bản làng/chợ phiên,culture
SL_0022,Bản Hua Tạt,Sơn La,Văn hóa cộng đồng,Bản làng/chợ phiên,culture
SL_0023,Bản Hua Tạt du lịch cộng đồng,Sơn La,Văn hóa cộng đồng,Bản làng/chợ phiên,culture
SL_0067,Bản Huổi Cuổi,Sơn La,Văn hóa cộng đồng,Bản làng/chợ phiên,culture
SL_0040,Bản Hồng Ngài,Sơn La,Văn hóa cộng đồng,Bản làng/chợ phiên,culture
SL_0048,Bản Hụm,Sơn La,Văn hóa cộng đồng,Bản làng/chợ phiên,culture
SL_0108,Bản Lao Khô,Sơn La,Văn hóa cộng đồng,Bản làng/chợ phiên,culture
SL_0028,Bản Lóng Luông,Sơn La,Văn hóa cộng đồng,Bản làng/chợ phiên,culture
SL_0072,Bản Lướt Ngọc Chiến,Sơn La,Văn hóa cộng đồng,Bản làng/chợ phiên,culture
SL_0056,Bản Mòng Mai Sơn,Sơn La,Văn hóa cộng đồng,Bản làng/chợ phiên,culture
SL_0065,Bản Mường Chiên,Sơn La,Văn hóa cộng đồng,Bản làng/chợ phiên,culture
SL_0027,Bản Nà Bai,Sơn La,Văn hóa cộng đồng,Bản làng/chợ phiên,culture
SL_0075,Bản Nậm Nghiệp,Sơn La,Văn hóa cộng đồng,Bản làng/chợ phiên,culture
SL_0021,Bản Pa Phách,Sơn La,Văn hóa cộng đồng,Bản làng/chợ phiên,culture
SL_0103,Bản Phiêng Cành,Sơn La,Văn hóa cộng đồng,Bản làng/chợ phiên,culture
SL_0112,Bản Phụ Mẫu,Sơn La,Văn hóa cộng đồng,Bản làng/chợ phiên,culture
SL_0088,Bản Suối Tọ,Sơn La,Văn hóa cộng đồng,Bản làng/chợ phiên,culture
SL_0106,Bản Tà Số,Sơn La,Văn hóa cộng đồng,Bản làng/chợ phiên,culture
SL_0003,Bản Áng,Sơn La,Văn hóa cộng đồng,Bản làng/chợ phiên,culture
SL_0080,Bản Áng Thuận Châu,Sơn La,Văn hóa cộng đồng,Bản làng/chợ phiên,culture
SL_0042,Bảo tàng tỉnh Sơn La,Sơn La,Văn hóa,Bảo tàng/khu lưu niệm,culture
SL_0057,Cao nguyên Nà Sản,Sơn La,Thiên nhiên,Danh thắng/sinh thái,mountain
SL_0087,Chợ phiên Phù Yên,Sơn La,Văn hóa cộng đồng,Bản làng/chợ phiên,culture
SL_0081,Chợ phiên Thuận Châu,Sơn La,Văn hóa cộng đồng,Bản làng/chợ phiên,culture
SL_0092,Chợ phiên Yên Châu,Sơn La,Văn hóa cộng đồng,Bản làng/chợ phiên,culture
SL_0052,Cà phê bản Bó viewpoint,Sơn La,Văn hóa cộng đồng,Bản làng/chợ phiên,culture
SL_0043,Cây đa bản Hẹo,Sơn La,Văn hóa cộng đồng,Bản làng/chợ phiên,culture
SL_0039,Hang A Phủ,Sơn La,Tâm linh,Đền/phủ/miếu,religious
SL_0090,Hang Co Noong,Sơn La,Thiên nhiên,Danh thắng/sinh thái,mountain
SL_0050,Hang Thẩm Tét Toòng,Sơn La,Thiên nhiên,Danh thắng/sinh thái,mountain
SL_0079,Hang Thẳm Tát Tòng,Sơn La,Thiên nhiên,Danh thắng/sinh thái,mountain
SL_0084,Hồ Suối Chiếu,Sơn La,Thiên nhiên,Danh thắng/sinh thái,mountain
SL_0110,Hồ Tiền Phong,Sơn La,Thiên nhiên,Danh thắng/sinh thái,nature
SL_0109,Khu di tích lịch sử cách mạng Việt Nam - Lào,Sơn La,Văn hóa,Bảo tàng/khu lưu niệm,culture
SL_0059,Lòng hồ thủy điện Sơn La,Sơn La,Tâm linh,Đền/phủ/miếu,religious
SL_0017,Ngũ động Bản Ôn,Sơn La,Văn hóa cộng đồng,Bản làng/chợ phiên,culture
SL_0069,Nhà máy thủy điện Sơn La,Sơn La,Tâm linh,Đền/phủ/miếu,religious
SL_0074,Ruộng bậc thang Ngọc Chiến,Sơn La,Thiên nhiên,Danh thắng/sinh thái,nature
SL_0083,Rừng thông Noong Cốp,Sơn La,Thiên nhiên,Danh thắng/sinh thái,nature
SL_0085,Rừng Đại tướng Võ Nguyên Giáp Phù Yên,Sơn La,Thiên nhiên,Danh thắng/sinh thái,religious
SL_0097,Suối khoáng nóng Hua Păng,Sơn La,Thiên nhiên,Danh thắng/sinh thái,mountain
SL_0066,Suối khoáng nóng Mường Chiên,Sơn La,Thiên nhiên,Danh thắng/sinh thái,mountain
SL_0073,Suối khoáng nóng Ngọc Chiến,Sơn La,Thiên nhiên,Danh thắng/sinh thái,mountain
SL_0026,Suối nước nóng Chiềng Yên,Sơn La,Thiên nhiên,Danh thắng/sinh thái,mountain
SL_0049,Suối nước nóng bản Mòng,Sơn La,Văn hóa cộng đồng,Bản làng/chợ phiên,culture
SL_0012,Thung lũng mận Mu Náu,Sơn La,Thiên nhiên,Danh thắng/sinh thái,nature
SL_0011,Thung lũng mận Nà Ka,Sơn La,Thiên nhiên,Danh thắng/sinh thái,nature
SL_0025,Thác Chiềng Khoa,Sơn La,Thiên nhiên,Danh thắng/sinh thái,mountain
SL_0024,Thác Nàng Tiên,Sơn La,Thiên nhiên,Danh thắng/sinh thái,mountain
SL_0113,Thác Tạt Nàng,Sơn La,Thiên nhiên,Danh thắng/sinh thái,mountain
SL_0071,Tượng đài Bác Hồ Mường La,Sơn La,Văn hóa,Bảo tàng/khu lưu niệm,culture
SL_0046,Tượng đài Bác Hồ với đồng bào Tây Bắc,Sơn La,Văn hóa,Bảo tàng/khu lưu niệm,culture
SL_0014,Vườn hoa Happy Land,Sơn La,Thiên nhiên,Danh thắng/sinh thái,nature
SL_0089,Đèo Chẹn Phù Yên,Sơn La,Thiên nhiên,Danh thắng/sinh thái,religious
SL_0077,Đèo Pha Đin,Sơn La,Thiên nhiên,Danh thắng/sinh thái,mountain
SL_0070,Đập thủy điện Sơn La,Sơn La,Tâm linh,Đền/phủ/miếu,religious
SL_0061,Đền Linh Sơn Thủy Từ,Sơn La,Tâm linh,Đền/phủ/miếu,religious
SL_0086,Đền thờ Lò Văn Giá,Sơn La,Tâm linh,Đền/phủ/miếu,religious
SL_0044,Đền thờ vua Lê Thái Tông,Sơn La,Tâm linh,Đền/phủ/miếu,religious
SL_0107,Đỉnh Pu Nhi Farm viewpoint,Sơn La,Thiên nhiên,Danh thắng/sinh thái,nature
SL_0058,Đồi chè Nà Sản,Sơn La,Thiên nhiên,Danh thắng/sinh thái,mountain
SL_0010,Đồi chè Tân Lập,Sơn La,Thiên nhiên,Danh thắng/sinh thái,mountain
SL_0009,Đồi chè Ô Long Mộc Sương,Sơn La,Thiên nhiên,Danh thắng/sinh thái,mountain
SL_0068,Bến thuyền Pá Uôn,Sơn La,Di tích,Điểm tham quan văn hóa,heritage
SL_0020,Chợ Lóng Sập,Sơn La,Ẩm thực,Chợ/đặc sản,food
SL_0051,Chợ trung tâm Sơn La,Sơn La,Ẩm thực,Chợ/đặc sản,food
SL_0091,Cây đa Mường Lựm,Sơn La,Di tích,Điểm tham quan văn hóa,heritage
SL_0060,Cầu Pá Uôn,Sơn La,Di tích,Điểm tham quan văn hóa,heritage
SL_0095,Cửa khẩu Chiềng Khương,Sơn La,Di tích,Điểm tham quan văn hóa,heritage
SL_0019,Cửa khẩu Lóng Sập,Sơn La,Di tích,Điểm tham quan văn hóa,heritage
SL_0082,Di tích Kỳ đài Thuận Châu,Sơn La,Di tích,Điểm tham quan văn hóa,heritage
SL_0078,Pha Đin Top,Sơn La,Di tích,Điểm tham quan văn hóa,heritage
SL_0045,Quảng trường Tây Bắc,Sơn La,Giải trí,Công viên/khu vui chơi,checkin
SL_0055,Sân bay Nà Sản cũ,Sơn La,Di tích,Điểm tham quan văn hóa,heritage
SL_0076,Sống lưng khủng long Ngọc Chiến,Sơn La,Di tích,Điểm tham quan văn hóa,heritage
SL_0096,Tháp Mường Và,Sơn La,Di tích,Điểm tham quan văn hóa,heritage
SL_0099,Vườn dâu Chimi Farm,Sơn La,Di tích,Điểm tham quan văn hóa,heritage
SL_0013,Vườn mận Phiêng Khoang,Sơn La,Làng nghề,Trải nghiệm văn hóa,culture
SL_0093,Vườn xoài Yên Châu,Sơn La,Di tích,Điểm tham quan văn hóa,heritage
SL_0062,Vịnh Uy Phong,Sơn La,Thiên nhiên,Biển đảo/rừng núi/sinh thái,beach
SL_0038,Xím Vàng,Sơn La,Di tích,Điểm tham quan văn hóa,heritage
HCM_0088,Biển 30/4 Cần Giờ,TP Hồ Chí Minh,Thiên nhiên,Biển đảo/rừng ngập mặn/sinh thái,beach
HCM_0003,Bưu điện Trung tâm Sài Gòn,TP Hồ Chí Minh,Văn hóa,Di tích lịch sử/bảo tàng,culture
HCM_0024,Chung cư Cà phê 42 Nguyễn Huệ,TP Hồ Chí Minh,Di tích,Điểm tham quan văn hóa,heritage
HCM_0005,Chợ Bến Thành,TP Hồ Chí Minh,Văn hóa cộng đồng,Phố/chợ/làng nghề,culture
HCM_0049,Công viên Văn hóa Đầm Sen,TP Hồ Chí Minh,Giải trí,Công viên/khu vui chơi/check-in,checkin
HCM_0050,Công viên nước Đầm Sen,TP Hồ Chí Minh,Giải trí,Công viên/khu vui chơi/check-in,checkin
HCM_0092,Cầu Cần Giờ viewpoint,TP Hồ Chí Minh,Thiên nhiên,Biển đảo/rừng ngập mặn/sinh thái,beach
HCM_0001,Dinh Độc Lập,TP Hồ Chí Minh,Văn hóa,Di tích lịch sử/bảo tàng,culture
HCM_0052,Khu du lịch Suối Tiên,TP Hồ Chí Minh,Thiên nhiên,Biển đảo/rừng ngập mặn/sinh thái,beach
HCM_0083,Khu du lịch sinh thái Cần Giờ,TP Hồ Chí Minh,Thiên nhiên,Biển đảo/rừng ngập mặn/sinh thái,beach
HCM_0084,Khu dự trữ sinh quyển Cần Giờ,TP Hồ Chí Minh,Thiên nhiên,Biển đảo/rừng ngập mặn/sinh thái,beach
HCM_0091,Lăng Ông Thủy Tướng Cần Giờ,TP Hồ Chí Minh,Tâm linh,Công trình tôn giáo/tưởng niệm,religious
HCM_0002,Nhà thờ Đức Bà Sài Gòn,TP Hồ Chí Minh,Tâm linh,Công trình tôn giáo/tưởng niệm,religious
HCM_0007,Phố Tây Bùi Viện,TP Hồ Chí Minh,Văn hóa cộng đồng,Phố/chợ/làng nghề,culture
HCM_0006,Phố đi bộ Nguyễn Huệ,TP Hồ Chí Minh,Văn hóa cộng đồng,Phố/chợ/làng nghề,culture
HCM_0085,Rừng Sác Cần Giờ,TP Hồ Chí Minh,Thiên nhiên,Biển đảo/rừng ngập mặn/sinh thái,beach
HCM_0087,Đảo Khỉ Cần Giờ,TP Hồ Chí Minh,Thiên nhiên,Biển đảo/rừng ngập mặn/sinh thái,beach
HCM_0063,Địa đạo Củ Chi,TP Hồ Chí Minh,Thiên nhiên,Biển đảo/rừng núi/sinh thái,beach
HCM_0008,Bitexco Financial Tower Saigon Skydeck,TP Hồ Chí Minh,Giải trí,Công viên/khu vui chơi/check-in,checkin
HCM_0030,Bảo tàng Biệt động Sài Gòn,TP Hồ Chí Minh,Văn hóa,Di tích lịch sử/bảo tàng,culture
HCM_0013,Bảo tàng Chứng tích Chiến tranh,TP Hồ Chí Minh,Văn hóa,Di tích lịch sử/bảo tàng,culture
HCM_0012,Bảo tàng Hồ Chí Minh chi nhánh TP Hồ Chí Minh,TP Hồ Chí Minh,Văn hóa,Di tích lịch sử/bảo tàng,culture
HCM_0016,Bảo tàng Lịch sử TP Hồ Chí Minh,TP Hồ Chí Minh,Văn hóa,Di tích lịch sử/bảo tàng,culture
HCM_0015,Bảo tàng Mỹ thuật TP Hồ Chí Minh,TP Hồ Chí Minh,Văn hóa,Di tích lịch sử/bảo tàng,culture
HCM_0017,Bảo tàng Phụ nữ Nam Bộ,TP Hồ Chí Minh,Văn hóa,Di tích lịch sử/bảo tàng,culture
HCM_0014,Bảo tàng Thành phố Hồ Chí Minh,TP Hồ Chí Minh,Văn hóa,Di tích lịch sử/bảo tàng,culture
HCM_0018,Bảo tàng Áo dài,TP Hồ Chí Minh,Văn hóa,Di tích lịch sử/bảo tàng,culture
HCM_0011,Bến Nhà Rồng,TP Hồ Chí Minh,Văn hóa,Di tích lịch sử/bảo tàng,culture
HCM_0035,Chùa Bà Thiên Hậu,TP Hồ Chí Minh,Tâm linh,Chùa/thiền viện,religious
HCM_0053,Chùa Bửu Long,TP Hồ Chí Minh,Tâm linh,Chùa/thiền viện,religious
HCM_0043,Chùa Giác Lâm,TP Hồ Chí Minh,Tâm linh,Chùa/thiền viện,religious
HCM_0051,Chùa Giác Viên,TP Hồ Chí Minh,Tâm linh,Chùa/thiền viện,religious
HCM_0101,Chùa Nam Thiên Nhất Trụ,TP Hồ Chí Minh,Tâm linh,Chùa/thiền viện,religious
HCM_0093,Chùa Pháp Võ,TP Hồ Chí Minh,Tâm linh,Chùa/thiền viện,religious
HCM_0044,Chùa Phổ Quang,TP Hồ Chí Minh,Tâm linh,Chùa/thiền viện,religious
HCM_0028,Chùa Vĩnh Nghiêm,TP Hồ Chí Minh,Tâm linh,Chùa/thiền viện,religious
HCM_0029,Chùa Xá Lợi,TP Hồ Chí Minh,Tâm linh,Chùa/thiền viện,religious
HCM_0037,Chùa Ông Quận 5,TP Hồ Chí Minh,Tâm linh,Chùa/thiền viện,religious
HCM_0040,Chợ An Đông,TP Hồ Chí Minh,Văn hóa cộng đồng,Phố/chợ/làng nghề,culture
HCM_0095,Chợ Bà Chiểu,TP Hồ Chí Minh,Văn hóa cộng đồng,Phố/chợ/làng nghề,culture
HCM_0033,Chợ Bình Tây,TP Hồ Chí Minh,Văn hóa cộng đồng,Phố/chợ/làng nghề,culture
HCM_0089,Chợ Hàng Dương,TP Hồ Chí Minh,Văn hóa cộng đồng,Phố/chợ/làng nghề,culture
HCM_0097,Chợ Hồ Thị Kỷ,TP Hồ Chí Minh,Văn hóa cộng đồng,Phố/chợ/làng nghề,culture
HCM_0041,Chợ Kim Biên,TP Hồ Chí Minh,Văn hóa cộng đồng,Phố/chợ/làng nghề,culture
HCM_0059,Chợ Thủ Đức,TP Hồ Chí Minh,Văn hóa cộng đồng,Phố/chợ/làng nghề,culture
HCM_0032,Chợ Tân Định,TP Hồ Chí Minh,Văn hóa cộng đồng,Phố/chợ/làng nghề,culture
HCM_0020,Công viên 30/4,TP Hồ Chí Minh,Giải trí,Công viên/khu vui chơi/check-in,checkin
HCM_0010,Công viên Bến Bạch Đằng,TP Hồ Chí Minh,Giải trí,Công viên/khu vui chơi/check-in,checkin
HCM_0046,Công viên Gia Định,TP Hồ Chí Minh,Giải trí,Công viên/khu vui chơi/check-in,checkin
HCM_0061,Công viên Phần mềm Quang Trung,TP Hồ Chí Minh,Giải trí,Công viên/khu vui chơi/check-in,checkin
HCM_0056,Công viên bờ sông Sài Gòn Thủ Thiêm,TP Hồ Chí Minh,Thiên nhiên,Biển đảo/rừng ngập mặn/sinh thái,beach
HCM_0078,Hồ Bán Nguyệt,TP Hồ Chí Minh,Thiên nhiên,Biển đảo/rừng ngập mặn/sinh thái,beach
HCM_0027,Hồ Con Rùa,TP Hồ Chí Minh,Thiên nhiên,Biển đảo/rừng ngập mặn/sinh thái,beach
HCM_0064,Khu di tích Bến Dược,TP Hồ Chí Minh,Văn hóa,Di tích lịch sử/bảo tàng,culture
HCM_0065,Khu di tích Bến Đình,TP Hồ Chí Minh,Tâm linh,Công trình tôn giáo/tưởng niệm,religious
HCM_0082,Khu du lịch The BCR,TP Hồ Chí Minh,Giải trí,Công viên/khu vui chơi/check-in,checkin
HCM_0102,Khu du lịch sinh thái Bình Mỹ,TP Hồ Chí Minh,Thiên nhiên,Biển đảo/rừng ngập mặn/sinh thái,beach
HCM_0067,Khu du lịch sinh thái Fosaco,TP Hồ Chí Minh,Thiên nhiên,Biển đảo/rừng ngập mặn/sinh thái,beach
HCM_0094,Khu du lịch sinh thái Long Phước,TP Hồ Chí Minh,Thiên nhiên,Biển đảo/rừng ngập mặn/sinh thái,beach
HCM_0034,Khu phố Chợ Lớn,TP Hồ Chí Minh,Văn hóa cộng đồng,Phố/chợ/làng nghề,culture
HCM_0099,Khu ẩm thực Hồ Thị Kỷ,TP Hồ Chí Minh,Thiên nhiên,Biển đảo/rừng ngập mặn/sinh thái,beach
HCM_0074,Landmark 81 Park,TP Hồ Chí Minh,Giải trí,Công viên/khu vui chơi/check-in,checkin
HCM_0009,Landmark 81 Skyview,TP Hồ Chí Minh,Giải trí,Công viên/khu vui chơi/check-in,checkin
HCM_0048,Làng hoa Gò Vấp,TP Hồ Chí Minh,Văn hóa cộng đồng,Phố/chợ/làng nghề,culture
HCM_0103,Làng nghề bánh tráng Phú Hòa Đông,TP Hồ Chí Minh,Văn hóa cộng đồng,Phố/chợ/làng nghề,culture
HCM_0096,Lăng Ông Bà Chiểu,TP Hồ Chí Minh,Tâm linh,Công trình tôn giáo/tưởng niệm,religious
HCM_0047,Miếu Nổi Phù Châu,TP Hồ Chí Minh,Tâm linh,Công trình tôn giáo/tưởng niệm,religious
HCM_0004,Nhà hát Thành phố Hồ Chí Minh,TP Hồ Chí Minh,Thiên nhiên,Biển đảo/rừng ngập mặn/sinh thái,beach
HCM_0026,Nhà thờ Tân Định,TP Hồ Chí Minh,Tâm linh,Công trình tôn giáo/tưởng niệm,religious
HCM_0098,Phố hoa Hồ Thị Kỷ,TP Hồ Chí Minh,Thiên nhiên,Biển đảo/rừng ngập mặn/sinh thái,beach
HCM_0058,Snow Town Sài Gòn,TP Hồ Chí Minh,Giải trí,Công viên/khu vui chơi/check-in,checkin
HCM_0075,Thảo Cầm Viên Sài Gòn,TP Hồ Chí Minh,Giải trí,Công viên/khu vui chơi/check-in,checkin
HCM_0025,Tòa nhà UBND và phố đi bộ trung tâm,TP Hồ Chí Minh,Văn hóa cộng đồng,Phố/chợ/làng nghề,culture
HCM_0022,Tượng đài Chủ tịch Hồ Chí Minh,TP Hồ Chí Minh,Tâm linh,Công trình tôn giáo/tưởng niệm,religious
HCM_0019,Đường sách Nguyễn Văn Bình,TP Hồ Chí Minh,Văn hóa cộng đồng,Phố/chợ/làng nghề,culture
HCM_0042,Đại Thế Giới Water Park cũ,TP Hồ Chí Minh,Giải trí,Công viên/khu vui chơi/check-in,checkin
HCM_0090,Đảo Thạnh An,TP Hồ Chí Minh,Thiên nhiên,Biển đảo/rừng ngập mặn/sinh thái,beach
HCM_0066,Đền tưởng niệm liệt sĩ Bến Dược,TP Hồ Chí Minh,Tâm linh,Công trình tôn giáo/tưởng niệm,religious
HCM_0021,Ủy ban nhân dân TP Hồ Chí Minh,TP Hồ Chí Minh,Thiên nhiên,Biển đảo/rừng ngập mặn/sinh thái,beach
HCM_0081,Artinus 3D Art Museum,TP Hồ Chí Minh,Di tích,Điểm tham quan văn hóa,heritage
HCM_0079,Crescent Mall khu check-in,TP Hồ Chí Minh,Di tích,Điểm tham quan văn hóa,heritage
HCM_0077,Cầu Ánh Sao,TP Hồ Chí Minh,Di tích,Điểm tham quan văn hóa,heritage
HCM_0023,Dinh Gia Long,TP Hồ Chí Minh,Di tích,Điểm tham quan văn hóa,heritage
HCM_0038,Hào Sĩ Phường,TP Hồ Chí Minh,Di tích,Điểm tham quan văn hóa,heritage
HCM_0031,Hầm vũ khí bí mật Biệt động Sài Gòn,TP Hồ Chí Minh,Di tích,Điểm tham quan văn hóa,heritage
HCM_0036,Hội quán Nghĩa An,TP Hồ Chí Minh,Di tích,Điểm tham quan văn hóa,heritage
HCM_0071,Khu du lịch Bình Quới 1,TP Hồ Chí Minh,Di tích,Điểm tham quan văn hóa,heritage
HCM_0072,Khu du lịch Bình Quới 2,TP Hồ Chí Minh,Di tích,Điểm tham quan văn hóa,heritage
HCM_0070,Khu du lịch Một thoáng Việt Nam,TP Hồ Chí Minh,Di tích,Điểm tham quan văn hóa,heritage
HCM_0086,Khu du lịch Vàm Sát,TP Hồ Chí Minh,Di tích,Điểm tham quan văn hóa,heritage
HCM_0073,Khu du lịch Văn Thánh,TP Hồ Chí Minh,Di tích,Điểm tham quan văn hóa,heritage
HCM_0062,Khu tưởng niệm Vườn Cau Đỏ,TP Hồ Chí Minh,Di tích,Điểm tham quan văn hóa,heritage
HCM_0076,Khu đô thị Phú Mỹ Hưng,TP Hồ Chí Minh,Di tích,Điểm tham quan văn hóa,heritage
HCM_0057,Khu đô thị Sala,TP Hồ Chí Minh,Di tích,Điểm tham quan văn hóa,heritage
HCM_0054,Khu đô thị Vạn Phúc City,TP Hồ Chí Minh,Di tích,Điểm tham quan văn hóa,heritage
HCM_0068,Nông trại Green Noen,TP Hồ Chí Minh,Di tích,Điểm tham quan văn hóa,heritage
HCM_0039,Phố lồng đèn Lương Nhữ Học,TP Hồ Chí Minh,Di tích,Điểm tham quan văn hóa,heritage
HCM_0080,SC VivoCity,TP Hồ Chí Minh,Di tích,Điểm tham quan văn hóa,heritage
HCM_0045,Sân bay Tân Sơn Nhất viewpoint,TP Hồ Chí Minh,Di tích,Điểm tham quan văn hóa,heritage
HCM_0055,The Global City,TP Hồ Chí Minh,Di tích,Điểm tham quan văn hóa,heritage
HCM_0060,Tu viện Khánh An,TP Hồ Chí Minh,Di tích,Điểm tham quan văn hóa,heritage
HCM_0100,Việt Nam Quốc Tự,TP Hồ Chí Minh,Di tích,Điểm tham quan văn hóa,heritage
HCM_0069,Vườn trái cây Trung An,TP Hồ Chí Minh,Di tích,Điểm tham quan văn hóa,heritage
TH_0011,Bãi biển Hải Hòa,Thanh Hóa,Thiên nhiên,Biển/rừng/danh thắng/sinh thái,beach
TH_0001,Bãi biển Sầm Sơn,Thanh Hóa,Thiên nhiên,Biển/rừng/danh thắng/sinh thái,beach
TH_0091,Bản Mạ Pù Luông,Thanh Hóa,Văn hóa cộng đồng,Bản làng/chợ phiên,culture
TH_0039,Bản Đôn Pù Luông,Thanh Hóa,Văn hóa cộng đồng,Bản làng/chợ phiên,culture
TH_0092,Bản Ươi Pù Luông,Thanh Hóa,Văn hóa cộng đồng,Bản làng/chợ phiên,culture
TH_0093,Chợ Sầm Sơn,Thanh Hóa,Thiên nhiên,Biển/rừng/danh thắng/sinh thái,beach
TH_0095,Chợ hải sản Hải Hòa,Thanh Hóa,Thiên nhiên,Biển/rừng/danh thắng/sinh thái,beach
TH_0007,Chợ đêm Sầm Sơn,Thanh Hóa,Thiên nhiên,Biển/rừng/danh thắng/sinh thái,beach
TH_0019,Di sản thế giới Thành Nhà Hồ,Thanh Hóa,Văn hóa,Di tích lịch sử/bảo tàng,culture
TH_0008,FLC Sầm Sơn Beach & Golf Resort,Thanh Hóa,Thiên nhiên,Biển/rừng/danh thắng/sinh thái,beach
TH_0047,Guồng nước Pù Luông,Thanh Hóa,Thiên nhiên,Biển/rừng/danh thắng/sinh thái,beach
TH_0023,Khu di tích Lam Kinh,Thanh Hóa,Văn hóa,Di tích lịch sử/bảo tàng,culture
TH_0038,Khu du lịch Pù Luông,Thanh Hóa,Thiên nhiên,Biển/rừng/danh thắng/sinh thái,beach
TH_0057,Khu du lịch sinh thái Bến En,Thanh Hóa,Thiên nhiên,Biển/rừng/danh thắng/sinh thái,beach
TH_0002,Quảng trường biển Sầm Sơn,Thanh Hóa,Thiên nhiên,Biển/rừng/danh thắng/sinh thái,beach
TH_0058,Vườn quốc gia Bến En,Thanh Hóa,Thiên nhiên,Biển/rừng/danh thắng/sinh thái,beach
TH_0024,Điện Lam Kinh,Thanh Hóa,Tâm linh,Đền/phủ/miếu,religious
TH_0005,Đền Cô Tiên Sầm Sơn,Thanh Hóa,Tâm linh,Đền/phủ/miếu,religious
TH_0045,Đỉnh Pù Luông,Thanh Hóa,Thiên nhiên,Biển/rừng/danh thắng/sinh thái,beach
TH_0012,Bãi biển Hải Thanh,Thanh Hóa,Thiên nhiên,Biển/rừng/danh thắng/sinh thái,beach
TH_0009,Bãi biển Hải Tiến,Thanh Hóa,Thiên nhiên,Biển/rừng/danh thắng/sinh thái,beach
TH_0016,Bãi biển Quảng Nham,Thanh Hóa,Thiên nhiên,Biển/rừng/danh thắng/sinh thái,beach
TH_0013,Bãi Đông Nghi Sơn,Thanh Hóa,Thiên nhiên,Biển/rừng/danh thắng/sinh thái,beach
TH_0050,Bản Hang Quan Hóa,Thanh Hóa,Văn hóa cộng đồng,Bản làng/chợ phiên,culture
TH_0040,Bản Hiêu,Thanh Hóa,Văn hóa cộng đồng,Bản làng/chợ phiên,culture
TH_0042,Bản Kho Mường,Thanh Hóa,Văn hóa cộng đồng,Bản làng/chợ phiên,culture
TH_0044,Bản Son Bá Mười,Thanh Hóa,Văn hóa cộng đồng,Bản làng/chợ phiên,culture
TH_0033,Bảo tàng tỉnh Thanh Hóa,Thanh Hóa,Văn hóa,Di tích lịch sử/bảo tàng,culture
TH_0088,Chùa Am Tiên Triệu Sơn,Thanh Hóa,Tâm linh,Chùa/thiền viện,religious
TH_0022,Chùa Du Anh,Thanh Hóa,Tâm linh,Chùa/thiền viện,religious
TH_0082,Chùa Thanh Hà,Thanh Hóa,Tâm linh,Chùa/thiền viện,religious
TH_0046,Chợ phiên Phố Đoàn,Thanh Hóa,Văn hóa cộng đồng,Bản làng/chợ phiên,culture
TH_0053,Cổng trời Mường Lát,Thanh Hóa,Văn hóa cộng đồng,Bản làng/chợ phiên,culture
TH_0054,Cột mốc ngã ba biên giới Mường Lát,Thanh Hóa,Thiên nhiên,Biển đảo/rừng núi/sinh thái,beach
TH_0068,Cửa biển Lạch Trường,Thanh Hóa,Thiên nhiên,Biển/rừng/danh thắng/sinh thái,beach
TH_0069,Di tích Hàm Rồng,Thanh Hóa,Văn hóa,Di tích lịch sử/bảo tàng,culture
TH_0049,Hang Co Phường,Thanh Hóa,Thiên nhiên,Biển/rừng/danh thắng/sinh thái,beach
TH_0086,Hang Con Moong,Thanh Hóa,Thiên nhiên,Biển/rừng/danh thắng/sinh thái,beach
TH_0043,Hang Dơi Kho Mường,Thanh Hóa,Văn hóa cộng đồng,Bản làng/chợ phiên,culture
TH_0003,Hòn Trống Mái,Thanh Hóa,Thiên nhiên,Biển/rừng/danh thắng/sinh thái,beach
TH_0063,Hồ Cửa Đạt,Thanh Hóa,Thiên nhiên,Biển/rừng/danh thắng/sinh thái,beach
TH_0059,Hồ Sông Mực,Thanh Hóa,Thiên nhiên,Biển/rừng/danh thắng/sinh thái,beach
TH_0018,Khu bảo tồn biển Hòn Mê,Thanh Hóa,Thiên nhiên,Biển/rừng/danh thắng/sinh thái,beach
TH_0084,Khu di tích Phố Cát,Thanh Hóa,Văn hóa,Di tích lịch sử/bảo tàng,culture
TH_0028,Khu di tích Phủ Trịnh,Thanh Hóa,Tâm linh,Đền/phủ/miếu,religious
TH_0029,Khu di tích đền Bà Triệu,Thanh Hóa,Tâm linh,Đền/phủ/miếu,religious
TH_0087,Khu du lịch Am Tiên Thanh Hóa,Thanh Hóa,Tâm linh,Chùa/thiền viện,religious
TH_0010,Khu du lịch biển Hải Tiến,Thanh Hóa,Thiên nhiên,Biển/rừng/danh thắng/sinh thái,beach
TH_0051,Khu du lịch cộng đồng Mường Ca Da,Thanh Hóa,Văn hóa cộng đồng,Bản làng/chợ phiên,culture
TH_0066,Khu du lịch sinh thái Thác Mây,Thanh Hóa,Thiên nhiên,Biển/rừng/danh thắng/sinh thái,beach
TH_0017,Khu du lịch sinh thái biển Hải Lĩnh,Thanh Hóa,Thiên nhiên,Biển/rừng/danh thắng/sinh thái,beach
TH_0073,Làng cổ Đông Sơn,Thanh Hóa,Thiên nhiên,Biển đảo/rừng núi/sinh thái,beach
TH_0078,Làng nghề bánh gai Tứ Trụ,Thanh Hóa,Văn hóa cộng đồng,Bản làng/chợ phiên,culture
TH_0075,Làng nghề chiếu cói Nga Sơn,Thanh Hóa,Văn hóa cộng đồng,Bản làng/chợ phiên,culture
TH_0076,Làng nghề nước mắm Khúc Phụ,Thanh Hóa,Văn hóa cộng đồng,Bản làng/chợ phiên,culture
TH_0077,Làng nghề đá mỹ nghệ Đông Sơn,Thanh Hóa,Văn hóa cộng đồng,Bản làng/chợ phiên,culture
TH_0025,Lăng vua Lê Thái Tổ,Thanh Hóa,Tâm linh,Đền/phủ/miếu,religious
TH_0071,Núi Hàm Rồng Thanh Hóa,Thanh Hóa,Thiên nhiên,Biển/rừng/danh thắng/sinh thái,beach
TH_0089,Núi Nưa,Thanh Hóa,Thiên nhiên,Biển/rừng/danh thắng/sinh thái,beach
TH_0006,Núi Trường Lệ,Thanh Hóa,Thiên nhiên,Biển/rừng/danh thắng/sinh thái,beach
TH_0055,Suối cá thần Cẩm Lương,Thanh Hóa,Thiên nhiên,Biển/rừng/danh thắng/sinh thái,beach
TH_0041,Thác Hiêu,Thanh Hóa,Thiên nhiên,Biển/rừng/danh thắng/sinh thái,beach
TH_0052,Thác Ma Hao,Thanh Hóa,Thiên nhiên,Biển/rừng/danh thắng/sinh thái,beach
TH_0065,Thác Mây Thạch Thành,Thanh Hóa,Thiên nhiên,Biển/rừng/danh thắng/sinh thái,beach
TH_0062,Thác Yên,Thanh Hóa,Thiên nhiên,Biển/rừng/danh thắng/sinh thái,beach
TH_0032,Thái miếu nhà Lê,Thanh Hóa,Tâm linh,Đền/phủ/miếu,religious
TH_0085,Vườn quốc gia Cúc Phương phía Thanh Hóa,Thanh Hóa,Thiên nhiên,Biển/rừng/danh thắng/sinh thái,beach
TH_0014,Đảo Nghi Sơn,Thanh Hóa,Thiên nhiên,Biển/rừng/danh thắng/sinh thái,beach
TH_0060,Đảo hồ Sông Mực,Thanh Hóa,Thiên nhiên,Biển/rừng/danh thắng/sinh thái,beach
TH_0031,Đền Cô Chín,Thanh Hóa,Tâm linh,Đền/phủ/miếu,religious
TH_0064,Đền Cửa Đạt,Thanh Hóa,Tâm linh,Đền/phủ/miếu,religious
TH_0081,Đền Lạch Bạng,Thanh Hóa,Tâm linh,Đền/phủ/miếu,religious
TH_0090,Đền Nưa,Thanh Hóa,Tâm linh,Đền/phủ/miếu,religious
TH_0015,Đền Quang Trung Nghi Sơn,Thanh Hóa,Tâm linh,Đền/phủ/miếu,religious
TH_0030,Đền Sòng Sơn,Thanh Hóa,Tâm linh,Đền/phủ/miếu,religious
TH_0027,Đền thờ Lê Hoàn,Thanh Hóa,Tâm linh,Đền/phủ/miếu,religious
TH_0083,Đền thờ Lê Lai,Thanh Hóa,Tâm linh,Đền/phủ/miếu,religious
TH_0037,Đền thờ Trần Khát Chân,Thanh Hóa,Tâm linh,Đền/phủ/miếu,religious
TH_0004,Đền Độc Cước,Thanh Hóa,Tâm linh,Đền/phủ/miếu,religious
TH_0056,Động Cây Đăng,Thanh Hóa,Thiên nhiên,Biển/rừng/danh thắng/sinh thái,beach
TH_0021,Động Hồ Công,Thanh Hóa,Thiên nhiên,Biển/rừng/danh thắng/sinh thái,beach
TH_0072,Động Long Quang,Thanh Hóa,Thiên nhiên,Biển/rừng/danh thắng/sinh thái,beach
TH_0067,Động Từ Thức,Thanh Hóa,Thiên nhiên,Biển/rừng/danh thắng/sinh thái,beach
TH_0079,Chợ Tây Thành,Thanh Hóa,Ẩm thực,Chợ/đặc sản,food
TH_0036,Chợ Vườn Hoa,Thanh Hóa,Ẩm thực,Chợ/đặc sản,food
TH_0094,Chợ hải sản Hải Tiến,Thanh Hóa,Ẩm thực,Chợ/đặc sản,food
TH_0035,Công viên Hội An Thanh Hóa,Thanh Hóa,Giải trí,Công viên/khu vui chơi,checkin
TH_0026,Cầu Bạch Lam,Thanh Hóa,Di tích,Điểm tham quan văn hóa,heritage
TH_0070,Cầu Hàm Rồng,Thanh Hóa,Di tích,Điểm tham quan văn hóa,heritage
TH_0074,Di chỉ Đông Sơn,Thanh Hóa,Di tích,Điểm tham quan văn hóa,heritage
TH_0048,Khu bảo tồn thiên nhiên Pù Hu,Thanh Hóa,Di tích,Điểm tham quan văn hóa,heritage
TH_0061,Khu bảo tồn thiên nhiên Xuân Liên,Thanh Hóa,Di tích,Điểm tham quan văn hóa,heritage
TH_0080,Khu du lịch sinh thái Hải Lĩnh,Thanh Hóa,Di tích,Điểm tham quan văn hóa,heritage
TH_0034,Quảng trường Lam Sơn,Thanh Hóa,Giải trí,Công viên/khu vui chơi,checkin
TH_0020,Đàn tế Nam Giao Tây Đô,Thanh Hóa,Di tích,Điểm tham quan văn hóa,heritage
TB_0048,Chùa Keo Hành Cung,Thái Bình,Tâm linh,Chùa/thiền viện,religious
TB_0001,Chùa Keo Thái Bình,Thái Bình,Tâm linh,Chùa/thiền viện,religious
TB_0012,Cồn Vành,Thái Bình,Thiên nhiên,Danh thắng/sinh thái,nature
TB_0061,Cồn Vành Lighthouse Viewpoint,Thái Bình,Thiên nhiên,Danh thắng/sinh thái,nature
TB_0013,Cồn Đen,Thái Bình,Thiên nhiên,Danh thắng/sinh thái,religious
TB_0002,Gác chuông Chùa Keo,Thái Bình,Tâm linh,Chùa/thiền viện,religious
TB_0055,Khu sinh thái Cồn Vành,Thái Bình,Thiên nhiên,Danh thắng/sinh thái,nature
TB_0056,Khu sinh thái Cồn Đen,Thái Bình,Thiên nhiên,Danh thắng/sinh thái,religious
TB_0003,Đền Đồng Bằng,Thái Bình,Tâm linh,Đền/phủ/miếu,religious
TB_0011,Biển Đồng Châu,Thái Bình,Thiên nhiên,Danh thắng/sinh thái,beach
TB_0058,Bến cá Cửa Lân,Thái Bình,Di tích,Điểm tham quan văn hóa,heritage
TB_0045,Chùa Báo Quốc Thái Bình,Thái Bình,Tâm linh,Chùa/thiền viện,religious
TB_0038,Chùa Bồ,Thái Bình,Tâm linh,Chùa/thiền viện,religious
TB_0067,Chùa Cao Linh Thái Bình,Thái Bình,Tâm linh,Chùa/thiền viện,religious
TB_0054,Chùa Hội,Thái Bình,Tâm linh,Chùa/thiền viện,religious
TB_0040,Chùa La Vân,Thái Bình,Tâm linh,Chùa/thiền viện,religious
TB_0043,Chùa Từ Xuyên,Thái Bình,Tâm linh,Chùa/thiền viện,religious
TB_0017,Cánh đồng muối Thái Bình,Thái Bình,Di tích,Điểm tham quan văn hóa,heritage
TB_0015,Cồn Thủ,Thái Bình,Thiên nhiên,Danh thắng/sinh thái,nature
TB_0059,Cửa Diêm Điền,Thái Bình,Di tích,Điểm tham quan văn hóa,heritage
TB_0016,Khu bảo tồn thiên nhiên Tiền Hải,Thái Bình,Di tích,Điểm tham quan văn hóa,heritage
TB_0027,Làng nghề bánh cáy Nguyễn,Thái Bình,Làng nghề,Trải nghiệm văn hóa,culture
TB_0024,Làng nghề chạm bạc Đông Xâm,Thái Bình,Làng nghề,Trải nghiệm văn hóa,culture
TB_0021,Làng nghề chạm bạc Đồng Xâm,Thái Bình,Làng nghề,Trải nghiệm văn hóa,culture
TB_0025,Làng nghề dệt chiếu Hới,Thái Bình,Làng nghề,Trải nghiệm văn hóa,culture
TB_0028,Làng nghề làm nón lá Nam Phú,Thái Bình,Làng nghề,Trải nghiệm văn hóa,culture
TB_0029,Làng nghề mây tre đan Tây An,Thái Bình,Làng nghề,Trải nghiệm văn hóa,culture
TB_0064,Làng nghề mộc Vũ Thư,Thái Bình,Làng nghề,Trải nghiệm văn hóa,culture
TB_0026,Làng nghề thêu Minh Lãng,Thái Bình,Làng nghề,Trải nghiệm văn hóa,culture
TB_0063,Làng nghề đúc đồng An Lộng,Thái Bình,Làng nghề,Trải nghiệm văn hóa,culture
TB_0023,Làng vườn Bách Thuận,Thái Bình,Làng nghề,Trải nghiệm văn hóa,culture
TB_0007,Lăng mộ các vua Trần,Thái Bình,Di tích,Điểm tham quan văn hóa,heritage
TB_0018,Nhà thờ Bác Trạch,Thái Bình,Tôn giáo,Nhà thờ Công giáo,religious
TB_0033,Nhà thờ Chính tòa Thái Bình,Thái Bình,Tôn giáo,Nhà thờ Công giáo,religious
TB_0019,Nhà thờ Trung Đồng,Thái Bình,Tôn giáo,Nhà thờ Công giáo,religious
TB_0014,Rừng ngập mặn Thụy Trường,Thái Bình,Thiên nhiên,Danh thắng/sinh thái,nature
TB_0060,Thị trấn Diêm Điền,Thái Bình,Di tích,Điểm tham quan văn hóa,heritage
TB_0065,Vườn hoa thành phố Thái Bình,Thái Bình,Di tích,Điểm tham quan văn hóa,heritage
TB_0009,Đình An Cố,Thái Bình,Di tích,Đình làng,heritage
TB_0042,Đình Thượng Liệt,Thái Bình,Di tích,Đình làng,heritage
TB_0046,Đình Thượng Phúc,Thái Bình,Di tích,Đình làng,heritage
TB_0041,Đình Tô Đê,Thái Bình,Di tích,Đình làng,heritage
TB_0053,Đình Tống Vũ,Thái Bình,Di tích,Đình làng,heritage
TB_0057,Đường ven biển Thái Bình,Thái Bình,Thiên nhiên,Danh thắng/sinh thái,beach
TB_0004,Đền A Sào,Thái Bình,Tâm linh,Đền/phủ/miếu,religious
TB_0010,Đền Hét,Thái Bình,Tâm linh,Đền/phủ/miếu,religious
TB_0037,Đền Quan Thái Bình,Thái Bình,Tâm linh,Đền/phủ/miếu,religious
TB_0044,Đền Rèm,Thái Bình,Tâm linh,Đền/phủ/miếu,religious
TB_0008,Đền Tiên La,Thái Bình,Tâm linh,Đền/phủ/miếu,religious
TB_0006,Đền Trần Thái Bình,Thái Bình,Tâm linh,Đền/phủ/miếu,religious
TB_0022,Đền thờ Bùi Viện,Thái Bình,Tâm linh,Đền/phủ/miếu,religious
TB_0066,Đền thờ Hoàng Công Chất,Thái Bình,Tâm linh,Đền/phủ/miếu,religious
TB_0052,Đền thờ Lê Quý Đôn,Thái Bình,Tâm linh,Đền/phủ/miếu,religious
TB_0049,Đền thờ Nguyễn Công Trứ Thái Bình,Thái Bình,Tâm linh,Đền/phủ/miếu,religious
TB_0062,Đền thờ Trạng nguyên Phạm Đôn Lễ,Thái Bình,Tâm linh,Đền/phủ/miếu,religious
TB_0039,Đền Đồng Bảy,Thái Bình,Tâm linh,Đền/phủ/miếu,religious
TB_0047,Đền Đồng Nê,Thái Bình,Tâm linh,Đền/phủ/miếu,religious
TB_0020,Đền Đồng Xâm,Thái Bình,Tâm linh,Đền/phủ/miếu,religious
TB_0030,Bảo tàng Thái Bình,Thái Bình,Văn hóa,Bảo tàng/khu lưu niệm,culture
TB_0034,Chợ Bo Thái Bình,Thái Bình,Ẩm thực,Chợ/đặc sản,food
TB_0032,Công viên Kỳ Bá,Thái Bình,Giải trí,Công viên/khu vui chơi,checkin
TB_0005,Khu lưu niệm Lê Quý Đôn,Thái Bình,Văn hóa,Bảo tàng/khu lưu niệm,culture
TB_0050,Khu lưu niệm Nguyễn Đức Cảnh,Thái Bình,Văn hóa,Bảo tàng/khu lưu niệm,culture
TB_0051,Nhà lưu niệm Bác Hồ tại Thái Bình,Thái Bình,Văn hóa,Bảo tàng/khu lưu niệm,culture
TB_0036,Phố đi bộ Thái Bình,Thái Bình,Giải trí,Công viên/khu vui chơi,checkin
TB_0031,Quảng trường 14/10,Thái Bình,Giải trí,Công viên/khu vui chơi,checkin
TB_0035,Vincom Plaza Thái Bình,Thái Bình,Giải trí,Công viên/khu vui chơi,checkin
TN_0082,Khu trải nghiệm trà Tân Cương,Thái Nguyên,Làng nghề,Trải nghiệm văn hóa,culture
TN_0085,Đồi chè Tân Cương view point,Thái Nguyên,Làng nghề,Trải nghiệm văn hóa,culture
TN_0083,Bản Quyên Định Hóa,Thái Nguyên,Văn hóa cộng đồng,Bản làng/chợ phiên,culture
TN_0080,Di tích lịch sử Địa điểm thành lập cơ sở Đảng đầu tiên Thái Nguyên,Thái Nguyên,Văn hóa,Di tích lịch sử/bảo tàng,culture
TN_0077,Hồ Suối Lạnh,Thái Nguyên,Thiên nhiên,Danh thắng/sinh thái,mountain
TN_0081,Khu di tích lịch sử Thanh niên xung phong Đại đội 915,Thái Nguyên,Văn hóa,Di tích lịch sử/bảo tàng,culture
TN_0078,Khu sinh thái hồ Suối Lạnh,Thái Nguyên,Thiên nhiên,Danh thắng/sinh thái,mountain
TN_0074,Làng nghề bánh chưng Bờ Đậu,Thái Nguyên,Văn hóa cộng đồng,Bản làng/chợ phiên,culture
TN_0079,Làng nghề trồng hoa Phổ Yên,Thái Nguyên,Văn hóa cộng đồng,Bản làng/chợ phiên,culture
TN_0084,Thác Khuôn Tát 7 tầng,Thái Nguyên,Thiên nhiên,Danh thắng/sinh thái,mountain
TN_0076,Đền Giá,Thái Nguyên,Tâm linh,Đền/phủ/miếu,religious
TN_0075,Chợ Bờ Đậu,Thái Nguyên,Ẩm thực,Chợ/đặc sản,food
TN_0073,Chợ Định Hóa,Thái Nguyên,Ẩm thực,Chợ/đặc sản,food
TTH_0071,Biển Lăng Cô,Thừa Thiên Huế,Thiên nhiên,Biển đảo/rừng núi/sinh thái,beach
TTH_0032,Chùa Thiên Mụ,Thừa Thiên Huế,Tâm linh,Chùa/thiền viện,religious
TTH_0128,Chợ biển Lăng Cô,Thừa Thiên Huế,Tâm linh,Đền/phủ/miếu/lăng tẩm,religious
TTH_0123,Chợ nổi phá Tam Giang,Thừa Thiên Huế,Thiên nhiên,Biển/đầm phá/rừng/sinh thái,beach
TTH_0002,Kinh thành Huế,Thừa Thiên Huế,Văn hóa,Di tích lịch sử/bảo tàng,culture
TTH_0100,Laguna Lăng Cô,Thừa Thiên Huế,Thiên nhiên,Biển đảo/rừng núi/sinh thái,beach
TTH_0129,Lăng Cô viewpoint,Thừa Thiên Huế,Thiên nhiên,Biển đảo/rừng núi/sinh thái,beach
TTH_0026,Lăng Khải Định,Thừa Thiên Huế,Tâm linh,Đền/phủ/miếu/lăng tẩm,religious
TTH_0025,Lăng Minh Mạng,Thừa Thiên Huế,Tâm linh,Đền/phủ/miếu/lăng tẩm,religious
TTH_0024,Lăng Tự Đức,Thừa Thiên Huế,Tâm linh,Đền/phủ/miếu/lăng tẩm,religious
TTH_0080,Ngũ Hồ Bạch Mã,Thừa Thiên Huế,Thiên nhiên,Biển/đầm phá/rừng/sinh thái,beach
TTH_0063,Phá Tam Giang,Thừa Thiên Huế,Thiên nhiên,Biển/đầm phá/rừng/sinh thái,beach
TTH_0122,Phá Tam Giang hoàng hôn,Thừa Thiên Huế,Thiên nhiên,Biển/đầm phá/rừng/sinh thái,beach
TTH_0101,Sân golf Laguna Lăng Cô,Thừa Thiên Huế,Tâm linh,Đền/phủ/miếu/lăng tẩm,religious
TTH_0038,Thiền viện Trúc Lâm Bạch Mã,Thừa Thiên Huế,Tâm linh,Chùa/thiền viện,religious
TTH_0076,Vườn quốc gia Bạch Mã,Thừa Thiên Huế,Thiên nhiên,Biển/đầm phá/rừng/sinh thái,beach
TTH_0072,Vịnh Lăng Cô,Thừa Thiên Huế,Thiên nhiên,Biển đảo/rừng núi/sinh thái,beach
TTH_0003,Đại Nội Huế,Thừa Thiên Huế,Văn hóa,Di tích lịch sử/bảo tàng,culture
TTH_0077,Đỉnh Bạch Mã,Thừa Thiên Huế,Thiên nhiên,Biển/đầm phá/rừng/sinh thái,beach
TTH_0099,Biển Cảnh Dương Huế,Thừa Thiên Huế,Thiên nhiên,Biển/đầm phá/rừng/sinh thái,beach
TTH_0069,Biển Hải Dương Huế,Thừa Thiên Huế,Thiên nhiên,Biển/đầm phá/rừng/sinh thái,beach
TTH_0068,Biển Thuận An,Thừa Thiên Huế,Thiên nhiên,Biển/đầm phá/rừng/sinh thái,beach
TTH_0070,Biển Vinh Thanh,Thừa Thiên Huế,Thiên nhiên,Biển/đầm phá/rừng/sinh thái,beach
TTH_0130,Bãi Chuối Huế,Thừa Thiên Huế,Thiên nhiên,Biển/đầm phá/rừng/sinh thái,beach
TTH_0092,Bản A Nôr,Thừa Thiên Huế,Văn hóa cộng đồng,Bản làng/làng nghề/chợ,culture
TTH_0034,Chùa Báo Quốc,Thừa Thiên Huế,Tâm linh,Chùa/thiền viện,religious
TTH_0035,Chùa Diệu Đế,Thừa Thiên Huế,Tâm linh,Chùa/thiền viện,religious
TTH_0037,Chùa Huyền Không Sơn Thượng,Thừa Thiên Huế,Tâm linh,Chùa/thiền viện,religious
TTH_0036,Chùa Từ Hiếu,Thừa Thiên Huế,Tâm linh,Chùa/thiền viện,religious
TTH_0039,Chùa Từ Lâm,Thừa Thiên Huế,Tâm linh,Chùa/thiền viện,religious
TTH_0033,Chùa Từ Đàm,Thừa Thiên Huế,Tâm linh,Chùa/thiền viện,religious
TTH_0127,Chợ cá Thuận An,Thừa Thiên Huế,Thiên nhiên,Biển/đầm phá/rừng/sinh thái,beach
TTH_0048,Chợ đêm Huế,Thừa Thiên Huế,Văn hóa cộng đồng,Bản làng/làng nghề/chợ,culture
TTH_0120,Cầu ngói Thanh Toàn làng cổ,Thừa Thiên Huế,Thiên nhiên,Biển đảo/rừng núi/sinh thái,beach
TTH_0097,Cửa biển Tư Hiền,Thừa Thiên Huế,Thiên nhiên,Biển/đầm phá/rừng/sinh thái,beach
TTH_0010,Cửu Đỉnh Huế,Thừa Thiên Huế,Thiên nhiên,Biển/đầm phá/rừng/sinh thái,beach
TTH_0004,Hoàng thành Huế,Thừa Thiên Huế,Văn hóa,Di tích lịch sử/bảo tàng,culture
TTH_0116,Hồ Thủy Tiên,Thừa Thiên Huế,Thiên nhiên,Biển/đầm phá/rừng/sinh thái,beach
TTH_0131,Hồ Truồi,Thừa Thiên Huế,Thiên nhiên,Biển/đầm phá/rừng/sinh thái,beach
TTH_0019,Hồ Tịnh Tâm,Thừa Thiên Huế,Thiên nhiên,Biển/đầm phá/rừng/sinh thái,beach
TTH_0022,Hổ Quyền,Thừa Thiên Huế,Tâm linh,Đền/phủ/miếu/lăng tẩm,religious
TTH_0061,Làng Kim Long,Thừa Thiên Huế,Văn hóa cộng đồng,Bản làng/làng nghề/chợ,culture
TTH_0106,Làng Kim Long ẩm thực vườn,Thừa Thiên Huế,Văn hóa cộng đồng,Bản làng/làng nghề/chợ,culture
TTH_0125,Làng chài Thái Dương Hạ,Thừa Thiên Huế,Văn hóa cộng đồng,Bản làng/làng nghề/chợ,culture
TTH_0062,Làng cổ Bao Vinh,Thừa Thiên Huế,Thiên nhiên,Biển đảo/rừng núi/sinh thái,beach
TTH_0057,Làng cổ Phước Tích,Thừa Thiên Huế,Thiên nhiên,Biển đảo/rừng núi/sinh thái,beach
TTH_0121,Làng cổ Phước Tích nhà rường,Thừa Thiên Huế,Thiên nhiên,Biển đảo/rừng núi/sinh thái,beach
TTH_0058,Làng gốm Phước Tích,Thừa Thiên Huế,Văn hóa cộng đồng,Bản làng/làng nghề/chợ,culture
TTH_0056,Làng hoa giấy Thanh Tiên,Thừa Thiên Huế,Văn hóa cộng đồng,Bản làng/làng nghề/chợ,culture
TTH_0054,Làng hương Thủy Xuân,Thừa Thiên Huế,Văn hóa cộng đồng,Bản làng/làng nghề/chợ,culture
TTH_0060,Làng nghề đúc đồng Phường Đúc,Thừa Thiên Huế,Văn hóa cộng đồng,Bản làng/làng nghề/chợ,culture
TTH_0055,Làng nón Tây Hồ,Thừa Thiên Huế,Văn hóa cộng đồng,Bản làng/làng nghề/chợ,culture
TTH_0059,Làng tranh Sình,Thừa Thiên Huế,Văn hóa cộng đồng,Bản làng/làng nghề/chợ,culture
TTH_0093,Làng văn hóa A Lưới,Thừa Thiên Huế,Văn hóa cộng đồng,Bản làng/làng nghề/chợ,culture
TTH_0030,Lăng Dục Đức,Thừa Thiên Huế,Tâm linh,Đền/phủ/miếu/lăng tẩm,religious
TTH_0027,Lăng Gia Long,Thừa Thiên Huế,Tâm linh,Đền/phủ/miếu/lăng tẩm,religious
TTH_0028,Lăng Thiệu Trị,Thừa Thiên Huế,Tâm linh,Đền/phủ/miếu/lăng tẩm,religious
TTH_0029,Lăng Đồng Khánh,Thừa Thiên Huế,Tâm linh,Đền/phủ/miếu/lăng tẩm,religious
TTH_0110,Nhà thờ Phủ Cam,Thừa Thiên Huế,Tâm linh,Đền/phủ/miếu/lăng tẩm,religious
TTH_0118,Núi Ngự Bình,Thừa Thiên Huế,Thiên nhiên,Biển/đầm phá/rừng/sinh thái,beach
TTH_0001,Quần thể di tích Cố đô Huế,Thừa Thiên Huế,Văn hóa,Di tích lịch sử/bảo tàng,culture
TTH_0117,Rừng thông Thiên An,Thừa Thiên Huế,Thiên nhiên,Biển/đầm phá/rừng/sinh thái,beach
TTH_0089,Suối A Lin,Thừa Thiên Huế,Thiên nhiên,Biển/đầm phá/rừng/sinh thái,beach
TTH_0082,Suối Mơ Huế,Thừa Thiên Huế,Thiên nhiên,Biển/đầm phá/rừng/sinh thái,beach
TTH_0081,Suối Voi,Thừa Thiên Huế,Thiên nhiên,Biển/đầm phá/rừng/sinh thái,beach
TTH_0086,Suối khoáng nóng Thanh Tân,Thừa Thiên Huế,Thiên nhiên,Biển/đầm phá/rừng/sinh thái,beach
TTH_0088,Thác A Nor,Thừa Thiên Huế,Thiên nhiên,Biển/đầm phá/rừng/sinh thái,beach
TTH_0084,Thác Kazan,Thừa Thiên Huế,Thiên nhiên,Biển/đầm phá/rừng/sinh thái,beach
TTH_0083,Thác Mơ Nam Đông,Thừa Thiên Huế,Thiên nhiên,Biển/đầm phá/rừng/sinh thái,beach
TTH_0090,Thác Pâr Le,Thừa Thiên Huế,Thiên nhiên,Biển/đầm phá/rừng/sinh thái,beach
TTH_0079,Thác Đỗ Quyên,Thừa Thiên Huế,Thiên nhiên,Biển/đầm phá/rừng/sinh thái,beach
TTH_0008,Thế Miếu,Thừa Thiên Huế,Tâm linh,Đền/phủ/miếu/lăng tẩm,religious
TTH_0040,Điện Hòn Chén,Thừa Thiên Huế,Thiên nhiên,Biển đảo/rừng núi/sinh thái,beach
TTH_0011,Điện Kiến Trung,Thừa Thiên Huế,Tâm linh,Đền/phủ/miếu/lăng tẩm,religious
TTH_0007,Điện Thái Hòa,Thừa Thiên Huế,Tâm linh,Đền/phủ/miếu/lăng tẩm,religious
TTH_0023,Điện Voi Ré,Thừa Thiên Huế,Tâm linh,Đền/phủ/miếu/lăng tẩm,religious
TTH_0021,Đàn Nam Giao,Thừa Thiên Huế,Tâm linh,Đền/phủ/miếu/lăng tẩm,religious
TTH_0020,Đàn Xã Tắc,Thừa Thiên Huế,Tâm linh,Đền/phủ/miếu/lăng tẩm,religious
TTH_0074,Đèo Hải Vân phía Huế,Thừa Thiên Huế,Thiên nhiên,Biển/đầm phá/rừng/sinh thái,beach
TTH_0064,Đầm Chuồn,Thừa Thiên Huế,Thiên nhiên,Biển/đầm phá/rừng/sinh thái,beach
TTH_0095,Đầm Cầu Hai,Thừa Thiên Huế,Thiên nhiên,Biển/đầm phá/rừng/sinh thái,beach
TTH_0073,Đầm Lập An,Thừa Thiên Huế,Thiên nhiên,Biển/đầm phá/rừng/sinh thái,beach
TTH_0124,Đầm Sam Chuồn,Thừa Thiên Huế,Thiên nhiên,Biển/đầm phá/rừng/sinh thái,beach
TTH_0041,Đền Huyền Trân Công Chúa,Thừa Thiên Huế,Tâm linh,Đền/phủ/miếu/lăng tẩm,religious
TTH_0119,Đền thờ Huyền Trân,Thừa Thiên Huế,Tâm linh,Đền/phủ/miếu/lăng tẩm,religious
TTH_0087,Alba Thanh Tân,Thừa Thiên Huế,Di tích,Điểm tham quan văn hóa,heritage
TTH_0017,Bảo tàng Cổ vật Cung đình Huế,Thừa Thiên Huế,Di tích,Đình làng,heritage
TTH_0094,Chợ A Lưới,Thừa Thiên Huế,Ẩm thực,Chợ/đặc sản,food
TTH_0102,Chợ An Cựu,Thừa Thiên Huế,Ẩm thực,Chợ/đặc sản,food
TTH_0103,Chợ Bến Ngự,Thừa Thiên Huế,Ẩm thực,Chợ/đặc sản,food
TTH_0104,Chợ Tây Lộc,Thừa Thiên Huế,Ẩm thực,Chợ/đặc sản,food
TTH_0047,Chợ Đông Ba,Thừa Thiên Huế,Ẩm thực,Chợ/đặc sản,food
TTH_0031,Cung An Định,Thừa Thiên Huế,Di tích,Điểm tham quan văn hóa,heritage
TTH_0012,Cung Diên Thọ,Thừa Thiên Huế,Di tích,Điểm tham quan văn hóa,heritage
TTH_0051,Công viên 3/2 Huế,Thừa Thiên Huế,Giải trí,Công viên/khu vui chơi,checkin
TTH_0050,Công viên Thương Bạc,Thừa Thiên Huế,Giải trí,Công viên/khu vui chơi,checkin
TTH_0098,Cảnh Dương Beachcamp,Thừa Thiên Huế,Di tích,Điểm tham quan văn hóa,heritage
TTH_0044,Cầu Phú Xuân,Thừa Thiên Huế,Di tích,Điểm tham quan văn hóa,heritage
TTH_0043,Cầu Trường Tiền,Thừa Thiên Huế,Di tích,Điểm tham quan văn hóa,heritage
TTH_0096,Cầu Tư Hiền,Thừa Thiên Huế,Di tích,Điểm tham quan văn hóa,heritage
TTH_0111,Cầu bán nguyệt Huế,Thừa Thiên Huế,Di tích,Điểm tham quan văn hóa,heritage
TTH_0049,Cầu gỗ lim Huế,Thừa Thiên Huế,Di tích,Điểm tham quan văn hóa,heritage
TTH_0066,Cầu ngói Thanh Toàn,Thừa Thiên Huế,Di tích,Điểm tham quan văn hóa,heritage
TTH_0015,Cửa Chương Đức,Thừa Thiên Huế,Di tích,Điểm tham quan văn hóa,heritage
TTH_0014,Cửa Hiển Nhơn,Thừa Thiên Huế,Di tích,Điểm tham quan văn hóa,heritage
TTH_0013,Duyệt Thị Đường,Thừa Thiên Huế,Di tích,Điểm tham quan văn hóa,heritage
TTH_0112,Dã Viên Bridge,Thừa Thiên Huế,Di tích,Điểm tham quan văn hóa,heritage
TTH_0113,Ga Huế,Thừa Thiên Huế,Di tích,Điểm tham quan văn hóa,heritage
TTH_0009,Hiển Lâm Các,Thừa Thiên Huế,Di tích,Điểm tham quan văn hóa,heritage
TTH_0108,Hue Museum of Royal Antiquities courtyard,Thừa Thiên Huế,Di tích,Điểm tham quan văn hóa,heritage
TTH_0075,Hải Vân Quan,Thừa Thiên Huế,Di tích,Điểm tham quan văn hóa,heritage
TTH_0078,Hải Vọng Đài,Thừa Thiên Huế,Di tích,Điểm tham quan văn hóa,heritage
TTH_0085,Khu du lịch sinh thái YesHue Eco,Thừa Thiên Huế,Di tích,Điểm tham quan văn hóa,heritage
TTH_0107,Không gian Lục Bộ,Thừa Thiên Huế,Di tích,Điểm tham quan văn hóa,heritage
TTH_0016,Kỳ Đài Huế,Thừa Thiên Huế,Di tích,Điểm tham quan văn hóa,heritage
TTH_0006,Ngọ Môn,Thừa Thiên Huế,Di tích,Điểm tham quan văn hóa,heritage
TTH_0067,Nhà trưng bày nông cụ Thanh Toàn,Thừa Thiên Huế,Di tích,Điểm tham quan văn hóa,heritage
TTH_0052,Nhà vườn An Hiên,Thừa Thiên Huế,Di tích,Điểm tham quan văn hóa,heritage
TTH_0053,Nhà vườn Lạc Tịnh,Thừa Thiên Huế,Di tích,Điểm tham quan văn hóa,heritage
TTH_0046,Phố Tây Huế,Thừa Thiên Huế,Di tích,Điểm tham quan văn hóa,heritage
TTH_0045,Phố đi bộ Nguyễn Đình Chiểu,Thừa Thiên Huế,Di tích,Đình làng,heritage
TTH_0065,Rú Chá,Thừa Thiên Huế,Di tích,Điểm tham quan văn hóa,heritage
TTH_0042,Sông Hương,Thừa Thiên Huế,Di tích,Điểm tham quan văn hóa,heritage
TTH_0109,Trường Quốc Học Huế,Thừa Thiên Huế,Di tích,Điểm tham quan văn hóa,heritage
TTH_0018,Tàng Thư Lâu,Thừa Thiên Huế,Di tích,Điểm tham quan văn hóa,heritage
TTH_0005,Tử Cấm Thành Huế,Thừa Thiên Huế,Di tích,Điểm tham quan văn hóa,heritage
TTH_0126,Đình làng Thai Dương Hạ,Thừa Thiên Huế,Di tích,Đình làng,heritage
TTH_0091,Đồi A Bia,Thừa Thiên Huế,Di tích,Điểm tham quan văn hóa,heritage
TTH_0115,Đồi Thiên An,Thừa Thiên Huế,Di tích,Điểm tham quan văn hóa,heritage
TTH_0114,Đồi Vọng Cảnh,Thừa Thiên Huế,Di tích,Điểm tham quan văn hóa,heritage
TTH_0105,Ẩm thực Cồn Hến,Thừa Thiên Huế,Ẩm thực,Chợ/đặc sản,food
TG_0042,Biển Tân Thành,Tiền Giang,Thiên nhiên,Sông nước/biển/cù lao/đất ngập nước,beach
TG_0001,Chùa Vĩnh Tràng,Tiền Giang,Tâm linh,Chùa/thiền viện,religious
TG_0032,Chợ Cái Bè,Tiền Giang,Văn hóa cộng đồng,Chợ/làng nghề/miệt vườn,culture
TG_0020,Chợ nổi Cái Bè,Tiền Giang,Văn hóa cộng đồng,Chợ/làng nghề/miệt vườn,culture
TG_0002,Cù lao Thới Sơn,Tiền Giang,Văn hóa cộng đồng,Chợ/làng nghề/miệt vườn,culture
TG_0016,Khu di tích Rạch Gầm - Xoài Mút,Tiền Giang,Văn hóa,Di tích lịch sử/bảo tàng,culture
TG_0003,Khu du lịch Thới Sơn,Tiền Giang,Giải trí,Công viên/khu vui chơi/check-in,checkin
TG_0022,Làng cổ Đông Hòa Hiệp,Tiền Giang,Thiên nhiên,Biển đảo/rừng núi/sinh thái,beach
TG_0028,Làng nghề bánh tráng Cái Bè,Tiền Giang,Văn hóa cộng đồng,Chợ/làng nghề/miệt vườn,culture
TG_0026,Lò cốm Cái Bè,Tiền Giang,Di tích,Điểm tham quan văn hóa,heritage
TG_0027,Lò kẹo dừa Cái Bè,Tiền Giang,Di tích,Điểm tham quan văn hóa,heritage
TG_0021,Nhà thờ Cái Bè,Tiền Giang,Tâm linh,Đền/miếu/đình/lăng,religious
TG_0007,Trại rắn Đồng Tâm,Tiền Giang,Di tích,Điểm tham quan văn hóa,heritage
TG_0017,Tượng đài chiến thắng Rạch Gầm - Xoài Mút,Tiền Giang,Văn hóa,Di tích lịch sử/bảo tàng,culture
TG_0043,Bãi biển Gò Công,Tiền Giang,Thiên nhiên,Biển đảo/rừng núi/sinh thái,beach
TG_0010,Bảo tàng Tiền Giang,Tiền Giang,Văn hóa,Di tích lịch sử/bảo tàng,culture
TG_0015,Chùa Bửu Lâm Mỹ Tho,Tiền Giang,Tâm linh,Chùa/thiền viện,religious
TG_0036,Chợ Cai Lậy,Tiền Giang,Văn hóa cộng đồng,Chợ/làng nghề/miệt vườn,culture
TG_0051,Chợ Gò Công,Tiền Giang,Tâm linh,Đền/miếu/đình/lăng,religious
TG_0054,Chợ Gò Công Tây,Tiền Giang,Tâm linh,Đền/miếu/đình/lăng,religious
TG_0060,Chợ Gạo,Tiền Giang,Văn hóa cộng đồng,Chợ/làng nghề/miệt vườn,culture
TG_0008,Chợ Mỹ Tho,Tiền Giang,Văn hóa cộng đồng,Chợ/làng nghề/miệt vườn,culture
TG_0059,Chợ Tân Phú Đông,Tiền Giang,Tâm linh,Đền/miếu/đình/lăng,religious
TG_0009,Chợ đêm Mỹ Tho,Tiền Giang,Văn hóa cộng đồng,Chợ/làng nghề/miệt vườn,culture
TG_0041,Cánh đồng sen Tân Phước,Tiền Giang,Thiên nhiên,Sông nước/biển/cù lao/đất ngập nước,beach
TG_0011,Công viên Lạc Hồng Mỹ Tho,Tiền Giang,Tâm linh,Đền/miếu/đình/lăng,religious
TG_0056,Cù lao Lợi Quan,Tiền Giang,Văn hóa cộng đồng,Chợ/làng nghề/miệt vườn,culture
TG_0033,Cù lao Ngũ Hiệp,Tiền Giang,Văn hóa cộng đồng,Chợ/làng nghề/miệt vườn,culture
TG_0029,Cù lao Tân Phong,Tiền Giang,Văn hóa cộng đồng,Chợ/làng nghề/miệt vườn,culture
TG_0057,Cù lao Tân Thới,Tiền Giang,Văn hóa cộng đồng,Chợ/làng nghề/miệt vườn,culture
TG_0004,Cồn Lân Tiền Giang,Tiền Giang,Văn hóa cộng đồng,Chợ/làng nghề/miệt vườn,culture
TG_0044,Cồn Ngang Gò Công,Tiền Giang,Tâm linh,Đền/miếu/đình/lăng,religious
TG_0045,Cửa biển Soài Rạp,Tiền Giang,Thiên nhiên,Sông nước/biển/cù lao/đất ngập nước,beach
TG_0018,Di tích chiến thắng Ấp Bắc,Tiền Giang,Văn hóa,Di tích lịch sử/bảo tàng,culture
TG_0047,Dinh Đốc Phủ Hải,Tiền Giang,Tâm linh,Đền/miếu/đình/lăng,religious
TG_0019,Khu di tích Ấp Bắc,Tiền Giang,Văn hóa,Di tích lịch sử/bảo tàng,culture
TG_0031,Khu du lịch Mekong Lodge,Tiền Giang,Giải trí,Công viên/khu vui chơi/check-in,checkin
TG_0063,Khu du lịch sinh thái Song Thuận,Tiền Giang,Giải trí,Công viên/khu vui chơi/check-in,checkin
TG_0039,Khu du lịch sinh thái Tân Phước,Tiền Giang,Giải trí,Công viên/khu vui chơi/check-in,checkin
TG_0061,Kênh Chợ Gạo,Tiền Giang,Văn hóa cộng đồng,Chợ/làng nghề/miệt vườn,culture
TG_0062,Làng nghề bánh giá Chợ Gạo,Tiền Giang,Văn hóa cộng đồng,Chợ/làng nghề/miệt vườn,culture
TG_0055,Làng nghề mắm tôm chà Gò Công,Tiền Giang,Tâm linh,Đền/miếu/đình/lăng,religious
TG_0053,Làng nghề tủ thờ Gò Công,Tiền Giang,Tâm linh,Đền/miếu/đình/lăng,religious
TG_0065,Làng vú sữa Lò Rèn Vĩnh Kim,Tiền Giang,Thiên nhiên,Biển đảo/rừng núi/sinh thái,beach
TG_0046,Lăng Hoàng Gia,Tiền Giang,Tâm linh,Đền/miếu/đình/lăng,religious
TG_0023,Nhà cổ Ba Đức,Tiền Giang,Văn hóa,Di tích lịch sử/bảo tàng,culture
TG_0024,Nhà cổ Cai Huy,Tiền Giang,Văn hóa,Di tích lịch sử/bảo tàng,culture
TG_0025,Nhà cổ ông Kiệt,Tiền Giang,Tâm linh,Đền/miếu/đình/lăng,religious
TG_0013,Nhà thờ Chánh tòa Mỹ Tho,Tiền Giang,Tâm linh,Đền/miếu/đình/lăng,religious
TG_0052,Nhà thờ Gò Công,Tiền Giang,Tâm linh,Đền/miếu/đình/lăng,religious
TG_0048,Nhà Đốc Phủ Hải,Tiền Giang,Văn hóa,Di tích lịch sử/bảo tàng,culture
TG_0012,Quảng trường Trung tâm tỉnh Tiền Giang,Tiền Giang,Giải trí,Công viên/khu vui chơi/check-in,checkin
TG_0005,Sông Tiền đoạn Mỹ Tho,Tiền Giang,Tâm linh,Đền/miếu/đình/lăng,religious
TG_0037,Thiền viện Trúc Lâm Chánh Giác,Tiền Giang,Tâm linh,Chùa/thiền viện,religious
TG_0058,Vườn mãng cầu Tân Phú Đông,Tiền Giang,Tâm linh,Đền/miếu/đình/lăng,religious
TG_0034,Vườn sầu riêng Ngũ Hiệp,Tiền Giang,Văn hóa cộng đồng,Chợ/làng nghề/miệt vườn,culture
TG_0035,Vườn trái cây Cai Lậy,Tiền Giang,Văn hóa cộng đồng,Chợ/làng nghề/miệt vườn,culture
TG_0030,Vườn trái cây Tân Phong,Tiền Giang,Văn hóa cộng đồng,Chợ/làng nghề/miệt vườn,culture
TG_0064,Vườn trái cây Vĩnh Kim,Tiền Giang,Thiên nhiên,Biển đảo/rừng núi/sinh thái,beach
TG_0014,Đình Điều Hòa,Tiền Giang,Tâm linh,Đền/miếu/đình/lăng,religious
TG_0049,Đền thờ Trương Định,Tiền Giang,Tâm linh,Đền/miếu/đình/lăng,religious
TG_0006,Bến tàu du lịch Mỹ Tho,Tiền Giang,Di tích,Điểm tham quan văn hóa,heritage
TG_0038,Khu bảo tồn sinh thái Đồng Tháp Mười Tiền Giang,Tiền Giang,Di tích,Điểm tham quan văn hóa,heritage
TG_0050,Tượng đài Trương Định,Tiền Giang,Di tích,Điểm tham quan văn hóa,heritage
TG_0040,Đồng khóm Tân Phước,Tiền Giang,Di tích,Điểm tham quan văn hóa,heritage
TV_0001,Ao Bà Om,Trà Vinh,Tâm linh,Đền/miếu/đình/lăng,religious
TV_0024,Biển Ba Động,Trà Vinh,Thiên nhiên,Sông nước/biển/cù lao/đất ngập nước,beach
TV_0008,Chùa Cò,Trà Vinh,Tâm linh,Chùa/thiền viện,religious
TV_0005,Chùa Hang Trà Vinh,Trà Vinh,Tâm linh,Chùa/thiền viện,religious
TV_0007,Chùa Vàm Ray,Trà Vinh,Tâm linh,Chùa/thiền viện,religious
TV_0003,Chùa Âng,Trà Vinh,Tâm linh,Chùa/thiền viện,religious
TV_0057,Chùa Âng Cũ,Trà Vinh,Tâm linh,Chùa/thiền viện,religious
TV_0019,Cồn Chim,Trà Vinh,Văn hóa cộng đồng,Chợ/làng nghề/miệt vườn,culture
TV_0002,Khu danh thắng Ao Bà Om,Trà Vinh,Tâm linh,Đền/miếu/đình/lăng,religious
TV_0025,Khu du lịch biển Ba Động,Trà Vinh,Thiên nhiên,Sông nước/biển/cù lao/đất ngập nước,beach
TV_0058,Khu văn hóa du lịch Ao Bà Om,Trà Vinh,Tâm linh,Đền/miếu/đình/lăng,religious
TV_0020,Làng du lịch cộng đồng Cồn Chim,Trà Vinh,Văn hóa cộng đồng,Chợ/làng nghề/miệt vườn,culture
TV_0026,Rừng ngập mặn Ba Động,Trà Vinh,Thiên nhiên,Sông nước/biển/cù lao/đất ngập nước,beach
TV_0004,Bảo tàng Văn hóa Dân tộc Khmer Trà Vinh,Trà Vinh,Văn hóa,Di tích lịch sử/bảo tàng,culture
TV_0018,Bảo tàng tỉnh Trà Vinh,Trà Vinh,Văn hóa,Di tích lịch sử/bảo tàng,culture
TV_0059,Bến sông Long Bình,Trà Vinh,Tâm linh,Đền/miếu/đình/lăng,religious
TV_0012,Chùa Bodhisalaraja,Trà Vinh,Tâm linh,Chùa/thiền viện,religious
TV_0044,Chùa Hạnh Phúc Tăng,Trà Vinh,Tâm linh,Chùa/thiền viện,religious
TV_0050,Chùa Khmer Tiểu Cần,Trà Vinh,Tâm linh,Chùa/thiền viện,religious
TV_0006,Chùa Kompong Chrây,Trà Vinh,Tâm linh,Chùa/thiền viện,religious
TV_0011,Chùa Long Đức Trà Vinh,Trà Vinh,Tâm linh,Chùa/thiền viện,religious
TV_0009,Chùa Nodol,Trà Vinh,Tâm linh,Chùa/thiền viện,religious
TV_0042,Chùa Phnô Đôn,Trà Vinh,Tâm linh,Chùa/thiền viện,religious
TV_0013,Chùa Phước Minh Cung,Trà Vinh,Tâm linh,Chùa/thiền viện,religious
TV_0041,Chùa Samrông Ek,Trà Vinh,Tâm linh,Chùa/thiền viện,religious
TV_0010,Chùa Ông Mẹt,Trà Vinh,Tâm linh,Chùa/thiền viện,religious
TV_0048,Chợ Càng Long,Trà Vinh,Văn hóa cộng đồng,Chợ/làng nghề/miệt vườn,culture
TV_0038,Chợ Cầu Kè,Trà Vinh,Văn hóa cộng đồng,Chợ/làng nghề/miệt vườn,culture
TV_0052,Chợ Cầu Ngang,Trà Vinh,Văn hóa cộng đồng,Chợ/làng nghề/miệt vườn,culture
TV_0034,Chợ Duyên Hải,Trà Vinh,Văn hóa cộng đồng,Chợ/làng nghề/miệt vườn,culture
TV_0049,Chợ Tiểu Cần,Trà Vinh,Văn hóa cộng đồng,Chợ/làng nghề/miệt vườn,culture
TV_0054,Chợ Trà Cú,Trà Vinh,Văn hóa cộng đồng,Chợ/làng nghề/miệt vườn,culture
TV_0014,Chợ Trà Vinh,Trà Vinh,Văn hóa cộng đồng,Chợ/làng nghề/miệt vườn,culture
TV_0015,Chợ đêm Trà Vinh,Trà Vinh,Văn hóa cộng đồng,Chợ/làng nghề/miệt vườn,culture
TV_0032,Cánh đồng điện gió Duyên Hải,Trà Vinh,Thiên nhiên,Sông nước/biển/cù lao/đất ngập nước,beach
TV_0017,Công viên trung tâm Trà Vinh,Trà Vinh,Thiên nhiên,Biển đảo/rừng núi/sinh thái,beach
TV_0021,Cù lao Long Trị,Trà Vinh,Văn hóa cộng đồng,Chợ/làng nghề/miệt vườn,culture
TV_0036,Cù lao Tân Quy,Trà Vinh,Văn hóa cộng đồng,Chợ/làng nghề/miệt vườn,culture
TV_0061,Cồn Hô,Trà Vinh,Văn hóa cộng đồng,Chợ/làng nghề/miệt vườn,culture
TV_0030,Cồn Nghêu Cầu Ngang,Trà Vinh,Văn hóa cộng đồng,Chợ/làng nghề/miệt vườn,culture
TV_0029,Cửa biển Cung Hầu,Trà Vinh,Thiên nhiên,Sông nước/biển/cù lao/đất ngập nước,beach
TV_0027,Cửa biển Định An,Trà Vinh,Thiên nhiên,Sông nước/biển/cù lao/đất ngập nước,beach
TV_0046,Di tích Cồn Tàu,Trà Vinh,Văn hóa,Di tích lịch sử/bảo tàng,culture
TV_0045,Khu di tích bến tiếp nhận vũ khí Cồn Tàu,Trà Vinh,Văn hóa,Di tích lịch sử/bảo tàng,culture
TV_0043,Khu du lịch sinh thái Huỳnh Kha,Trà Vinh,Giải trí,Công viên/khu vui chơi/check-in,checkin
TV_0053,Làng Khmer Cầu Ngang,Trà Vinh,Văn hóa cộng đồng,Chợ/làng nghề/miệt vườn,culture
TV_0055,Làng Khmer Trà Cú,Trà Vinh,Văn hóa cộng đồng,Chợ/làng nghề/miệt vườn,culture
TV_0060,Làng bún nước lèo Trà Vinh,Trà Vinh,Thiên nhiên,Biển đảo/rừng núi/sinh thái,beach
TV_0035,Làng chài Duyên Hải,Trà Vinh,Văn hóa cộng đồng,Chợ/làng nghề/miệt vườn,culture
TV_0062,Làng du lịch Cồn Hô,Trà Vinh,Văn hóa cộng đồng,Chợ/làng nghề/miệt vườn,culture
TV_0051,Làng nghề bánh tét Trà Cuôn,Trà Vinh,Văn hóa cộng đồng,Chợ/làng nghề/miệt vườn,culture
TV_0039,Làng nghề cốm dẹp Cầu Kè,Trà Vinh,Văn hóa cộng đồng,Chợ/làng nghề/miệt vườn,culture
TV_0047,Làng nghề dệt chiếu Trà Vinh,Trà Vinh,Văn hóa cộng đồng,Chợ/làng nghề/miệt vườn,culture
TV_0040,Nhà cổ Cầu Kè,Trà Vinh,Văn hóa,Di tích lịch sử/bảo tàng,culture
TV_0016,Quảng trường Trà Vinh,Trà Vinh,Giải trí,Công viên/khu vui chơi/check-in,checkin
TV_0031,Rừng phòng hộ ven biển Cầu Ngang,Trà Vinh,Thiên nhiên,Sông nước/biển/cù lao/đất ngập nước,beach
TV_0023,Sông Cổ Chiên Trà Vinh,Trà Vinh,Thiên nhiên,Biển đảo/rừng núi/sinh thái,beach
TV_0063,Vườn dừa sáp Cầu Kè,Trà Vinh,Văn hóa cộng đồng,Chợ/làng nghề/miệt vườn,culture
TV_0037,Vườn trái cây Tân Quy,Trà Vinh,Văn hóa cộng đồng,Chợ/làng nghề/miệt vườn,culture
TV_0028,Cảng Định An,Trà Vinh,Di tích,Điểm tham quan văn hóa,heritage
TV_0022,Cầu Cổ Chiên phía Trà Vinh,Trà Vinh,Thiên nhiên,Biển đảo/rừng núi/sinh thái,beach
TV_0056,Khu tưởng niệm nữ Anh hùng Nguyễn Thị Út,Trà Vinh,Di tích,Điểm tham quan văn hóa,heritage
TV_0033,Nhà máy nhiệt điện Duyên Hải viewpoint,Trà Vinh,Di tích,Điểm tham quan văn hóa,heritage
TQ_0056,Bản Bon Lâm Bình,Tuyên Quang,Văn hóa cộng đồng,Bản làng/chợ phiên,culture
TQ_0047,Bản Nà Tông Lâm Bình,Tuyên Quang,Văn hóa cộng đồng,Bản làng/chợ phiên,culture
TQ_0041,Chợ Na Hang,Tuyên Quang,Thiên nhiên,Danh thắng/sinh thái,mountain
TQ_0076,Chợ phiên Tân Trào,Tuyên Quang,Văn hóa,Di tích lịch sử/bảo tàng,culture
TQ_0003,Cây đa Tân Trào,Tuyên Quang,Văn hóa,Di tích lịch sử/bảo tàng,culture
TQ_0029,Hồ Na Hang,Tuyên Quang,Thiên nhiên,Danh thắng/sinh thái,mountain
TQ_0043,Hồ sinh thái Lâm Bình,Tuyên Quang,Thiên nhiên,Danh thắng/sinh thái,nature
TQ_0042,Khu bảo tồn thiên nhiên Na Hang - Lâm Bình,Tuyên Quang,Thiên nhiên,Danh thắng/sinh thái,mountain
TQ_0001,Khu di tích quốc gia đặc biệt Tân Trào,Tuyên Quang,Văn hóa,Di tích lịch sử/bảo tàng,culture
TQ_0044,Khu du lịch cộng đồng Lâm Bình,Tuyên Quang,Văn hóa,Di tích lịch sử/bảo tàng,culture
TQ_0030,Khu du lịch sinh thái Na Hang,Tuyên Quang,Thiên nhiên,Danh thắng/sinh thái,mountain
TQ_0026,Khu du lịch suối khoáng Mỹ Lâm,Tuyên Quang,Thiên nhiên,Danh thắng/sinh thái,mountain
TQ_0028,Khu nghỉ dưỡng Mỹ Lâm,Tuyên Quang,Di tích,Điểm tham quan văn hóa,heritage
TQ_0075,Làng văn hóa Tày Tân Trào,Tuyên Quang,Văn hóa,Di tích lịch sử/bảo tàng,culture
TQ_0002,Lán Nà Nưa,Tuyên Quang,Văn hóa,Di tích lịch sử/bảo tàng,culture
TQ_0008,Nha Thông tin Tân Trào,Tuyên Quang,Văn hóa,Di tích lịch sử/bảo tàng,culture
TQ_0027,Suối khoáng Mỹ Lâm,Tuyên Quang,Thiên nhiên,Danh thắng/sinh thái,mountain
TQ_0045,Thác Khuổi Nhi Lâm Bình,Tuyên Quang,Thiên nhiên,Danh thắng/sinh thái,mountain
TQ_0032,Thác Mơ Na Hang,Tuyên Quang,Thiên nhiên,Danh thắng/sinh thái,mountain
TQ_0004,Đình Tân Trào,Tuyên Quang,Di tích,Đình làng,heritage
TQ_0077,Đồi chè Tân Trào,Tuyên Quang,Văn hóa,Di tích lịch sử/bảo tàng,culture
TQ_0070,Bản Ba Chiêm Hóa,Tuyên Quang,Văn hóa cộng đồng,Bản làng/chợ phiên,culture
TQ_0048,Bản Bó Củng,Tuyên Quang,Văn hóa cộng đồng,Bản làng/chợ phiên,culture
TQ_0039,Bản Khau Tràng,Tuyên Quang,Văn hóa cộng đồng,Bản làng/chợ phiên,culture
TQ_0081,Bản Lũng Giềng,Tuyên Quang,Văn hóa cộng đồng,Bản làng/chợ phiên,culture
TQ_0040,Bản Nà Tông,Tuyên Quang,Văn hóa cộng đồng,Bản làng/chợ phiên,culture
TQ_0046,Bản Nặm Đíp,Tuyên Quang,Văn hóa cộng đồng,Bản làng/chợ phiên,culture
TQ_0049,Bản Phia Chang,Tuyên Quang,Văn hóa cộng đồng,Bản làng/chợ phiên,culture
TQ_0080,Bản du lịch cộng đồng Nà Muông,Tuyên Quang,Văn hóa,Di tích lịch sử/bảo tàng,culture
TQ_0073,Bản du lịch cộng đồng Nặm Đíp,Tuyên Quang,Văn hóa,Di tích lịch sử/bảo tàng,culture
TQ_0014,Bảo tàng tỉnh Tuyên Quang,Tuyên Quang,Văn hóa,Di tích lịch sử/bảo tàng,culture
TQ_0019,Chùa An Vinh,Tuyên Quang,Tâm linh,Chùa/thiền viện,religious
TQ_0065,Chùa Hang Tuyên Quang,Tuyên Quang,Tâm linh,Chùa/thiền viện,religious
TQ_0011,Cụm di tích Kim Quan,Tuyên Quang,Văn hóa,Di tích lịch sử/bảo tàng,culture
TQ_0006,Hang Bòng,Tuyên Quang,Thiên nhiên,Danh thắng/sinh thái,mountain
TQ_0051,Hang Khuổi Pín,Tuyên Quang,Thiên nhiên,Danh thắng/sinh thái,mountain
TQ_0038,Hang Phia Vài,Tuyên Quang,Thiên nhiên,Danh thắng/sinh thái,mountain
TQ_0025,Hồ Tân Quang,Tuyên Quang,Thiên nhiên,Danh thắng/sinh thái,nature
TQ_0013,Khu di tích Bình Ca,Tuyên Quang,Văn hóa,Di tích lịch sử/bảo tàng,culture
TQ_0082,Khu sinh thái Tát Kẻ - Bản Bung,Tuyên Quang,Văn hóa cộng đồng,Bản làng/chợ phiên,culture
TQ_0079,Làng nghề bánh gai Chiêm Hóa,Tuyên Quang,Văn hóa cộng đồng,Bản làng/chợ phiên,culture
TQ_0063,Làng nghề chè Tuyên Quang,Tuyên Quang,Văn hóa cộng đồng,Bản làng/chợ phiên,culture
TQ_0010,Lán Hang Thia,Tuyên Quang,Thiên nhiên,Danh thắng/sinh thái,mountain
TQ_0031,Lòng hồ thủy điện Tuyên Quang,Tuyên Quang,Tâm linh,Đền/phủ/miếu,religious
TQ_0034,Núi Pác Tạ,Tuyên Quang,Thiên nhiên,Danh thắng/sinh thái,mountain
TQ_0022,Phố đi bộ Tuyên Quang,Tuyên Quang,Văn hóa cộng đồng,Bản làng/chợ phiên,culture
TQ_0067,Thác Bản Ba,Tuyên Quang,Văn hóa cộng đồng,Bản làng/chợ phiên,culture
TQ_0061,Thác Cái Hàm Yên,Tuyên Quang,Thiên nhiên,Danh thắng/sinh thái,mountain
TQ_0036,Thác Khuổi Nhi,Tuyên Quang,Thiên nhiên,Danh thắng/sinh thái,mountain
TQ_0037,Thác Khuổi Súng,Tuyên Quang,Thiên nhiên,Danh thắng/sinh thái,mountain
TQ_0052,Thác Nặm Me,Tuyên Quang,Thiên nhiên,Danh thắng/sinh thái,mountain
TQ_0021,Tượng đài Bác Hồ với nhân dân các dân tộc Tuyên Quang,Tuyên Quang,Thiên nhiên,Danh thắng/sinh thái,nature
TQ_0068,Đền Bách Thần,Tuyên Quang,Tâm linh,Đền/phủ/miếu,religious
TQ_0078,Đền Hùng Tuyên Quang,Tuyên Quang,Tâm linh,Đền/phủ/miếu,religious
TQ_0016,Đền Hạ Tuyên Quang,Tuyên Quang,Tâm linh,Đền/phủ/miếu,religious
TQ_0072,Đền Kiếp Bạc Tuyên Quang,Tuyên Quang,Tâm linh,Đền/phủ/miếu,religious
TQ_0033,Đền Pác Tạ,Tuyên Quang,Tâm linh,Đền/phủ/miếu,religious
TQ_0055,Đền Pác Vãng,Tuyên Quang,Tâm linh,Đền/phủ/miếu,religious
TQ_0060,Đền Thác Cái,Tuyên Quang,Tâm linh,Đền/phủ/miếu,religious
TQ_0017,Đền Thượng Tuyên Quang,Tuyên Quang,Tâm linh,Đền/phủ/miếu,religious
TQ_0018,Đền Ỷ La,Tuyên Quang,Tâm linh,Đền/phủ/miếu,religious
TQ_0066,Động Tiên Chiêm Hóa,Tuyên Quang,Thiên nhiên,Danh thắng/sinh thái,nature
TQ_0062,Bến thủy Bình Ca,Tuyên Quang,Di tích,Điểm tham quan văn hóa,heritage
TQ_0057,Cam sành Hàm Yên,Tuyên Quang,Làng nghề,Trải nghiệm văn hóa,culture
TQ_0059,Chợ Hàm Yên,Tuyên Quang,Ẩm thực,Chợ/đặc sản,food
TQ_0054,Chợ Lăng Can,Tuyên Quang,Ẩm thực,Chợ/đặc sản,food
TQ_0023,Chợ Tam Cờ,Tuyên Quang,Ẩm thực,Chợ/đặc sản,food
TQ_0053,Chợ Thượng Lâm,Tuyên Quang,Ẩm thực,Chợ/đặc sản,food
TQ_0069,Chợ Vĩnh Lộc Chiêm Hóa,Tuyên Quang,Ẩm thực,Chợ/đặc sản,food
TQ_0024,Công viên Tân Quang,Tuyên Quang,Giải trí,Công viên/khu vui chơi,checkin
TQ_0035,Cọc Vài Phạ,Tuyên Quang,Di tích,Điểm tham quan văn hóa,heritage
TQ_0050,Cọn nước Thượng Lâm,Tuyên Quang,Di tích,Điểm tham quan văn hóa,heritage
TQ_0074,Khu du lịch sinh thái Thượng Lâm,Tuyên Quang,Di tích,Điểm tham quan văn hóa,heritage
TQ_0009,Khu tưởng niệm các vị tiền bối cách mạng,Tuyên Quang,Di tích,Điểm tham quan văn hóa,heritage
TQ_0012,Lán Khuổi Nặm Tuyên Quang,Tuyên Quang,Di tích,Điểm tham quan văn hóa,heritage
TQ_0071,Lễ hội Lồng Tông Chiêm Hóa,Tuyên Quang,Di tích,Điểm tham quan văn hóa,heritage
TQ_0007,Nha Công an Trung ương,Tuyên Quang,Di tích,Điểm tham quan văn hóa,heritage
TQ_0020,Quảng trường Nguyễn Tất Thành,Tuyên Quang,Giải trí,Công viên/khu vui chơi,checkin
TQ_0015,Thành nhà Mạc Tuyên Quang,Tuyên Quang,Di tích,Điểm tham quan văn hóa,heritage
TQ_0058,Vườn cam sành Hàm Yên,Tuyên Quang,Làng nghề,Trải nghiệm văn hóa,culture
TQ_0005,Đình Hồng Thái,Tuyên Quang,Di tích,Đình làng,heritage
TQ_0064,Đồi chè Mỹ Bằng,Tuyên Quang,Làng nghề,Trải nghiệm văn hóa,culture
TN_0018,Bến hồ Dầu Tiếng Tây Ninh,Tây Ninh,Thiên nhiên,Hồ/rừng/núi/sinh thái,mountain
TN_0004,Chùa Bà Đen,Tây Ninh,Tâm linh,Chùa/thiền viện,religious
TN_0037,Chợ Mộc Bài,Tây Ninh,Văn hóa cộng đồng,Làng nghề/chợ/vườn trái cây,culture
TN_0003,Cáp treo núi Bà Đen,Tây Ninh,Tâm linh,Chùa/thiền viện,religious
TN_0030,Căn cứ Trung ương Cục miền Nam,Tây Ninh,Tâm linh,Công trình tôn giáo/tưởng niệm,religious
TN_0035,Cửa khẩu Mộc Bài,Tây Ninh,Thiên nhiên,Biển đảo/rừng núi/sinh thái,beach
TN_0051,Hang Gió núi Bà Đen,Tây Ninh,Tâm linh,Chùa/thiền viện,religious
TN_0052,Hang Heo núi Bà Đen,Tây Ninh,Tâm linh,Chùa/thiền viện,religious
TN_0016,Hồ Dầu Tiếng phía Tây Ninh,Tây Ninh,Thiên nhiên,Hồ/rừng/núi/sinh thái,mountain
TN_0014,Hồ Núi Đá Ma Thiên Lãnh,Tây Ninh,Thiên nhiên,Hồ/rừng/núi/sinh thái,mountain
TN_0027,Khu Ramsar Lò Gò - Xa Mát,Tây Ninh,Thiên nhiên,Hồ/rừng/núi/sinh thái,mountain
TN_0029,Khu di tích Trung ương Cục miền Nam,Tây Ninh,Văn hóa,Di tích lịch sử/bảo tàng,culture
TN_0015,Khu du lịch Ma Thiên Lãnh,Tây Ninh,Thiên nhiên,Hồ/rừng/núi/sinh thái,mountain
TN_0002,Khu du lịch quốc gia núi Bà Đen,Tây Ninh,Tâm linh,Chùa/thiền viện,religious
TN_0071,Khu du lịch sinh thái Núi Bà Đen mở rộng,Tây Ninh,Tâm linh,Chùa/thiền viện,religious
TN_0036,Khu thương mại Mộc Bài,Tây Ninh,Thiên nhiên,Biển đảo/rừng núi/sinh thái,beach
TN_0001,Núi Bà Đen,Tây Ninh,Tâm linh,Chùa/thiền viện,religious
TN_0009,Nội ô Tòa Thánh Cao Đài,Tây Ninh,Tâm linh,Công trình tôn giáo/tưởng niệm,religious
TN_0013,Thung lũng Ma Thiên Lãnh,Tây Ninh,Thiên nhiên,Hồ/rừng/núi/sinh thái,mountain
TN_0008,Tòa Thánh Cao Đài Tây Ninh,Tây Ninh,Tâm linh,Công trình tôn giáo/tưởng niệm,religious
TN_0026,Vườn quốc gia Lò Gò - Xa Mát,Tây Ninh,Thiên nhiên,Hồ/rừng/núi/sinh thái,mountain
TN_0017,Đảo Nhím hồ Dầu Tiếng,Tây Ninh,Thiên nhiên,Hồ/rừng/núi/sinh thái,beach
TN_0007,Đỉnh núi Bà Đen,Tây Ninh,Tâm linh,Chùa/thiền viện,religious
TN_0024,Bảo tàng Tây Ninh,Tây Ninh,Văn hóa,Di tích lịch sử/bảo tàng,culture
TN_0068,Bến sông Vàm Cỏ Đông,Tây Ninh,Thiên nhiên,Hồ/rừng/núi/sinh thái,mountain
TN_0053,Chùa Gò Kén,Tây Ninh,Tâm linh,Chùa/thiền viện,religious
TN_0055,Chùa Linh Sơn Hòa Đồng,Tây Ninh,Tâm linh,Chùa/thiền viện,religious
TN_0064,Chợ Gò Dầu,Tây Ninh,Văn hóa cộng đồng,Làng nghề/chợ/vườn trái cây,culture
TN_0063,Chợ Hòa Thành,Tây Ninh,Văn hóa cộng đồng,Làng nghề/chợ/vườn trái cây,culture
TN_0012,Chợ Long Hoa Tây Ninh,Tây Ninh,Văn hóa cộng đồng,Làng nghề/chợ/vườn trái cây,culture
TN_0060,Chợ Trảng Bàng,Tây Ninh,Văn hóa cộng đồng,Làng nghề/chợ/vườn trái cây,culture
TN_0046,Chợ Tân Châu Tây Ninh,Tây Ninh,Văn hóa cộng đồng,Làng nghề/chợ/vườn trái cây,culture
TN_0023,Chợ Tây Ninh,Tây Ninh,Văn hóa cộng đồng,Làng nghề/chợ/vườn trái cây,culture
TN_0022,Công viên 30/4 Tây Ninh,Tây Ninh,Giải trí,Công viên/khu vui chơi/check-in,checkin
TN_0070,Công viên Hòa Thành,Tây Ninh,Giải trí,Công viên/khu vui chơi/check-in,checkin
TN_0020,Công viên nước Long Điền Sơn,Tây Ninh,Giải trí,Công viên/khu vui chơi/check-in,checkin
TN_0057,Căn cứ Bời Lời,Tây Ninh,Tâm linh,Công trình tôn giáo/tưởng niệm,religious
TN_0041,Căn cứ Chàng Riệc,Tây Ninh,Tâm linh,Công trình tôn giáo/tưởng niệm,religious
TN_0032,Căn cứ Mặt trận Dân tộc Giải phóng miền Nam,Tây Ninh,Tâm linh,Công trình tôn giáo/tưởng niệm,religious
TN_0065,Căn cứ cách mạng Gò Dầu,Tây Ninh,Tâm linh,Công trình tôn giáo/tưởng niệm,religious
TN_0028,Cửa khẩu Xa Mát,Tây Ninh,Thiên nhiên,Hồ/rừng/núi/sinh thái,mountain
TN_0056,Di tích chiến thắng Tua Hai,Tây Ninh,Văn hóa,Di tích lịch sử/bảo tàng,culture
TN_0038,Di tích căn cứ Dương Minh Châu,Tây Ninh,Tâm linh,Công trình tôn giáo/tưởng niệm,religious
TN_0043,Hồ Tha La,Tây Ninh,Thiên nhiên,Hồ/rừng/núi/sinh thái,mountain
TN_0058,Khu di tích Bời Lời,Tây Ninh,Văn hóa,Di tích lịch sử/bảo tàng,culture
TN_0031,Khu di tích căn cứ R,Tây Ninh,Tâm linh,Công trình tôn giáo/tưởng niệm,religious
TN_0019,Khu du lịch Long Điền Sơn,Tây Ninh,Giải trí,Công viên/khu vui chơi/check-in,checkin
TN_0039,Khu du lịch sinh thái Gò Chùa,Tây Ninh,Tâm linh,Chùa/thiền viện,religious
TN_0021,Khu du lịch sinh thái Long Trung,Tây Ninh,Giải trí,Công viên/khu vui chơi/check-in,checkin
TN_0034,Khu du lịch sinh thái tháp cổ Bình Thạnh,Tây Ninh,Giải trí,Công viên/khu vui chơi/check-in,checkin
TN_0005,Linh Sơn Tiên Thạch Tự,Tây Ninh,Tâm linh,Chùa/thiền viện,religious
TN_0059,Làng nghề bánh tráng Trảng Bàng,Tây Ninh,Văn hóa cộng đồng,Làng nghề/chợ/vườn trái cây,culture
TN_0062,Làng nghề muối ớt Tây Ninh,Tây Ninh,Văn hóa cộng đồng,Làng nghề/chợ/vườn trái cây,culture
TN_0049,Núi Cậu Tây Ninh,Tây Ninh,Thiên nhiên,Hồ/rừng/núi/sinh thái,mountain
TN_0048,Núi Heo,Tây Ninh,Thiên nhiên,Hồ/rừng/núi/sinh thái,mountain
TN_0047,Núi Phụng,Tây Ninh,Thiên nhiên,Hồ/rừng/núi/sinh thái,mountain
TN_0040,Rừng Chàng Riệc,Tây Ninh,Thiên nhiên,Hồ/rừng/núi/sinh thái,mountain
TN_0042,Suối Trúc Tây Ninh,Tây Ninh,Thiên nhiên,Hồ/rừng/núi/sinh thái,mountain
TN_0067,Sông Vàm Cỏ Đông Tây Ninh,Tây Ninh,Thiên nhiên,Hồ/rừng/núi/sinh thái,mountain
TN_0054,Thiền Lâm cổ tự Gò Kén,Tây Ninh,Tâm linh,Chùa/thiền viện,religious
TN_0044,Thác Gò Chùa,Tây Ninh,Tâm linh,Chùa/thiền viện,religious
TN_0025,Tượng đài chiến thắng Junction City,Tây Ninh,Tâm linh,Công trình tôn giáo/tưởng niệm,religious
TN_0072,Vườn trái cây Gò Dầu,Tây Ninh,Văn hóa cộng đồng,Làng nghề/chợ/vườn trái cây,culture
TN_0010,Báo Ân Từ,Tây Ninh,Di tích,Điểm tham quan văn hóa,heritage
TN_0069,Cầu Quan Tây Ninh,Tây Ninh,Di tích,Điểm tham quan văn hóa,heritage
TN_0045,Cửa khẩu Kà Tum,Tây Ninh,Di tích,Điểm tham quan văn hóa,heritage
TN_0066,Cửa khẩu Phước Tân,Tây Ninh,Di tích,Điểm tham quan văn hóa,heritage
TN_0061,Khu ẩm thực bánh canh Trảng Bàng,Tây Ninh,Ẩm thực,Khu ẩm thực/đặc sản,food
TN_0011,Long Hoa Market,Tây Ninh,Di tích,Điểm tham quan văn hóa,heritage
TN_0033,Tháp cổ Bình Thạnh,Tây Ninh,Di tích,Điểm tham quan văn hóa,heritage
TN_0006,Tượng Phật Bà Tây Bổ Đà Sơn,Tây Ninh,Di tích,Điểm tham quan văn hóa,heritage
TN_0050,Động Kim Quang,Tây Ninh,Di tích,Điểm tham quan văn hóa,heritage
VL_0037,Chợ Mang Thít,Vĩnh Long,Văn hóa cộng đồng,Chợ/làng nghề/miệt vườn,culture
VL_0001,Cù lao An Bình,Vĩnh Long,Văn hóa cộng đồng,Chợ/làng nghề/miệt vườn,culture
VL_0038,Khu du lịch Trường Huy,Vĩnh Long,Giải trí,Công viên/khu vui chơi/check-in,checkin
VL_0002,Khu du lịch Vinh Sang,Vĩnh Long,Thiên nhiên,Biển đảo/rừng núi/sinh thái,beach
VL_0039,Khu vui chơi Trường Huy,Vĩnh Long,Giải trí,Công viên/khu vui chơi/check-in,checkin
VL_0036,Kênh Thầy Cai Mang Thít,Vĩnh Long,Thiên nhiên,Sông nước/biển/cù lao/đất ngập nước,beach
VL_0032,Làng gốm Mang Thít,Vĩnh Long,Văn hóa cộng đồng,Chợ/làng nghề/miệt vườn,culture
VL_0034,Lò gạch Mang Thít,Vĩnh Long,Văn hóa,Di tích lịch sử/bảo tàng,culture
VL_0020,Văn Thánh Miếu Vĩnh Long,Vĩnh Long,Tâm linh,Đền/miếu/đình/lăng,religious
VL_0033,Vương quốc gạch gốm Mang Thít,Vĩnh Long,Di tích,Điểm tham quan văn hóa,heritage
VL_0021,Bảo tàng Vĩnh Long,Vĩnh Long,Văn hóa,Di tích lịch sử/bảo tàng,culture
VL_0058,Chùa Giác Thiên,Vĩnh Long,Tâm linh,Chùa/thiền viện,religious
VL_0015,Chùa Phước Hậu,Vĩnh Long,Tâm linh,Chùa/thiền viện,religious
VL_0059,Chùa Phật Ngọc Xá Lợi Vĩnh Long,Vĩnh Long,Tâm linh,Chùa/thiền viện,religious
VL_0028,Chùa Tiên Châu,Vĩnh Long,Tâm linh,Chùa/thiền viện,religious
VL_0030,Chùa Ông Thất Phủ Miếu,Vĩnh Long,Tâm linh,Chùa/thiền viện,religious
VL_0042,Chợ Bình Minh,Vĩnh Long,Văn hóa cộng đồng,Chợ/làng nghề/miệt vườn,culture
VL_0047,Chợ Bình Tân Vĩnh Long,Vĩnh Long,Văn hóa cộng đồng,Chợ/làng nghề/miệt vườn,culture
VL_0060,Chợ Long Hồ,Vĩnh Long,Văn hóa cộng đồng,Chợ/làng nghề/miệt vườn,culture
VL_0049,Chợ Tam Bình,Vĩnh Long,Văn hóa cộng đồng,Chợ/làng nghề/miệt vườn,culture
VL_0011,Chợ Trà Ôn,Vĩnh Long,Văn hóa cộng đồng,Chợ/làng nghề/miệt vườn,culture
VL_0022,Chợ Vĩnh Long,Vĩnh Long,Văn hóa cộng đồng,Chợ/làng nghề/miệt vườn,culture
VL_0054,Chợ Vũng Liêm,Vĩnh Long,Văn hóa cộng đồng,Chợ/làng nghề/miệt vườn,culture
VL_0010,Chợ nổi Trà Ôn,Vĩnh Long,Văn hóa cộng đồng,Chợ/làng nghề/miệt vườn,culture
VL_0023,Chợ đêm Vĩnh Long,Vĩnh Long,Văn hóa cộng đồng,Chợ/làng nghề/miệt vườn,culture
VL_0046,Cánh đồng khoai lang Bình Tân,Vĩnh Long,Thiên nhiên,Sông nước/biển/cù lao/đất ngập nước,beach
VL_0024,Công viên Sông Tiền Vĩnh Long,Vĩnh Long,Thiên nhiên,Biển đảo/rừng núi/sinh thái,beach
VL_0013,Cù lao Mây,Vĩnh Long,Văn hóa cộng đồng,Chợ/làng nghề/miệt vườn,culture
VL_0053,Cù lao Măng Thít,Vĩnh Long,Văn hóa cộng đồng,Chợ/làng nghề/miệt vườn,culture
VL_0057,Căn cứ Cái Ngang,Vĩnh Long,Văn hóa,Di tích lịch sử/bảo tàng,culture
VL_0009,Homestay miệt vườn An Bình,Vĩnh Long,Văn hóa cộng đồng,Chợ/làng nghề/miệt vườn,culture
VL_0056,Khu di tích Cái Ngang,Vĩnh Long,Văn hóa,Di tích lịch sử/bảo tàng,culture
VL_0051,Khu du lịch sinh thái Hoàng Hảo,Vĩnh Long,Giải trí,Công viên/khu vui chơi/check-in,checkin
VL_0019,Khu lưu niệm Giáo sư Trần Đại Nghĩa,Vĩnh Long,Văn hóa,Di tích lịch sử/bảo tàng,culture
VL_0062,Làng du lịch cộng đồng An Bình,Vĩnh Long,Văn hóa cộng đồng,Chợ/làng nghề/miệt vườn,culture
VL_0045,Làng khoai lang Bình Tân,Vĩnh Long,Văn hóa cộng đồng,Chợ/làng nghề/miệt vườn,culture
VL_0012,Làng nghề bánh tráng Cù Lao Mây,Vĩnh Long,Văn hóa cộng đồng,Chợ/làng nghề/miệt vườn,culture
VL_0014,Làng nghề bánh tét Trà Ôn,Vĩnh Long,Văn hóa cộng đồng,Chợ/làng nghề/miệt vườn,culture
VL_0041,Làng nghề gạch ngói Bình Minh,Vĩnh Long,Văn hóa cộng đồng,Chợ/làng nghề/miệt vườn,culture
VL_0040,Làng nghề tàu hủ ky Mỹ Hòa,Vĩnh Long,Văn hóa cộng đồng,Chợ/làng nghề/miệt vườn,culture
VL_0050,Làng nghề đan lát Tam Bình,Vĩnh Long,Văn hóa cộng đồng,Chợ/làng nghề/miệt vườn,culture
VL_0035,Lò gạch Hưng Lợi,Vĩnh Long,Văn hóa,Di tích lịch sử/bảo tàng,culture
VL_0003,Nhà cổ Cai Cường,Vĩnh Long,Văn hóa,Di tích lịch sử/bảo tàng,culture
VL_0004,Nhà cổ ông Hai Hoàng,Vĩnh Long,Tâm linh,Đền/miếu/đình/lăng,religious
VL_0031,Nhà thờ Chính tòa Vĩnh Long,Vĩnh Long,Tâm linh,Đền/miếu/đình/lăng,religious
VL_0025,Quảng trường Vĩnh Long,Vĩnh Long,Giải trí,Công viên/khu vui chơi/check-in,checkin
VL_0064,Sông Cổ Chiên đoạn Vĩnh Long,Vĩnh Long,Thiên nhiên,Biển đảo/rừng núi/sinh thái,beach
VL_0044,Sông Hậu đoạn Bình Minh,Vĩnh Long,Tâm linh,Đền/miếu/đình/lăng,religious
VL_0048,Vườn cam sành Tam Bình,Vĩnh Long,Văn hóa cộng đồng,Chợ/làng nghề/miệt vườn,culture
VL_0006,Vườn chôm chôm An Bình,Vĩnh Long,Văn hóa cộng đồng,Chợ/làng nghề/miệt vườn,culture
VL_0008,Vườn du lịch Mười Hưởng,Vĩnh Long,Văn hóa cộng đồng,Chợ/làng nghề/miệt vườn,culture
VL_0007,Vườn du lịch Sáu Giáo,Vĩnh Long,Văn hóa cộng đồng,Chợ/làng nghề/miệt vườn,culture
VL_0016,Vườn kinh Phật bằng đá chùa Phước Hậu,Vĩnh Long,Tâm linh,Chùa/thiền viện,religious
VL_0061,Vườn nhãn Long Hồ,Vĩnh Long,Văn hóa cộng đồng,Chợ/làng nghề/miệt vườn,culture
VL_0005,Vườn trái cây An Bình,Vĩnh Long,Văn hóa cộng đồng,Chợ/làng nghề/miệt vườn,culture
VL_0029,Đình Long Thanh,Vĩnh Long,Tâm linh,Đền/miếu/đình/lăng,religious
VL_0055,Đình Trung Trạch,Vĩnh Long,Tâm linh,Đền/miếu/đình/lăng,religious
VL_0027,Bến phà cũ Mỹ Thuận,Vĩnh Long,Di tích,Điểm tham quan văn hóa,heritage
VL_0063,Bến tàu du lịch Vĩnh Long,Vĩnh Long,Thiên nhiên,Biển đảo/rừng núi/sinh thái,beach
VL_0043,Cầu Cần Thơ phía Vĩnh Long,Vĩnh Long,Thiên nhiên,Biển đảo/rừng núi/sinh thái,beach
VL_0026,Cầu Mỹ Thuận,Vĩnh Long,Di tích,Điểm tham quan văn hóa,heritage
VL_0017,Khu tưởng niệm Chủ tịch Hội đồng Bộ trưởng Phạm Hùng,Vĩnh Long,Di tích,Điểm tham quan văn hóa,heritage
VL_0018,Khu tưởng niệm Thủ tướng Võ Văn Kiệt,Vĩnh Long,Di tích,Điểm tham quan văn hóa,heritage
VL_0052,Mekong Riverside Vĩnh Long,Vĩnh Long,Thiên nhiên,Biển đảo/rừng núi/sinh thái,beach
VP_0061,Chùa Tây Thiên,Vĩnh Phúc,Tâm linh,Chùa/thiền viện,religious
VP_0066,Chợ Tam Đảo,Vĩnh Phúc,Ẩm thực,Chợ/đặc sản,food
VP_0016,Cáp treo Tây Thiên,Vĩnh Phúc,Tâm linh,Chùa/thiền viện,religious
VP_0006,Cầu Mây Tam Đảo,Vĩnh Phúc,Thiên nhiên,Biển đảo/rừng núi/sinh thái,beach
VP_0004,Cổng trời Tam Đảo,Vĩnh Phúc,Thiên nhiên,Biển đảo/rừng núi/sinh thái,beach
VP_0018,Flamingo Đại Lải Resort,Vĩnh Phúc,Giải trí,Công viên/khu vui chơi,checkin
VP_0017,Hồ Đại Lải,Vĩnh Phúc,Thiên nhiên,Danh thắng/sinh thái,nature
VP_0011,Khu danh thắng Tây Thiên,Vĩnh Phúc,Tâm linh,Chùa/thiền viện,religious
VP_0058,Khu du lịch sinh thái Đại Lải,Vĩnh Phúc,Di tích,Điểm tham quan văn hóa,heritage
VP_0002,Nhà thờ đá Tam Đảo,Vĩnh Phúc,Tôn giáo,Nhà thờ Công giáo,religious
VP_0005,Quảng trường Tam Đảo,Vĩnh Phúc,Giải trí,Công viên/khu vui chơi,checkin
VP_0067,Rock Cafe Tam Đảo viewpoint,Vĩnh Phúc,Thiên nhiên,Biển đảo/rừng núi/sinh thái,beach
VP_0020,Sân golf Đại Lải,Vĩnh Phúc,Giải trí,Công viên/khu vui chơi,checkin
VP_0010,Thiền viện Trúc Lâm Tây Thiên,Vĩnh Phúc,Tâm linh,Chùa/thiền viện,religious
VP_0003,Thác Bạc Tam Đảo,Vĩnh Phúc,Thiên nhiên,Danh thắng/sinh thái,beach
VP_0015,Thác Bạc Tây Thiên,Vĩnh Phúc,Tâm linh,Chùa/thiền viện,religious
VP_0029,Tháp Bình Sơn,Vĩnh Phúc,Di tích,Điểm tham quan văn hóa,heritage
VP_0001,Thị trấn Tam Đảo,Vĩnh Phúc,Thiên nhiên,Biển đảo/rừng núi/sinh thái,beach
VP_0008,Vườn quốc gia Tam Đảo,Vĩnh Phúc,Thiên nhiên,Danh thắng/sinh thái,beach
VP_0065,Đèo Tam Đảo,Vĩnh Phúc,Thiên nhiên,Biển đảo/rừng núi/sinh thái,beach
VP_0019,Đảo Ngọc Đại Lải,Vĩnh Phúc,Thiên nhiên,Biển đảo/rừng núi/sinh thái,beach
VP_0007,Đền Bà Chúa Thượng Ngàn Tam Đảo,Vĩnh Phúc,Tâm linh,Đền/phủ/miếu,religious
VP_0013,Đền Cô Chín Tây Thiên,Vĩnh Phúc,Tâm linh,Chùa/thiền viện,religious
VP_0014,Đền Cậu Tây Thiên,Vĩnh Phúc,Tâm linh,Chùa/thiền viện,religious
VP_0012,Đền Thượng Tây Thiên,Vĩnh Phúc,Tâm linh,Chùa/thiền viện,religious
VP_0051,Chùa Biện Sơn,Vĩnh Phúc,Tâm linh,Chùa/thiền viện,religious
VP_0026,Chùa Hà Tiên,Vĩnh Phúc,Tâm linh,Chùa/thiền viện,religious
VP_0039,Chùa Hương Canh,Vĩnh Phúc,Tâm linh,Chùa/thiền viện,religious
VP_0074,Chùa Sùng Khánh,Vĩnh Phúc,Tâm linh,Chùa/thiền viện,religious
VP_0032,Chùa Tích Sơn,Vĩnh Phúc,Tâm linh,Chùa/thiền viện,religious
VP_0072,Chùa Vĩnh Khánh,Vĩnh Phúc,Tâm linh,Chùa/thiền viện,religious
VP_0043,Hồ Bò Lạc,Vĩnh Phúc,Thiên nhiên,Danh thắng/sinh thái,nature
VP_0042,Hồ Làng Hà,Vĩnh Phúc,Thiên nhiên,Danh thắng/sinh thái,nature
VP_0063,Hồ Thanh Lanh,Vĩnh Phúc,Thiên nhiên,Danh thắng/sinh thái,nature
VP_0044,Hồ Vân Trục,Vĩnh Phúc,Thiên nhiên,Danh thắng/sinh thái,nature
VP_0041,Hồ Xạ Hương,Vĩnh Phúc,Thiên nhiên,Danh thắng/sinh thái,nature
VP_0022,Hồ Đầm Vạc,Vĩnh Phúc,Thiên nhiên,Danh thắng/sinh thái,nature
VP_0064,Khu du lịch Thanh Lanh,Vĩnh Phúc,Di tích,Điểm tham quan văn hóa,heritage
VP_0056,Khu du lịch sinh thái FLC Vĩnh Phúc,Vĩnh Phúc,Di tích,Điểm tham quan văn hóa,heritage
VP_0021,Khu du lịch Đầm Vạc,Vĩnh Phúc,Thiên nhiên,Danh thắng/sinh thái,nature
VP_0054,Khu sinh thái Sông Lô,Vĩnh Phúc,Di tích,Điểm tham quan văn hóa,heritage
VP_0037,Làng gốm Hương Canh,Vĩnh Phúc,Di tích,Điểm tham quan văn hóa,heritage
VP_0069,Làng hoa Mê Linh - giáp Phúc Yên,Vĩnh Phúc,Làng nghề,Trải nghiệm văn hóa,culture
VP_0036,Làng mộc Thanh Lãng,Vĩnh Phúc,Làng nghề,Trải nghiệm văn hóa,culture
VP_0048,Làng nghề mộc Bích Chu,Vĩnh Phúc,Làng nghề,Trải nghiệm văn hóa,culture
VP_0049,Làng nghề mộc Thủ Độ,Vĩnh Phúc,Làng nghề,Trải nghiệm văn hóa,culture
VP_0076,Làng nghề rèn Lý Nhân,Vĩnh Phúc,Làng nghề,Trải nghiệm văn hóa,culture
VP_0052,Làng nghề đan lát Triệu Đề,Vĩnh Phúc,Làng nghề,Trải nghiệm văn hóa,culture
VP_0035,Làng rắn Vĩnh Sơn,Vĩnh Phúc,Thiên nhiên,Biển đảo/rừng núi/sinh thái,beach
VP_0023,Quảng trường Hồ Chí Minh Vĩnh Yên,Vĩnh Phúc,Thiên nhiên,Danh thắng/sinh thái,nature
VP_0025,Văn miếu Vĩnh Phúc,Vĩnh Phúc,Tâm linh,Đền/phủ/miếu,religious
VP_0047,Đình Bích Chu,Vĩnh Phúc,Di tích,Đình làng,heritage
VP_0038,Đình Hương Canh,Vĩnh Phúc,Di tích,Đình làng,heritage
VP_0071,Đình Hạ Lôi Vĩnh Phúc,Vĩnh Phúc,Di tích,Đình làng,heritage
VP_0075,Đình Quan Tử,Vĩnh Phúc,Di tích,Đình làng,heritage
VP_0053,Đình Sen Hồ,Vĩnh Phúc,Di tích,Đình làng,heritage
VP_0033,Đình Thổ Tang,Vĩnh Phúc,Di tích,Đình làng,heritage
VP_0050,Đình Yên Lạc,Vĩnh Phúc,Di tích,Đình làng,heritage
VP_0040,Đầm Rưng,Vĩnh Phúc,Thiên nhiên,Danh thắng/sinh thái,nature
VP_0045,Đền Bắc Cung,Vĩnh Phúc,Tâm linh,Đền/phủ/miếu,religious
VP_0062,Đền Chân Suối,Vĩnh Phúc,Tâm linh,Đền/phủ/miếu,religious
VP_0060,Đền Mẫu Hóa,Vĩnh Phúc,Tâm linh,Đền/phủ/miếu,religious
VP_0059,Đền Mẫu Sinh,Vĩnh Phúc,Tâm linh,Đền/phủ/miếu,religious
VP_0046,Đền Ngự Dội,Vĩnh Phúc,Tâm linh,Đền/phủ/miếu,religious
VP_0031,Đền thờ Hai Bà Trưng Hát Môn Vĩnh Phúc,Vĩnh Phúc,Tâm linh,Đền/phủ/miếu,religious
VP_0030,Đền thờ Trần Nguyên Hãn,Vĩnh Phúc,Tâm linh,Đền/phủ/miếu,religious
VP_0055,Đền thờ Tả tướng quốc Trần Nguyên Hãn,Vĩnh Phúc,Tâm linh,Đền/phủ/miếu,religious
VP_0073,Đền Đuông,Vĩnh Phúc,Tâm linh,Đền/phủ/miếu,religious
VP_0068,Đền Đức Thánh Trần Vĩnh Phúc,Vĩnh Phúc,Tâm linh,Đền/phủ/miếu,religious
VP_0009,Đỉnh Rùng Rình,Vĩnh Phúc,Di tích,Điểm tham quan văn hóa,heritage
VP_0024,Bảo tàng Vĩnh Phúc,Vĩnh Phúc,Văn hóa,Bảo tàng/khu lưu niệm,culture
VP_0034,Chợ Thổ Tang,Vĩnh Phúc,Ẩm thực,Chợ/đặc sản,food
VP_0027,Công viên quảng trường Vĩnh Yên,Vĩnh Phúc,Giải trí,Công viên/khu vui chơi,checkin
VP_0070,Nhà lưu niệm Kim Ngọc,Vĩnh Phúc,Văn hóa,Bảo tàng/khu lưu niệm,culture
VP_0057,Sân golf Heron Lake,Vĩnh Phúc,Giải trí,Công viên/khu vui chơi,checkin
VP_0028,Vincom Plaza Vĩnh Yên,Vĩnh Phúc,Thiên nhiên,Biển đảo/rừng núi/sinh thái,beach
YB_0016,Bản Thái Mù Cang Chải,Yên Bái,Văn hóa cộng đồng,Bản làng/chợ phiên,culture
YB_0017,Chợ Mù Cang Chải,Yên Bái,Thiên nhiên,Danh thắng/sinh thái,nature
YB_0108,Chợ Suối Giàng,Yên Bái,Văn hóa cộng đồng,Bản làng/chợ phiên,culture
YB_0033,Cây chè tổ Suối Giàng,Yên Bái,Văn hóa cộng đồng,Bản làng/chợ phiên,culture
YB_0011,Dù lượn Khau Phạ,Yên Bái,Di tích,Điểm tham quan văn hóa,heritage
YB_0021,Hồ Thác Bà,Yên Bái,Thiên nhiên,Danh thắng/sinh thái,mountain
YB_0066,Hồ Thác Bà phía Lục Yên,Yên Bái,Thiên nhiên,Danh thắng/sinh thái,mountain
YB_0022,Khu du lịch hồ Thác Bà,Yên Bái,Thiên nhiên,Danh thắng/sinh thái,mountain
YB_0095,Khu du lịch sinh thái Ecolodge Mù Cang Chải,Yên Bái,Thiên nhiên,Danh thắng/sinh thái,nature
YB_0002,La Pán Tẩn,Yên Bái,Văn hóa cộng đồng,Bản làng/chợ phiên,culture
YB_0026,Nhà máy thủy điện Thác Bà,Yên Bái,Tâm linh,Đền/phủ/miếu,religious
YB_0003,Ruộng bậc thang La Pán Tẩn,Yên Bái,Văn hóa cộng đồng,Bản làng/chợ phiên,culture
YB_0001,Ruộng bậc thang Mù Cang Chải,Yên Bái,Thiên nhiên,Danh thắng/sinh thái,nature
YB_0107,Rừng chè Suối Giàng,Yên Bái,Văn hóa cộng đồng,Bản làng/chợ phiên,culture
YB_0031,Suối Giàng,Yên Bái,Văn hóa cộng đồng,Bản làng/chợ phiên,culture
YB_0019,Thác Mơ Mù Cang Chải,Yên Bái,Thiên nhiên,Danh thắng/sinh thái,mountain
YB_0036,Tà Xùa Yên Bái,Yên Bái,Thiên nhiên,Danh thắng/sinh thái,nature
YB_0106,Vườn táo mèo Mù Cang Chải,Yên Bái,Thiên nhiên,Danh thắng/sinh thái,nature
YB_0010,Đèo Khau Phạ,Yên Bái,Thiên nhiên,Danh thắng/sinh thái,mountain
YB_0029,Đảo hồ Thác Bà,Yên Bái,Thiên nhiên,Danh thắng/sinh thái,beach
YB_0025,Đền Mẫu Thác Bà,Yên Bái,Tâm linh,Chùa/đền,religious
YB_0037,Đỉnh Tà Xùa Yên Bái,Yên Bái,Thiên nhiên,Danh thắng/sinh thái,nature
YB_0004,Đồi Mâm Xôi,Yên Bái,Thiên nhiên,Danh thắng/sinh thái,nature
YB_0032,Đồi chè Shan Tuyết Suối Giàng,Yên Bái,Văn hóa cộng đồng,Bản làng/chợ phiên,culture
YB_0048,Bản Chao Hạ,Yên Bái,Văn hóa cộng đồng,Bản làng/chợ phiên,culture
YB_0041,Bản Cu Vai,Yên Bái,Văn hóa cộng đồng,Bản làng/chợ phiên,culture
YB_0090,Bản Dạ,Yên Bái,Văn hóa cộng đồng,Bản làng/chợ phiên,culture
YB_0097,Bản Háng Gàng,Yên Bái,Văn hóa cộng đồng,Bản làng/chợ phiên,culture
YB_0089,Bản Hốc,Yên Bái,Văn hóa cộng đồng,Bản làng/chợ phiên,culture
YB_0096,Bản Kim Nọi,Yên Bái,Văn hóa cộng đồng,Bản làng/chợ phiên,culture
YB_0014,Bản Lìm Mông,Yên Bái,Văn hóa cộng đồng,Bản làng/chợ phiên,culture
YB_0102,Bản Lìm Mông Tú Lệ,Yên Bái,Văn hóa cộng đồng,Bản làng/chợ phiên,culture
YB_0013,Bản Lìm Thái,Yên Bái,Văn hóa cộng đồng,Bản làng/chợ phiên,culture
YB_0101,Bản Lìm Thái Tú Lệ,Yên Bái,Văn hóa cộng đồng,Bản làng/chợ phiên,culture
YB_0092,Bản Lướt Văn Chấn,Yên Bái,Văn hóa cộng đồng,Bản làng/chợ phiên,culture
YB_0042,Bản Mù,Yên Bái,Văn hóa cộng đồng,Bản làng/chợ phiên,culture
YB_0027,Bản Ngòi Tu,Yên Bái,Văn hóa cộng đồng,Bản làng/chợ phiên,culture
YB_0034,Bản Pang Cáng,Yên Bái,Văn hóa cộng đồng,Bản làng/chợ phiên,culture
YB_0046,Bản Sà Rèn,Yên Bái,Văn hóa cộng đồng,Bản làng/chợ phiên,culture
YB_0047,Bản Đêu,Yên Bái,Văn hóa cộng đồng,Bản làng/chợ phiên,culture
YB_0028,Bản Đồng Tâm Vũ Linh,Yên Bái,Văn hóa,Di tích lịch sử/bảo tàng,culture
YB_0055,Bảo tàng tỉnh Yên Bái,Yên Bái,Văn hóa,Di tích lịch sử/bảo tàng,culture
YB_0062,Chùa Ngọc Am,Yên Bái,Tâm linh,Chùa/đền,religious
YB_0104,Chợ phiên Tú Lệ,Yên Bái,Văn hóa cộng đồng,Bản làng/chợ phiên,culture
YB_0045,Cánh đồng Mường Lò,Yên Bái,Văn hóa,Di tích lịch sử/bảo tàng,culture
YB_0053,Căng và Đồn Nghĩa Lộ,Yên Bái,Văn hóa,Di tích lịch sử/bảo tàng,culture
YB_0094,Di tích chiến thắng đèo Lũng Lô,Yên Bái,Văn hóa,Di tích lịch sử/bảo tàng,culture
YB_0073,Hồ Chóp Dù,Yên Bái,Thiên nhiên,Danh thắng/sinh thái,nature
YB_0061,Hồ Hào Gia,Yên Bái,Thiên nhiên,Danh thắng/sinh thái,nature
YB_0052,Khu tưởng niệm Chủ tịch Hồ Chí Minh Nghĩa Lộ,Yên Bái,Thiên nhiên,Danh thắng/sinh thái,nature
YB_0082,Làng dâu tằm Trấn Yên,Yên Bái,Văn hóa cộng đồng,Bản làng/chợ phiên,culture
YB_0105,Làng nghề cốm Tú Lệ,Yên Bái,Văn hóa cộng đồng,Bản làng/chợ phiên,culture
YB_0076,Làng nghề quế Đại Sơn,Yên Bái,Văn hóa cộng đồng,Bản làng/chợ phiên,culture
YB_0071,Làng nghề tranh đá quý Lục Yên,Yên Bái,Văn hóa cộng đồng,Bản làng/chợ phiên,culture
YB_0007,Ruộng bậc thang Chế Cu Nha,Yên Bái,Thiên nhiên,Danh thắng/sinh thái,nature
YB_0009,Ruộng bậc thang Dế Xu Phình,Yên Bái,Thiên nhiên,Danh thắng/sinh thái,nature
YB_0098,Ruộng bậc thang Tú Lệ,Yên Bái,Thiên nhiên,Danh thắng/sinh thái,nature
YB_0020,Rừng trúc Púng Luông,Yên Bái,Thiên nhiên,Danh thắng/sinh thái,nature
YB_0070,Suối Tiên Lục Yên,Yên Bái,Thiên nhiên,Danh thắng/sinh thái,mountain
YB_0100,Suối khoáng Tú Lệ,Yên Bái,Thiên nhiên,Danh thắng/sinh thái,mountain
YB_0035,Suối khoáng nóng Trạm Tấu,Yên Bái,Thiên nhiên,Danh thắng/sinh thái,mountain
YB_0088,Suối khoáng nóng Văn Chấn,Yên Bái,Thiên nhiên,Danh thắng/sinh thái,mountain
YB_0050,Suối nước nóng Bản Bon,Yên Bái,Văn hóa cộng đồng,Bản làng/chợ phiên,culture
YB_0087,Thác Háng Tề Chơ Văn Chấn,Yên Bái,Thiên nhiên,Danh thắng/sinh thái,mountain
YB_0084,Thác Khe Ban,Yên Bái,Thiên nhiên,Danh thắng/sinh thái,mountain
YB_0078,Thác Khe Cam,Yên Bái,Thiên nhiên,Danh thắng/sinh thái,mountain
YB_0018,Thác Pú Nhu,Yên Bái,Thiên nhiên,Danh thắng/sinh thái,mountain
YB_0103,Đèo Cao Phạ,Yên Bái,Thiên nhiên,Danh thắng/sinh thái,mountain
YB_0093,Đèo Lũng Lô,Yên Bái,Thiên nhiên,Danh thắng/sinh thái,mountain
YB_0086,Đèo Ách Văn Chấn,Yên Bái,Thiên nhiên,Danh thắng/sinh thái,mountain
YB_0051,Đền Cầm Hánh,Yên Bái,Tâm linh,Đền/phủ/miếu,religious
YB_0063,Đền Nam Cường,Yên Bái,Tâm linh,Đền/phủ/miếu,religious
YB_0079,Đền Nhược Sơn,Yên Bái,Tâm linh,Đền/phủ/miếu,religious
YB_0056,Đền Tuần Quán,Yên Bái,Tâm linh,Đền/phủ/miếu,religious
YB_0057,Đền Đông Cuông,Yên Bái,Tâm linh,Đền/phủ/miếu,religious
YB_0069,Đền Đại Cại,Yên Bái,Tâm linh,Đền/phủ/miếu,religious
YB_0039,Đỉnh Tà Chì Nhù,Yên Bái,Thiên nhiên,Danh thắng/sinh thái,nature
YB_0005,Đồi Móng Ngựa,Yên Bái,Thiên nhiên,Danh thắng/sinh thái,nature
YB_0067,Động Hương Thảo,Yên Bái,Thiên nhiên,Danh thắng/sinh thái,nature
YB_0023,Động Thủy Tiên,Yên Bái,Thiên nhiên,Danh thắng/sinh thái,nature
YB_0024,Động Xuân Long,Yên Bái,Thiên nhiên,Danh thắng/sinh thái,nature
YB_0068,Động Xuân Long Lục Yên,Yên Bái,Thiên nhiên,Danh thắng/sinh thái,nature
YB_0030,Bến thuyền Hương Lý,Yên Bái,Di tích,Điểm tham quan văn hóa,heritage
YB_0015,Cao Phạ,Yên Bái,Di tích,Điểm tham quan văn hóa,heritage
YB_0006,Chế Cu Nha,Yên Bái,Di tích,Điểm tham quan văn hóa,heritage
YB_0083,Chợ Cổ Phúc,Yên Bái,Ẩm thực,Chợ/đặc sản,food
YB_0049,Chợ Mường Lò,Yên Bái,Ẩm thực,Chợ/đặc sản,food
YB_0077,Chợ Mậu A,Yên Bái,Ẩm thực,Chợ/đặc sản,food
YB_0091,Chợ Sơn Thịnh,Yên Bái,Ẩm thực,Chợ/đặc sản,food
YB_0043,Chợ Trạm Tấu,Yên Bái,Ẩm thực,Chợ/đặc sản,food
YB_0058,Chợ Yên Bái,Yên Bái,Ẩm thực,Chợ/đặc sản,food
YB_0065,Chợ đá quý Lục Yên,Yên Bái,Làng nghề,Trải nghiệm văn hóa,culture
YB_0059,Công viên Yên Hòa,Yên Bái,Giải trí,Công viên/khu vui chơi,checkin
YB_0008,Dế Xu Phình,Yên Bái,Di tích,Điểm tham quan văn hóa,heritage
YB_0040,Háng Tề Chơ,Yên Bái,Di tích,Điểm tham quan văn hóa,heritage
YB_0072,Khu du lịch sinh thái Ruby Eco Lục Yên,Yên Bái,Di tích,Điểm tham quan văn hóa,heritage
YB_0064,Lục Yên,Yên Bái,Di tích,Điểm tham quan văn hóa,heritage
YB_0044,Nghĩa Lộ,Yên Bái,Di tích,Điểm tham quan văn hóa,heritage
YB_0060,Quảng trường 19/8 Yên Bái,Yên Bái,Giải trí,Công viên/khu vui chơi,checkin
YB_0012,Thung lũng Lìm Mông,Yên Bái,Di tích,Điểm tham quan văn hóa,heritage
YB_0054,Thành phố Yên Bái,Yên Bái,Di tích,Điểm tham quan văn hóa,heritage
YB_0080,Trấn Yên,Yên Bái,Di tích,Điểm tham quan văn hóa,heritage
YB_0038,Tà Chì Nhù,Yên Bái,Di tích,Điểm tham quan văn hóa,heritage
YB_0099,Tú Lệ,Yên Bái,Di tích,Điểm tham quan văn hóa,heritage
YB_0075,Vùng quế Văn Yên,Yên Bái,Làng nghề,Trải nghiệm văn hóa,culture
YB_0085,Văn Chấn,Yên Bái,Di tích,Điểm tham quan văn hóa,heritage
YB_0074,Văn Yên,Yên Bái,Di tích,Điểm tham quan văn hóa,heritage
YB_0081,Đầm Vân Hội,Yên Bái,Di tích,Điểm tham quan văn hóa,heritage
DB_0058,A Pa Chải,Điện Biên,Di tích,Điểm tham quan văn hóa,heritage
DB_0050,Bản người Mông Tủa Chùa,Điện Biên,Tâm linh,Chùa/thiền viện,religious
DB_0055,Bản văn hóa người Thái Mường Lay,Điện Biên,Văn hóa cộng đồng,Chợ/làng nghề/cộng đồng,culture
DB_0045,Cao nguyên đá Tủa Chùa,Điện Biên,Tâm linh,Chùa/thiền viện,religious
DB_0057,Chợ Mường Lay,Điện Biên,Văn hóa cộng đồng,Chợ/làng nghề/cộng đồng,culture
DB_0049,Chợ phiên Tủa Chùa,Điện Biên,Tâm linh,Chùa/thiền viện,religious
DB_0059,Cột mốc số 0 A Pa Chải,Điện Biên,Thiên nhiên,Núi rừng/hồ thác/đất ngập nước,nature
DB_0046,Hang động Tủa Chùa,Điện Biên,Tâm linh,Chùa/thiền viện,religious
DB_0002,Hầm De Castries,Điện Biên,Văn hóa,Di tích lịch sử/bảo tàng,culture
DB_0012,Hồ Pá Khoang,Điện Biên,Thiên nhiên,Núi rừng/hồ thác/đất ngập nước,nature
DB_0013,Khu du lịch sinh thái Pá Khoang,Điện Biên,Giải trí,Công viên/khu vui chơi/check-in,checkin
DB_0053,Lòng hồ sông Đà Mường Lay,Điện Biên,Thiên nhiên,Núi rừng/hồ thác/đất ngập nước,nature
DB_0056,Lễ hội đua thuyền đuôi én Mường Lay,Điện Biên,Di tích,Điểm tham quan văn hóa,heritage
DB_0051,Ruộng bậc thang Tủa Chùa,Điện Biên,Tâm linh,Chùa/thiền viện,religious
DB_0011,Rừng Mường Phăng,Điện Biên,Thiên nhiên,Núi rừng/hồ thác/đất ngập nước,nature
DB_0009,Sở chỉ huy chiến dịch Điện Biên Phủ Mường Phăng,Điện Biên,Thiên nhiên,Biển đảo/rừng núi/sinh thái,religious
DB_0052,Thị xã Mường Lay,Điện Biên,Di tích,Điểm tham quan văn hóa,heritage
DB_0014,Đảo hoa Pá Khoang,Điện Biên,Thiên nhiên,Biển đảo/rừng núi/sinh thái,beach
DB_0001,Đồi A1,Điện Biên,Văn hóa,Di tích lịch sử/bảo tàng,culture
DB_0018,Bản Che Căn,Điện Biên,Văn hóa cộng đồng,Chợ/làng nghề/cộng đồng,culture
DB_0073,Bản Huổi Lóng,Điện Biên,Văn hóa cộng đồng,Chợ/làng nghề/cộng đồng,culture
DB_0016,Bản Mển,Điện Biên,Văn hóa cộng đồng,Chợ/làng nghề/cộng đồng,culture
DB_0067,Bản Nà Hỳ,Điện Biên,Văn hóa cộng đồng,Chợ/làng nghề/cộng đồng,culture
DB_0076,Bản Pa Xa Lào,Điện Biên,Văn hóa cộng đồng,Chợ/làng nghề/cộng đồng,culture
DB_0019,Bản Phiêng Lơi,Điện Biên,Văn hóa cộng đồng,Chợ/làng nghề/cộng đồng,culture
DB_0061,Bản Sín Thầu,Điện Biên,Văn hóa cộng đồng,Chợ/làng nghề/cộng đồng,culture
DB_0017,Bản Ten,Điện Biên,Văn hóa cộng đồng,Chợ/làng nghề/cộng đồng,culture
DB_0015,Bản văn hóa Him Lam,Điện Biên,Văn hóa cộng đồng,Chợ/làng nghề/cộng đồng,culture
DB_0003,Bảo tàng Chiến thắng lịch sử Điện Biên Phủ,Điện Biên,Văn hóa,Di tích lịch sử/bảo tàng,culture
DB_0031,Chùa Linh Quang Điện Biên,Điện Biên,Tâm linh,Chùa/thiền viện,religious
DB_0070,Chợ Mường Chà,Điện Biên,Văn hóa cộng đồng,Chợ/làng nghề/cộng đồng,culture
DB_0062,Chợ Mường Nhé,Điện Biên,Văn hóa cộng đồng,Chợ/làng nghề/cộng đồng,culture
DB_0021,Chợ Mường Thanh,Điện Biên,Văn hóa cộng đồng,Chợ/làng nghề/cộng đồng,culture
DB_0044,Chợ Mường Ảng,Điện Biên,Văn hóa cộng đồng,Chợ/làng nghề/cộng đồng,culture
DB_0066,Chợ Nậm Pồ,Điện Biên,Văn hóa cộng đồng,Chợ/làng nghề/cộng đồng,culture
DB_0040,Chợ Tuần Giáo,Điện Biên,Văn hóa cộng đồng,Chợ/làng nghề/cộng đồng,culture
DB_0020,Chợ Điện Biên Phủ,Điện Biên,Văn hóa cộng đồng,Chợ/làng nghề/cộng đồng,culture
DB_0054,Cầu Hang Tôm mới,Điện Biên,Thiên nhiên,Núi rừng/hồ thác/đất ngập nước,nature
DB_0006,Cầu Mường Thanh,Điện Biên,Văn hóa,Di tích lịch sử/bảo tàng,culture
DB_0027,Di tích Bản Kéo,Điện Biên,Văn hóa,Di tích lịch sử/bảo tàng,culture
DB_0048,Hang Khó Chua La,Điện Biên,Thiên nhiên,Núi rừng/hồ thác/đất ngập nước,religious
DB_0041,Hang Thẩm Púa,Điện Biên,Thiên nhiên,Núi rừng/hồ thác/đất ngập nước,nature
DB_0047,Hang Xá Nhè,Điện Biên,Thiên nhiên,Núi rừng/hồ thác/đất ngập nước,nature
DB_0074,Hang động Pa Thơm,Điện Biên,Thiên nhiên,Núi rừng/hồ thác/đất ngập nước,nature
DB_0029,Hầm chỉ huy Pháp ở Điện Biên Phủ,Điện Biên,Thiên nhiên,Biển đảo/rừng núi/sinh thái,religious
DB_0010,Hầm chỉ huy Đại tướng Võ Nguyên Giáp,Điện Biên,Văn hóa,Di tích lịch sử/bảo tàng,culture
DB_0022,Quảng trường 7/5,Điện Biên,Giải trí,Công viên/khu vui chơi/check-in,checkin
DB_0064,Rừng Mường Nhé,Điện Biên,Thiên nhiên,Núi rừng/hồ thác/đất ngập nước,nature
DB_0068,Rừng Nà Hỳ,Điện Biên,Thiên nhiên,Núi rừng/hồ thác/đất ngập nước,nature
DB_0065,Suối Nậm Pồ,Điện Biên,Thiên nhiên,Núi rừng/hồ thác/đất ngập nước,nature
DB_0035,Suối khoáng nóng Hua Pe,Điện Biên,Thiên nhiên,Núi rừng/hồ thác/đất ngập nước,nature
DB_0034,Suối khoáng nóng U Va,Điện Biên,Thiên nhiên,Núi rừng/hồ thác/đất ngập nước,nature
DB_0071,Sông Nậm Mức,Điện Biên,Thiên nhiên,Núi rừng/hồ thác/đất ngập nước,nature
DB_0007,Sông Nậm Rốm,Điện Biên,Thiên nhiên,Núi rừng/hồ thác/đất ngập nước,nature
DB_0033,Thành Bản Phủ,Điện Biên,Văn hóa cộng đồng,Chợ/làng nghề/cộng đồng,culture
DB_0069,Thác Nậm Chim,Điện Biên,Thiên nhiên,Núi rừng/hồ thác/đất ngập nước,nature
DB_0004,Tượng đài Chiến thắng Điện Biên Phủ,Điện Biên,Thiên nhiên,Biển đảo/rừng núi/sinh thái,religious
DB_0072,Đèo Ma Thì Hồ,Điện Biên,Thiên nhiên,Núi rừng/hồ thác/đất ngập nước,nature
DB_0037,Đèo Pha Đin,Điện Biên,Thiên nhiên,Núi rừng/hồ thác/đất ngập nước,nature
DB_0042,Đèo Tằng Quái,Điện Biên,Thiên nhiên,Núi rừng/hồ thác/đất ngập nước,nature
DB_0032,Đền Hoàng Công Chất,Điện Biên,Tâm linh,Đền/miếu/đình/lăng,religious
DB_0030,Đền thờ liệt sĩ tại Chiến trường Điện Biên Phủ,Điện Biên,Tâm linh,Đền/miếu/đình/lăng,religious
DB_0039,Đỉnh đèo Pha Đin,Điện Biên,Thiên nhiên,Núi rừng/hồ thác/đất ngập nước,nature
DB_0024,Đồi C1,Điện Biên,Văn hóa,Di tích lịch sử/bảo tàng,culture
DB_0023,Đồi D1,Điện Biên,Văn hóa,Di tích lịch sử/bảo tàng,culture
DB_0075,Động Pa Thơm,Điện Biên,Thiên nhiên,Núi rừng/hồ thác/đất ngập nước,nature
DB_0008,Cánh đồng Mường Thanh,Điện Biên,Di tích,Điểm tham quan văn hóa,heritage
DB_0077,Cánh đồng lúa Mường Thanh mùa vàng,Điện Biên,Di tích,Điểm tham quan văn hóa,heritage
DB_0038,Cổng trời Pha Đin,Điện Biên,Di tích,Điểm tham quan văn hóa,heritage
DB_0036,Cửa khẩu Tây Trang,Điện Biên,Di tích,Điểm tham quan văn hóa,heritage
DB_0063,Khu bảo tồn thiên nhiên Mường Nhé,Điện Biên,Di tích,Điểm tham quan văn hóa,heritage
DB_0005,Nghĩa trang liệt sĩ A1,Điện Biên,Di tích,Điểm tham quan văn hóa,heritage
DB_0060,Ngã ba biên giới Việt Nam - Lào - Trung Quốc,Điện Biên,Thiên nhiên,Biển đảo/rừng núi/sinh thái,beach
DB_0028,Sân bay Mường Thanh cũ,Điện Biên,Di tích,Điểm tham quan văn hóa,heritage
DB_0078,Điểm ngắm toàn cảnh Điện Biên Phủ,Điện Biên,Thiên nhiên,Biển đảo/rừng núi/sinh thái,religious
DB_0025,Đồi E1,Điện Biên,Di tích,Điểm tham quan văn hóa,heritage
DB_0026,Đồi Him Lam,Điện Biên,Di tích,Điểm tham quan văn hóa,heritage
DB_0043,Đồi cà phê Mường Ảng,Điện Biên,Di tích,Điểm tham quan văn hóa,heritage
DN_0007,Bán đảo Sơn Trà,Đà Nẵng,Thiên nhiên,Biển/rừng/núi/sinh thái,beach
DN_0083,Bãi Bắc Sơn Trà,Đà Nẵng,Thiên nhiên,Biển/rừng/núi/sinh thái,beach
DN_0082,Bãi Obama Sơn Trà,Đà Nẵng,Thiên nhiên,Biển/rừng/núi/sinh thái,beach
DN_0015,Bãi Rạng Sơn Trà,Đà Nẵng,Thiên nhiên,Biển/rừng/núi/sinh thái,beach
DN_0001,Bãi biển Mỹ Khê,Đà Nẵng,Thiên nhiên,Biển/rừng/núi/sinh thái,beach
DN_0014,Bãi Đa Sơn Trà,Đà Nẵng,Thiên nhiên,Biển/rừng/núi/sinh thái,beach
DN_0027,Bảo tàng Điêu khắc Chăm Đà Nẵng,Đà Nẵng,Văn hóa,Di tích lịch sử/bảo tàng,culture
DN_0058,Chùa Linh Ứng Bà Nà,Đà Nẵng,Tâm linh,Chùa/thiền viện,religious
DN_0024,Chùa Linh Ứng Non Nước,Đà Nẵng,Tâm linh,Chùa/thiền viện,religious
DN_0008,Chùa Linh Ứng Sơn Trà,Đà Nẵng,Tâm linh,Chùa/thiền viện,religious
DN_0037,Chợ đêm Sơn Trà,Đà Nẵng,Văn hóa cộng đồng,Bản làng/làng nghề/chợ,culture
DN_0011,Cây đa ngàn năm Sơn Trà,Đà Nẵng,Thiên nhiên,Biển/rừng/núi/sinh thái,beach
DN_0028,Cầu Rồng,Đà Nẵng,Giải trí,Công viên/khu vui chơi/check-in,checkin
DN_0054,Cầu Vàng Bà Nà,Đà Nẵng,Thiên nhiên,Biển/rừng/núi/sinh thái,beach
DN_0019,Danh thắng Ngũ Hành Sơn,Đà Nẵng,Thiên nhiên,Biển/rừng/núi/sinh thái,beach
DN_0056,Fantasy Park Bà Nà,Đà Nẵng,Thiên nhiên,Biển/rừng/núi/sinh thái,beach
DN_0018,Hồ Xanh Sơn Trà,Đà Nẵng,Thiên nhiên,Biển/rừng/núi/sinh thái,beach
DN_0055,Làng Pháp Bà Nà,Đà Nẵng,Văn hóa cộng đồng,Bản làng/làng nghề/chợ,culture
DN_0060,Núi Chúa Bà Nà,Đà Nẵng,Thiên nhiên,Biển/rừng/núi/sinh thái,religious
DN_0053,Sun World Bà Nà Hills,Đà Nẵng,Thiên nhiên,Biển/rừng/núi/sinh thái,beach
DN_0061,Suối Mơ Bà Nà,Đà Nẵng,Thiên nhiên,Biển/rừng/núi/sinh thái,beach
DN_0009,Tượng Phật Quan Âm Linh Ứng,Đà Nẵng,Tâm linh,Chùa/thiền viện,religious
DN_0047,Asia Park Đà Nẵng,Đà Nẵng,Giải trí,Công viên/khu vui chơi/check-in,checkin
DN_0013,Bãi Bụt,Đà Nẵng,Thiên nhiên,Biển/rừng/núi/sinh thái,beach
DN_0081,Bãi Cát Vàng,Đà Nẵng,Thiên nhiên,Biển/rừng/núi/sinh thái,beach
DN_0005,Bãi biển Bắc Mỹ An,Đà Nẵng,Thiên nhiên,Biển/rừng/núi/sinh thái,beach
DN_0003,Bãi biển Mân Thái,Đà Nẵng,Thiên nhiên,Biển/rừng/núi/sinh thái,beach
DN_0071,Bãi biển Nam Ô,Đà Nẵng,Thiên nhiên,Biển/rừng/núi/sinh thái,beach
DN_0004,Bãi biển Non Nước,Đà Nẵng,Thiên nhiên,Biển/rừng/núi/sinh thái,beach
DN_0002,Bãi biển Phạm Văn Đồng,Đà Nẵng,Thiên nhiên,Biển/rừng/núi/sinh thái,beach
DN_0070,Bãi biển Xuân Thiều,Đà Nẵng,Thiên nhiên,Biển/rừng/núi/sinh thái,beach
DN_0006,Bãi tắm T20,Đà Nẵng,Thiên nhiên,Biển/rừng/núi/sinh thái,beach
DN_0042,Bảo tàng Mỹ thuật Đà Nẵng,Đà Nẵng,Văn hóa,Di tích lịch sử/bảo tàng,culture
DN_0041,Bảo tàng Đà Nẵng,Đà Nẵng,Văn hóa,Di tích lịch sử/bảo tàng,culture
DN_0079,Bảo tàng Đồng Đình,Đà Nẵng,Tâm linh,Đền/phủ/miếu,religious
DN_0023,Chùa Tam Thai,Đà Nẵng,Tâm linh,Chùa/thiền viện,religious
DN_0038,Chợ đêm Helio,Đà Nẵng,Văn hóa cộng đồng,Bản làng/làng nghề/chợ,culture
DN_0050,Công viên 29/3,Đà Nẵng,Giải trí,Công viên/khu vui chơi/check-in,checkin
DN_0040,Công viên APEC Đà Nẵng,Đà Nẵng,Giải trí,Công viên/khu vui chơi/check-in,checkin
DN_0051,Công viên Biển Đông,Đà Nẵng,Thiên nhiên,Biển/rừng/núi/sinh thái,beach
DN_0049,Công viên Châu Á,Đà Nẵng,Giải trí,Công viên/khu vui chơi/check-in,checkin
DN_0064,Công viên suối khoáng nóng Núi Thần Tài,Đà Nẵng,Thiên nhiên,Biển/rừng/núi/sinh thái,beach
DN_0030,Cầu Tình Yêu Đà Nẵng,Đà Nẵng,Giải trí,Công viên/khu vui chơi/check-in,checkin
DN_0016,Ghềnh Bàng,Đà Nẵng,Thiên nhiên,Biển/rừng/núi/sinh thái,beach
DN_0076,Hồ Hòa Trung,Đà Nẵng,Thiên nhiên,Biển/rừng/núi/sinh thái,beach
DN_0065,Khu du lịch Hòa Phú Thành,Đà Nẵng,Văn hóa,Di tích lịch sử/bảo tàng,culture
DN_0069,Làng Vân,Đà Nẵng,Văn hóa cộng đồng,Bản làng/làng nghề/chợ,culture
DN_0073,Làng nước mắm Nam Ô,Đà Nẵng,Văn hóa cộng đồng,Bản làng/làng nghề/chợ,culture
DN_0026,Làng đá mỹ nghệ Non Nước,Đà Nẵng,Văn hóa cộng đồng,Bản làng/làng nghề/chợ,culture
DN_0063,Núi Thần Tài,Đà Nẵng,Thiên nhiên,Biển/rừng/núi/sinh thái,beach
DN_0020,Núi Thủy Sơn,Đà Nẵng,Thiên nhiên,Biển/rừng/núi/sinh thái,beach
DN_0072,Rạn Nam Ô,Đà Nẵng,Thiên nhiên,Biển/rừng/núi/sinh thái,beach
DN_0062,Suối Hoa,Đà Nẵng,Thiên nhiên,Biển/rừng/núi/sinh thái,beach
DN_0045,Thành Điện Hải,Đà Nẵng,Văn hóa,Di tích lịch sử/bảo tàng,culture
DN_0074,Đèo Hải Vân phía Đà Nẵng,Đà Nẵng,Thiên nhiên,Biển/rừng/núi/sinh thái,beach
DN_0044,Đình làng Hải Châu,Đà Nẵng,Tâm linh,Đền/phủ/miếu,religious
DN_0084,Đảo Hoàng Sa - quản lý hành chính Đà Nẵng,Đà Nẵng,Thiên nhiên,Biển/rừng/núi/sinh thái,beach
DN_0010,Đỉnh Bàn Cờ,Đà Nẵng,Thiên nhiên,Biển/rừng/núi/sinh thái,beach
DN_0021,Động Huyền Không,Đà Nẵng,Thiên nhiên,Biển/rừng/núi/sinh thái,beach
DN_0022,Động Âm Phủ,Đà Nẵng,Tâm linh,Đền/phủ/miếu,religious
DN_0036,Chợ Cồn,Đà Nẵng,Ẩm thực,Chợ/đặc sản,food
DN_0035,Chợ Hàn,Đà Nẵng,Ẩm thực,Chợ/đặc sản,food
DN_0052,Cung Văn hóa Thiếu nhi Đà Nẵng,Đà Nẵng,Di tích,Điểm tham quan văn hóa,heritage
DN_0017,Cảng Tiên Sa,Đà Nẵng,Di tích,Điểm tham quan văn hóa,heritage
DN_0033,Cầu Nguyễn Văn Trỗi,Đà Nẵng,Di tích,Điểm tham quan văn hóa,heritage
DN_0029,Cầu Sông Hàn,Đà Nẵng,Di tích,Điểm tham quan văn hóa,heritage
DN_0034,Cầu Thuận Phước,Đà Nẵng,Di tích,Điểm tham quan văn hóa,heritage
DN_0032,Cầu Trần Thị Lý,Đà Nẵng,Di tích,Điểm tham quan văn hóa,heritage
DN_0075,Hải Vân Quan phía Đà Nẵng,Đà Nẵng,Di tích,Điểm tham quan văn hóa,heritage
DN_0059,Hầm rượu Debay,Đà Nẵng,Di tích,Điểm tham quan văn hóa,heritage
DN_0080,InterContinental Danang viewpoint,Đà Nẵng,Di tích,Điểm tham quan văn hóa,heritage
DN_0067,Khu du lịch Lái Thiêu Đà Nẵng,Đà Nẵng,Di tích,Điểm tham quan văn hóa,heritage
DN_0066,Khu du lịch sinh thái Ngầm Đôi,Đà Nẵng,Di tích,Điểm tham quan văn hóa,heritage
DN_0012,Mũi Nghê,Đà Nẵng,Di tích,Điểm tham quan văn hóa,heritage
DN_0078,Nghĩa trũng Hòa Vang,Đà Nẵng,Di tích,Điểm tham quan văn hóa,heritage
DN_0043,Nhà thờ Con Gà Đà Nẵng,Đà Nẵng,Di tích,Điểm tham quan văn hóa,heritage
DN_0039,Phố đi bộ Bạch Đằng,Đà Nẵng,Di tích,Điểm tham quan văn hóa,heritage
DN_0046,Quảng trường 2/9 Đà Nẵng,Đà Nẵng,Di tích,Điểm tham quan văn hóa,heritage
DN_0031,Tượng Cá chép hóa rồng,Đà Nẵng,Di tích,Điểm tham quan văn hóa,heritage
DN_0048,Vòng quay Sun Wheel Đà Nẵng,Đà Nẵng,Di tích,Điểm tham quan văn hóa,heritage
DN_0057,Vườn hoa Le Jardin d'Amour,Đà Nẵng,Di tích,Điểm tham quan văn hóa,heritage
DN_0025,Vọng Hải Đài,Đà Nẵng,Di tích,Điểm tham quan văn hóa,heritage
DN_0068,Yên Retreat Đà Nẵng,Đà Nẵng,Di tích,Điểm tham quan văn hóa,heritage
DN_0077,Đồng Xanh - Đồng Nghệ,Đà Nẵng,Di tích,Điểm tham quan văn hóa,heritage
DLK_0028,Biệt điện Bảo Đại hồ Lắk,Đắk Lắk,Văn hóa,Di tích lịch sử/bảo tàng,culture
DLK_0017,Buôn Đôn,Đắk Lắk,Văn hóa cộng đồng,Bản làng/làng nghề/chợ,culture
DLK_0001,Bảo tàng Thế giới Cà phê,Đắk Lắk,Văn hóa,Di tích lịch sử/bảo tàng,culture
DLK_0058,Chợ Buôn Đôn,Đắk Lắk,Văn hóa cộng đồng,Bản làng/làng nghề/chợ,culture
DLK_0019,Cầu treo Buôn Đôn,Đắk Lắk,Văn hóa cộng đồng,Bản làng/làng nghề/chợ,culture
DLK_0034,Cụm thác Dray Nur - Gia Long,Đắk Lắk,Thiên nhiên,Rừng núi/thác hồ/sinh thái,mountain
DLK_0027,Hồ Lắk,Đắk Lắk,Thiên nhiên,Rừng núi/thác hồ/sinh thái,mountain
DLK_0018,Khu du lịch Buôn Đôn,Đắk Lắk,Văn hóa cộng đồng,Bản làng/làng nghề/chợ,culture
DLK_0020,Nhà sàn cổ Buôn Đôn,Đắk Lắk,Văn hóa cộng đồng,Bản làng/làng nghề/chợ,culture
DLK_0031,Thác Dray Nur,Đắk Lắk,Thiên nhiên,Rừng núi/thác hồ/sinh thái,mountain
DLK_0049,Thác Liêng Nung Đắk Lắk,Đắk Lắk,Thiên nhiên,Rừng núi/thác hồ/sinh thái,mountain
DLK_0022,Vườn quốc gia Yok Đôn,Đắk Lắk,Thiên nhiên,Rừng núi/thác hồ/sinh thái,mountain
DLK_0061,Vườn quốc gia Yok Đôn vùng Ea Súp,Đắk Lắk,Thiên nhiên,Rừng núi/thác hồ/sinh thái,mountain
DLK_0052,Đồi Tâm Linh Buôn Đôn,Đắk Lắk,Văn hóa cộng đồng,Bản làng/làng nghề/chợ,culture
DLK_0003,Biệt điện Bảo Đại Buôn Ma Thuột,Đắk Lắk,Văn hóa,Di tích lịch sử/bảo tàng,culture
DLK_0014,Buôn Ako Dhong,Đắk Lắk,Văn hóa cộng đồng,Bản làng/làng nghề/chợ,culture
DLK_0013,Buôn Akô Dhông,Đắk Lắk,Văn hóa cộng đồng,Bản làng/làng nghề/chợ,culture
DLK_0025,Buôn Jun,Đắk Lắk,Văn hóa cộng đồng,Bản làng/làng nghề/chợ,culture
DLK_0015,Buôn Kô Sier,Đắk Lắk,Văn hóa cộng đồng,Bản làng/làng nghề/chợ,culture
DLK_0026,Buôn M'Liêng,Đắk Lắk,Văn hóa cộng đồng,Bản làng/làng nghề/chợ,culture
DLK_0046,Buôn Tring,Đắk Lắk,Văn hóa cộng đồng,Bản làng/làng nghề/chợ,culture
DLK_0002,Bảo tàng Đắk Lắk,Đắk Lắk,Văn hóa,Di tích lịch sử/bảo tàng,culture
DLK_0045,Chùa Hoa Nghiêm Đắk Lắk,Đắk Lắk,Tâm linh,Chùa/thiền viện,religious
DLK_0011,Chùa Sắc tứ Khải Đoan,Đắk Lắk,Tâm linh,Chùa/thiền viện,religious
DLK_0008,Chợ Buôn Ma Thuột,Đắk Lắk,Văn hóa cộng đồng,Bản làng/làng nghề/chợ,culture
DLK_0009,Chợ đêm Buôn Ma Thuột,Đắk Lắk,Văn hóa cộng đồng,Bản làng/làng nghề/chợ,culture
DLK_0040,Hồ Ea Kao,Đắk Lắk,Thiên nhiên,Rừng núi/thác hồ/sinh thái,mountain
DLK_0042,Hồ Ea Nhái,Đắk Lắk,Thiên nhiên,Rừng núi/thác hồ/sinh thái,mountain
DLK_0055,Hồ Ea Súp Thượng,Đắk Lắk,Thiên nhiên,Rừng núi/thác hồ/sinh thái,mountain
DLK_0041,Khu du lịch hồ Ea Kao,Đắk Lắk,Thiên nhiên,Rừng núi/thác hồ/sinh thái,mountain
DLK_0007,Làng cà phê Trung Nguyên,Đắk Lắk,Văn hóa cộng đồng,Bản làng/làng nghề/chợ,culture
DLK_0059,Làng nghề dệt thổ cẩm Tơng Jú,Đắk Lắk,Văn hóa cộng đồng,Bản làng/làng nghề/chợ,culture
DLK_0006,Ngã sáu Buôn Ma Thuột,Đắk Lắk,Văn hóa cộng đồng,Bản làng/làng nghề/chợ,culture
DLK_0010,Nhà thờ Chính tòa Buôn Ma Thuột,Đắk Lắk,Tâm linh,Công trình tôn giáo/tưởng niệm,religious
DLK_0004,Nhà đày Buôn Ma Thuột,Đắk Lắk,Văn hóa,Di tích lịch sử/bảo tàng,culture
DLK_0029,Núi Đá Voi Mẹ,Đắk Lắk,Thiên nhiên,Rừng núi/thác hồ/sinh thái,mountain
DLK_0053,Thác Bìm Bịp,Đắk Lắk,Thiên nhiên,Rừng núi/thác hồ/sinh thái,mountain
DLK_0024,Thác Bảy Nhánh,Đắk Lắk,Thiên nhiên,Rừng núi/thác hồ/sinh thái,mountain
DLK_0032,Thác Dray Sáp Thượng,Đắk Lắk,Thiên nhiên,Rừng núi/thác hồ/sinh thái,mountain
DLK_0033,Thác Gia Long,Đắk Lắk,Thiên nhiên,Rừng núi/thác hồ/sinh thái,mountain
DLK_0035,Thác Krông Kmar,Đắk Lắk,Thiên nhiên,Rừng núi/thác hồ/sinh thái,mountain
DLK_0039,Thác Thủy Tiên Đắk Lắk,Đắk Lắk,Thiên nhiên,Rừng núi/thác hồ/sinh thái,mountain
DLK_0005,Tượng đài Chiến thắng Buôn Ma Thuột,Đắk Lắk,Tâm linh,Công trình tôn giáo/tưởng niệm,religious
DLK_0047,Vườn cà phê Cư M'gar,Đắk Lắk,Văn hóa cộng đồng,Bản làng/làng nghề/chợ,culture
DLK_0036,Vườn quốc gia Chư Yang Sin,Đắk Lắk,Thiên nhiên,Rừng núi/thác hồ/sinh thái,mountain
DLK_0030,Đá Voi Cha,Đắk Lắk,Thiên nhiên,Rừng núi/thác hồ/sinh thái,mountain
DLK_0054,Đèo Phượng Hoàng,Đắk Lắk,Thiên nhiên,Rừng núi/thác hồ/sinh thái,mountain
DLK_0012,Đường sách Cà phê Buôn Ma Thuột,Đắk Lắk,Văn hóa cộng đồng,Bản làng/làng nghề/chợ,culture
DLK_0037,Đỉnh Chư Yang Sin,Đắk Lắk,Thiên nhiên,Rừng núi/thác hồ/sinh thái,mountain
DLK_0048,Đồi cà phê Buôn Ma Thuột,Đắk Lắk,Văn hóa cộng đồng,Bản làng/làng nghề/chợ,culture
DLK_0043,Đồi thông Cư Dluê,Đắk Lắk,Thiên nhiên,Rừng núi/thác hồ/sinh thái,mountain
DLK_0057,Chợ Lắk,Đắk Lắk,Ẩm thực,Chợ/đặc sản,food
DLK_0044,Cánh đồng điện gió Ea H'leo,Đắk Lắk,Di tích,Điểm tham quan văn hóa,heritage
DLK_0056,Cửa khẩu Đắk Ruê,Đắk Lắk,Di tích,Điểm tham quan văn hóa,heritage
DLK_0038,Khu bảo tồn thiên nhiên Ea Sô,Đắk Lắk,Di tích,Điểm tham quan văn hóa,heritage
DLK_0016,Khu du lịch Ko Tam,Đắk Lắk,Di tích,Điểm tham quan văn hóa,heritage
DLK_0050,Khu du lịch sinh thái Troh Bư,Đắk Lắk,Di tích,Điểm tham quan văn hóa,heritage
DLK_0060,Không gian văn hóa cồng chiêng Đắk Lắk,Đắk Lắk,Di tích,Điểm tham quan văn hóa,heritage
DLK_0021,Mộ vua săn voi Khunjunob,Đắk Lắk,Di tích,Điểm tham quan văn hóa,heritage
DLK_0023,Sông Sêrêpốk,Đắk Lắk,Di tích,Điểm tham quan văn hóa,heritage
DLK_0051,Vườn cảnh Troh Bư,Đắk Lắk,Di tích,Điểm tham quan văn hóa,heritage
DNO_0007,Công viên địa chất toàn cầu UNESCO Đắk Nông,Đắk Nông,Giải trí,Công viên/khu vui chơi/check-in,checkin
DNO_0005,Cầu kính Tà Đùng,Đắk Nông,Thiên nhiên,Rừng núi/thác hồ/sinh thái,mountain
DNO_0008,Hệ thống hang động núi lửa Krông Nô,Đắk Nông,Văn hóa,Di tích lịch sử/bảo tàng,culture
DNO_0001,Hồ Tà Đùng,Đắk Nông,Thiên nhiên,Rừng núi/thác hồ/sinh thái,mountain
DNO_0002,Khu du lịch Tà Đùng,Đắk Nông,Thiên nhiên,Rừng núi/thác hồ/sinh thái,mountain
DNO_0016,Thác Liêng Nung,Đắk Nông,Thiên nhiên,Rừng núi/thác hồ/sinh thái,mountain
DNO_0017,Thác Liêng Nung 1,Đắk Nông,Thiên nhiên,Rừng núi/thác hồ/sinh thái,mountain
DNO_0018,Thác Liêng Nung 2,Đắk Nông,Thiên nhiên,Rừng núi/thác hồ/sinh thái,mountain
DNO_0003,Vườn quốc gia Tà Đùng,Đắk Nông,Thiên nhiên,Rừng núi/thác hồ/sinh thái,mountain
DNO_0004,Điểm ngắm Tà Đùng Topview,Đắk Nông,Thiên nhiên,Rừng núi/thác hồ/sinh thái,mountain
DNO_0040,Bon Bu N'Đơr,Đắk Nông,Văn hóa cộng đồng,Bản làng/làng nghề/chợ,culture
DNO_0039,Bon N'Jriêng,Đắk Nông,Văn hóa cộng đồng,Bản làng/làng nghề/chợ,culture
DNO_0027,Bảo tàng Đắk Nông,Đắk Nông,Văn hóa,Di tích lịch sử/bảo tàng,culture
DNO_0053,Cầu treo Buôn Tua Srah,Đắk Nông,Văn hóa cộng đồng,Bản làng/làng nghề/chợ,culture
DNO_0010,Hang C6 Krông Nô,Đắk Nông,Thiên nhiên,Rừng núi/thác hồ/sinh thái,mountain
DNO_0009,Hang C7 Krông Nô,Đắk Nông,Thiên nhiên,Rừng núi/thác hồ/sinh thái,mountain
DNO_0011,Hang Dơi Krông Nô,Đắk Nông,Thiên nhiên,Rừng núi/thác hồ/sinh thái,mountain
DNO_0044,Hồ Ea Snô,Đắk Nông,Thiên nhiên,Rừng núi/thác hồ/sinh thái,mountain
DNO_0021,Hồ Trúc Đắk Mil,Đắk Nông,Thiên nhiên,Rừng núi/thác hồ/sinh thái,mountain
DNO_0020,Hồ Tây Đắk Mil,Đắk Nông,Thiên nhiên,Rừng núi/thác hồ/sinh thái,mountain
DNO_0054,Hồ thủy điện Buôn Tua Srah,Đắk Nông,Văn hóa cộng đồng,Bản làng/làng nghề/chợ,culture
DNO_0024,Hồ Đại La,Đắk Nông,Thiên nhiên,Rừng núi/thác hồ/sinh thái,mountain
DNO_0006,Hồ Đắk N'teng,Đắk Nông,Thiên nhiên,Rừng núi/thác hồ/sinh thái,mountain
DNO_0049,Hồ Đắk R'Lấp,Đắk Nông,Thiên nhiên,Rừng núi/thác hồ/sinh thái,mountain
DNO_0042,Hồ Đắk R'tih,Đắk Nông,Thiên nhiên,Rừng núi/thác hồ/sinh thái,mountain
DNO_0045,Khu du lịch hồ Ea Snô,Đắk Nông,Thiên nhiên,Rừng núi/thác hồ/sinh thái,mountain
DNO_0041,Làng văn hóa M'nông Đắk Nia,Đắk Nông,Văn hóa cộng đồng,Bản làng/làng nghề/chợ,culture
DNO_0025,Quảng trường trung tâm Gia Nghĩa,Đắk Nông,Giải trí,Công viên/khu vui chơi/check-in,checkin
DNO_0031,Thiền viện Trúc Lâm Đạo Nguyên,Đắk Nông,Thiên nhiên,Biển đảo/rừng núi/sinh thái,religious
DNO_0012,Thác Dray Sáp,Đắk Nông,Thiên nhiên,Rừng núi/thác hồ/sinh thái,mountain
DNO_0013,Thác Gia Long Đắk Nông,Đắk Nông,Thiên nhiên,Rừng núi/thác hồ/sinh thái,mountain
DNO_0019,Thác Gấu,Đắk Nông,Thiên nhiên,Rừng núi/thác hồ/sinh thái,mountain
DNO_0050,Thác Len Gun,Đắk Nông,Thiên nhiên,Rừng núi/thác hồ/sinh thái,mountain
DNO_0022,Thác Lưu Ly,Đắk Nông,Thiên nhiên,Rừng núi/thác hồ/sinh thái,mountain
DNO_0014,Thác Trinh Nữ,Đắk Nông,Thiên nhiên,Rừng núi/thác hồ/sinh thái,mountain
DNO_0015,Thác Đray Nur phía Đắk Nông,Đắk Nông,Thiên nhiên,Rừng núi/thác hồ/sinh thái,mountain
DNO_0034,Thác Đắk Buk So,Đắk Nông,Thiên nhiên,Rừng núi/thác hồ/sinh thái,mountain
DNO_0033,Thác Đắk G'Lun,Đắk Nông,Thiên nhiên,Rừng núi/thác hồ/sinh thái,mountain
DNO_0028,Tượng đài N'Trang Lơng,Đắk Nông,Tâm linh,Công trình tôn giáo/tưởng niệm,religious
DNO_0038,Vườn cà phê Đắk Mil,Đắk Nông,Văn hóa cộng đồng,Bản làng/làng nghề/chợ,culture
DNO_0030,Đỉnh Nam Nung,Đắk Nông,Thiên nhiên,Rừng núi/thác hồ/sinh thái,mountain
DNO_0023,Đồi chè Gia Nghĩa,Đắk Nông,Thiên nhiên,Rừng núi/thác hồ/sinh thái,mountain
DNO_0051,Đồi thông Đắk Song,Đắk Nông,Thiên nhiên,Rừng núi/thác hồ/sinh thái,mountain
DNO_0026,Chợ Gia Nghĩa,Đắk Nông,Ẩm thực,Chợ/đặc sản,food
DNO_0048,Chợ Kiến Đức,Đắk Nông,Ẩm thực,Chợ/đặc sản,food
DNO_0047,Chợ Đắk Mil,Đắk Nông,Ẩm thực,Chợ/đặc sản,food
DNO_0035,Cửa khẩu Bu Prăng,Đắk Nông,Di tích,Điểm tham quan văn hóa,heritage
DNO_0036,Cửa khẩu Đắk Peur,Đắk Nông,Di tích,Điểm tham quan văn hóa,heritage
DNO_0029,Khu bảo tồn thiên nhiên Nam Nung,Đắk Nông,Di tích,Điểm tham quan văn hóa,heritage
DNO_0052,Khu du lịch Phước Sơn Đắk Nông,Đắk Nông,Di tích,Điểm tham quan văn hóa,heritage
DNO_0032,Khu du lịch sinh thái Nâm Nung,Đắk Nông,Di tích,Điểm tham quan văn hóa,heritage
DNO_0046,Sông Sêrêpốk Đắk Nông,Đắk Nông,Di tích,Điểm tham quan văn hóa,heritage
DNO_0043,Thủy điện Đắk R'tih,Đắk Nông,Di tích,Điểm tham quan văn hóa,heritage
DNO_0037,Đồn điền cà phê Đức Lập,Đắk Nông,Di tích,Điểm tham quan văn hóa,heritage
DNai_0028,Bàu Sấu Cát Tiên,Đồng Nai,Thiên nhiên,Hồ/rừng/núi/sinh thái,mountain
DNai_0029,Cây Tung cổ thụ Cát Tiên,Đồng Nai,Thiên nhiên,Hồ/rừng/núi/sinh thái,mountain
DNai_0025,Căn cứ Trung ương Cục miền Nam tại Mã Đà,Đồng Nai,Tâm linh,Công trình tôn giáo/tưởng niệm,religious
DNai_0030,Ghềnh Bến Cự Cát Tiên,Đồng Nai,Thiên nhiên,Hồ/rừng/núi/sinh thái,mountain
DNai_0018,Hồ Trị An,Đồng Nai,Thiên nhiên,Hồ/rừng/núi/sinh thái,mountain
DNai_0033,Khu di chỉ khảo cổ Cát Tiên,Đồng Nai,Thiên nhiên,Hồ/rừng/núi/sinh thái,mountain
DNai_0042,Khu du lịch Bò Cạp Vàng,Đồng Nai,Giải trí,Công viên/khu vui chơi/check-in,checkin
DNai_0001,Khu du lịch Bửu Long,Đồng Nai,Thiên nhiên,Hồ/rừng/núi/sinh thái,mountain
DNai_0041,Khu du lịch thác Giang Điền,Đồng Nai,Thiên nhiên,Hồ/rừng/núi/sinh thái,mountain
DNai_0070,Làng nghề đá Bửu Long,Đồng Nai,Văn hóa cộng đồng,Làng nghề/chợ/vườn trái cây,culture
DNai_0027,Nam Cát Tiên,Đồng Nai,Thiên nhiên,Hồ/rừng/núi/sinh thái,mountain
DNai_0003,Núi Bình Điện Bửu Long,Đồng Nai,Thiên nhiên,Hồ/rừng/núi/sinh thái,mountain
DNai_0040,Thác Giang Điền,Đồng Nai,Thiên nhiên,Hồ/rừng/núi/sinh thái,mountain
DNai_0032,Trung tâm cứu hộ gấu Cát Tiên,Đồng Nai,Thiên nhiên,Hồ/rừng/núi/sinh thái,mountain
DNai_0005,Văn miếu Trấn Biên,Đồng Nai,Tâm linh,Công trình tôn giáo/tưởng niệm,religious
DNai_0026,Vườn quốc gia Cát Tiên,Đồng Nai,Thiên nhiên,Hồ/rừng/núi/sinh thái,mountain
DNai_0031,Đảo Tiên Cát Tiên,Đồng Nai,Thiên nhiên,Hồ/rừng/núi/sinh thái,beach
DNai_0021,Đập thủy điện Trị An,Đồng Nai,Thiên nhiên,Hồ/rừng/núi/sinh thái,mountain
DNai_0036,Bàu nước sôi Thác Mai,Đồng Nai,Thiên nhiên,Hồ/rừng/núi/sinh thái,mountain
DNai_0010,Bảo tàng Đồng Nai,Đồng Nai,Văn hóa,Di tích lịch sử/bảo tàng,culture
DNai_0024,Chiến khu Đ Đồng Nai,Đồng Nai,Văn hóa,Di tích lịch sử/bảo tàng,culture
DNai_0004,Chùa Bửu Phong,Đồng Nai,Tâm linh,Chùa/thiền viện,religious
DNai_0061,Chùa Gia Lào,Đồng Nai,Tâm linh,Chùa/thiền viện,religious
DNai_0048,Chùa Long Hương,Đồng Nai,Tâm linh,Chùa/thiền viện,religious
DNai_0007,Chùa Long Thiền,Đồng Nai,Tâm linh,Chùa/thiền viện,religious
DNai_0006,Chùa Đại Giác,Đồng Nai,Tâm linh,Chùa/thiền viện,religious
DNai_0014,Chợ Biên Hòa,Đồng Nai,Văn hóa cộng đồng,Làng nghề/chợ/vườn trái cây,culture
DNai_0078,Chợ Dầu Giây,Đồng Nai,Văn hóa cộng đồng,Làng nghề/chợ/vườn trái cây,culture
DNai_0054,Chợ Long Khánh,Đồng Nai,Văn hóa cộng đồng,Làng nghề/chợ/vườn trái cây,culture
DNai_0050,Chợ Long Thành,Đồng Nai,Văn hóa cộng đồng,Làng nghề/chợ/vườn trái cây,culture
DNai_0074,Chợ Trảng Bom,Đồng Nai,Văn hóa cộng đồng,Làng nghề/chợ/vườn trái cây,culture
DNai_0062,Cáp treo núi Chứa Chan,Đồng Nai,Thiên nhiên,Hồ/rừng/núi/sinh thái,religious
DNai_0015,Công viên Biên Hùng,Đồng Nai,Thiên nhiên,Biển đảo/rừng núi/sinh thái,beach
DNai_0056,Công viên Suối Mơ Đồng Nai,Đồng Nai,Thiên nhiên,Hồ/rừng/núi/sinh thái,mountain
DNai_0039,Công viên đá Định Quán,Đồng Nai,Giải trí,Công viên/khu vui chơi/check-in,checkin
DNai_0046,Cù lao Ba Xê,Đồng Nai,Thiên nhiên,Hồ/rừng/núi/sinh thái,beach
DNai_0012,Cù lao Phố,Đồng Nai,Thiên nhiên,Hồ/rừng/núi/sinh thái,beach
DNai_0068,Cù lao Tân Triều,Đồng Nai,Thiên nhiên,Hồ/rừng/núi/sinh thái,beach
DNai_0075,Di tích căn cứ Rừng Lá,Đồng Nai,Tâm linh,Công trình tôn giáo/tưởng niệm,religious
DNai_0077,Hồ Cầu Mới,Đồng Nai,Thiên nhiên,Hồ/rừng/núi/sinh thái,mountain
DNai_0002,Hồ Long Ẩn,Đồng Nai,Thiên nhiên,Hồ/rừng/núi/sinh thái,mountain
DNai_0063,Hồ Núi Le,Đồng Nai,Thiên nhiên,Hồ/rừng/núi/sinh thái,mountain
DNai_0072,Hồ Sông Mây,Đồng Nai,Thiên nhiên,Hồ/rừng/núi/sinh thái,mountain
DNai_0057,Hồ Đa Tôn,Đồng Nai,Thiên nhiên,Hồ/rừng/núi/sinh thái,mountain
DNai_0045,Khu du lịch Bằng Lăng Tím,Đồng Nai,Giải trí,Công viên/khu vui chơi/check-in,checkin
DNai_0055,Khu du lịch Suối Mơ,Đồng Nai,Thiên nhiên,Hồ/rừng/núi/sinh thái,mountain
DNai_0016,Khu du lịch Sơn Tiên,Đồng Nai,Giải trí,Công viên/khu vui chơi/check-in,checkin
DNai_0049,Khu du lịch Sơn Tiên Long Thành,Đồng Nai,Giải trí,Công viên/khu vui chơi/check-in,checkin
DNai_0038,Khu du lịch Thác Ba Giọt,Đồng Nai,Thiên nhiên,Hồ/rừng/núi/sinh thái,mountain
DNai_0047,Khu du lịch sinh thái Bàu Sen,Đồng Nai,Giải trí,Công viên/khu vui chơi/check-in,checkin
DNai_0071,Khu du lịch sinh thái Cao Minh,Đồng Nai,Giải trí,Công viên/khu vui chơi/check-in,checkin
DNai_0043,Khu du lịch sinh thái Vườn Xoài,Đồng Nai,Giải trí,Công viên/khu vui chơi/check-in,checkin
DNai_0064,Khu du lịch sinh thái núi Chứa Chan,Đồng Nai,Thiên nhiên,Hồ/rừng/núi/sinh thái,religious
DNai_0067,Làng bưởi Tân Triều,Đồng Nai,Văn hóa cộng đồng,Làng nghề/chợ/vườn trái cây,culture
DNai_0044,Làng du lịch Tre Việt,Đồng Nai,Văn hóa cộng đồng,Làng nghề/chợ/vườn trái cây,culture
DNai_0052,Làng du lịch sinh thái vườn Long Khánh,Đồng Nai,Văn hóa cộng đồng,Làng nghề/chợ/vườn trái cây,culture
DNai_0069,Làng nghề gốm Biên Hòa,Đồng Nai,Văn hóa cộng đồng,Làng nghề/chợ/vườn trái cây,culture
DNai_0009,Nhà thờ Chính tòa Xuân Lộc,Đồng Nai,Tâm linh,Công trình tôn giáo/tưởng niệm,religious
DNai_0059,Núi Chứa Chan,Đồng Nai,Thiên nhiên,Hồ/rừng/núi/sinh thái,religious
DNai_0060,Núi Gia Lào,Đồng Nai,Thiên nhiên,Hồ/rừng/núi/sinh thái,mountain
DNai_0022,Rừng Mã Đà,Đồng Nai,Thiên nhiên,Hồ/rừng/núi/sinh thái,mountain
DNai_0073,Sân golf Đồng Nai,Đồng Nai,Giải trí,Công viên/khu vui chơi/check-in,checkin
DNai_0080,Sông Đồng Nai Biên Hòa,Đồng Nai,Thiên nhiên,Hồ/rừng/núi/sinh thái,mountain
DNai_0035,Thác Mai,Đồng Nai,Thiên nhiên,Hồ/rừng/núi/sinh thái,mountain
DNai_0034,Thác Trời Định Quán,Đồng Nai,Thiên nhiên,Hồ/rừng/núi/sinh thái,mountain
DNai_0066,Vườn bưởi Tân Triều,Đồng Nai,Văn hóa cộng đồng,Làng nghề/chợ/vườn trái cây,culture
DNai_0076,Vườn trái cây Cẩm Mỹ,Đồng Nai,Văn hóa cộng đồng,Làng nghề/chợ/vườn trái cây,culture
DNai_0051,Vườn trái cây Long Khánh,Đồng Nai,Văn hóa cộng đồng,Làng nghề/chợ/vườn trái cây,culture
DNai_0037,Đá Ba Chồng,Đồng Nai,Thiên nhiên,Hồ/rừng/núi/sinh thái,mountain
DNai_0013,Đình Tân Lân,Đồng Nai,Tâm linh,Công trình tôn giáo/tưởng niệm,religious
DNai_0020,Đảo Ó,Đồng Nai,Thiên nhiên,Hồ/rừng/núi/sinh thái,beach
DNai_0019,Đảo Ó Đồng Trường,Đồng Nai,Thiên nhiên,Hồ/rừng/núi/sinh thái,beach
DNai_0008,Đền thờ Nguyễn Hữu Cảnh,Đồng Nai,Tâm linh,Công trình tôn giáo/tưởng niệm,religious
DNai_0081,Cầu Ghềnh Biên Hòa,Đồng Nai,Thiên nhiên,Biển đảo/rừng núi/sinh thái,beach
DNai_0023,Khu bảo tồn thiên nhiên văn hóa Đồng Nai,Đồng Nai,Di tích,Điểm tham quan văn hóa,heritage
DNai_0079,Khu tưởng niệm chiến thắng La Ngà,Đồng Nai,Di tích,Điểm tham quan văn hóa,heritage
DNai_0011,Quảng trường tỉnh Đồng Nai,Đồng Nai,Di tích,Điểm tham quan văn hóa,heritage
DNai_0017,The Amazing Bay,Đồng Nai,Di tích,Điểm tham quan văn hóa,heritage
DNai_0065,Vườn ca cao Trọng Đức,Đồng Nai,Di tích,Điểm tham quan văn hóa,heritage
DNai_0053,Vườn chôm chôm Long Khánh,Đồng Nai,Di tích,Điểm tham quan văn hóa,heritage
DNai_0058,Đập Đa Tôn,Đồng Nai,Di tích,Điểm tham quan văn hóa,heritage
DT_0011,Di tích quốc gia đặc biệt Gò Tháp,Đồng Tháp,Văn hóa,Di tích lịch sử/bảo tàng,culture
DT_0002,Khu Ramsar Tràm Chim,Đồng Tháp,Thiên nhiên,Núi rừng/hồ thác/đất ngập nước,nature
DT_0010,Khu di tích Gò Tháp,Đồng Tháp,Văn hóa,Di tích lịch sử/bảo tàng,culture
DT_0018,Khu di tích Nguyễn Sinh Sắc,Đồng Tháp,Văn hóa,Di tích lịch sử/bảo tàng,culture
DT_0008,Khu di tích Xẻo Quýt,Đồng Tháp,Văn hóa,Di tích lịch sử/bảo tàng,culture
DT_0005,Khu du lịch sinh thái Gáo Giồng,Đồng Tháp,Thiên nhiên,Núi rừng/hồ thác/đất ngập nước,nature
DT_0014,Khu du lịch Đồng sen Tháp Mười,Đồng Tháp,Văn hóa cộng đồng,Chợ/làng nghề/cộng đồng,culture
DT_0026,Làng hoa Sa Đéc,Đồng Tháp,Văn hóa cộng đồng,Chợ/làng nghề/cộng đồng,culture
DT_0016,Miếu Bà Chúa Xứ Gò Tháp,Đồng Tháp,Tâm linh,Đền/miếu/đình/lăng,religious
DT_0017,Mộ cụ Phó bảng Nguyễn Sinh Sắc,Đồng Tháp,Tâm linh,Đền/miếu/đình/lăng,religious
DT_0028,Nhà cổ Huỳnh Thủy Lê,Đồng Tháp,Văn hóa,Di tích lịch sử/bảo tàng,culture
DT_0006,Rừng tràm Gáo Giồng,Đồng Tháp,Thiên nhiên,Núi rừng/hồ thác/đất ngập nước,nature
DT_0009,Rừng tràm Xẻo Quýt,Đồng Tháp,Văn hóa,Di tích lịch sử/bảo tàng,culture
DT_0007,Sân chim Gáo Giồng,Đồng Tháp,Thiên nhiên,Núi rừng/hồ thác/đất ngập nước,nature
DT_0004,Sân chim Tràm Chim,Đồng Tháp,Thiên nhiên,Núi rừng/hồ thác/đất ngập nước,nature
DT_0036,Vườn quýt hồng Lai Vung,Đồng Tháp,Văn hóa cộng đồng,Chợ/làng nghề/cộng đồng,culture
DT_0001,Vườn quốc gia Tràm Chim,Đồng Tháp,Văn hóa cộng đồng,Chợ/làng nghề/cộng đồng,culture
DT_0013,Đồng sen Tháp Mười,Đồng Tháp,Văn hóa cộng đồng,Chợ/làng nghề/cộng đồng,culture
DT_0003,Đồng sen Tràm Chim,Đồng Tháp,Văn hóa cộng đồng,Chợ/làng nghề/cộng đồng,culture
DT_0019,Bảo tàng Đồng Tháp,Đồng Tháp,Văn hóa,Di tích lịch sử/bảo tàng,culture
DT_0045,Bến phà Hồng Ngự,Đồng Tháp,Thiên nhiên,Núi rừng/hồ thác/đất ngập nước,nature
DT_0054,Chùa Bửu Lâm Lấp Vò,Đồng Tháp,Tâm linh,Chùa/thiền viện,religious
DT_0072,Chùa Kim Huê Sa Đéc,Đồng Tháp,Tâm linh,Chùa/thiền viện,religious
DT_0029,Chùa Kiến An Cung,Đồng Tháp,Tâm linh,Chùa/thiền viện,religious
DT_0073,Chùa Phước Hưng Sa Đéc,Đồng Tháp,Tâm linh,Chùa/thiền viện,religious
DT_0015,Chùa Tháp Linh,Đồng Tháp,Tâm linh,Chùa/thiền viện,religious
DT_0023,Chợ Cao Lãnh,Đồng Tháp,Văn hóa cộng đồng,Chợ/làng nghề/cộng đồng,culture
DT_0056,Chợ Châu Thành Đồng Tháp,Đồng Tháp,Văn hóa cộng đồng,Chợ/làng nghề/cộng đồng,culture
DT_0043,Chợ Hồng Ngự,Đồng Tháp,Văn hóa cộng đồng,Chợ/làng nghề/cộng đồng,culture
DT_0038,Chợ Lai Vung,Đồng Tháp,Văn hóa cộng đồng,Chợ/làng nghề/cộng đồng,culture
DT_0053,Chợ Lấp Vò,Đồng Tháp,Văn hóa cộng đồng,Chợ/làng nghề/cộng đồng,culture
DT_0030,Chợ Sa Đéc,Đồng Tháp,Văn hóa cộng đồng,Chợ/làng nghề/cộng đồng,culture
DT_0047,Chợ Tân Hồng,Đồng Tháp,Văn hóa cộng đồng,Chợ/làng nghề/cộng đồng,culture
DT_0052,Chợ chiếu Định Yên,Đồng Tháp,Văn hóa cộng đồng,Chợ/làng nghề/cộng đồng,culture
DT_0024,Chợ đêm Cao Lãnh,Đồng Tháp,Văn hóa cộng đồng,Chợ/làng nghề/cộng đồng,culture
DT_0075,Chợ đầu mối hoa Sa Đéc,Đồng Tháp,Văn hóa cộng đồng,Chợ/làng nghề/cộng đồng,culture
DT_0025,Công viên Hai Bà Trưng Cao Lãnh,Đồng Tháp,Giải trí,Công viên/khu vui chơi/check-in,checkin
DT_0032,Công viên Sa Đéc,Đồng Tháp,Giải trí,Công viên/khu vui chơi/check-in,checkin
DT_0021,Công viên Văn Miếu Cao Lãnh,Đồng Tháp,Tâm linh,Đền/miếu/đình/lăng,religious
DT_0050,Cồn Tân Thuận Đông,Đồng Tháp,Văn hóa cộng đồng,Chợ/làng nghề/cộng đồng,culture
DT_0068,Khu căn cứ Đồng Tháp Mười,Đồng Tháp,Văn hóa,Di tích lịch sử/bảo tàng,culture
DT_0035,Khu du lịch Cánh đồng hoa hồng Sa Đéc,Đồng Tháp,Thiên nhiên,Núi rừng/hồ thác/đất ngập nước,nature
DT_0034,Khu du lịch Happy Land Hùng Thy,Đồng Tháp,Giải trí,Công viên/khu vui chơi/check-in,checkin
DT_0040,Khu du lịch sinh thái Nam Hương,Đồng Tháp,Giải trí,Công viên/khu vui chơi/check-in,checkin
DT_0049,Khu du lịch sinh thái Tân Thuận Đông,Đồng Tháp,Giải trí,Công viên/khu vui chơi/check-in,checkin
DT_0061,Khu du lịch sinh thái Đồng Tháp Mười,Đồng Tháp,Giải trí,Công viên/khu vui chơi/check-in,checkin
DT_0065,Khu du lịch văn hóa Phương Nam,Đồng Tháp,Giải trí,Công viên/khu vui chơi/check-in,checkin
DT_0042,Làng bè Hồng Ngự,Đồng Tháp,Văn hóa cộng đồng,Chợ/làng nghề/cộng đồng,culture
DT_0033,Làng bột Sa Đéc,Đồng Tháp,Văn hóa cộng đồng,Chợ/làng nghề/cộng đồng,culture
DT_0070,Làng du lịch cộng đồng Tân Thuận Tây,Đồng Tháp,Văn hóa cộng đồng,Chợ/làng nghề/cộng đồng,culture
DT_0027,Làng hoa Tân Quy Đông,Đồng Tháp,Văn hóa cộng đồng,Chợ/làng nghề/cộng đồng,culture
DT_0037,Làng nem Lai Vung,Đồng Tháp,Văn hóa cộng đồng,Chợ/làng nghề/cộng đồng,culture
DT_0051,Làng nghề dệt chiếu Định Yên,Đồng Tháp,Văn hóa cộng đồng,Chợ/làng nghề/cộng đồng,culture
DT_0064,Làng nghề đóng xuồng Long Hậu,Đồng Tháp,Văn hóa cộng đồng,Chợ/làng nghề/cộng đồng,culture
DT_0059,Làng xoài Cao Lãnh,Đồng Tháp,Văn hóa cộng đồng,Chợ/làng nghề/cộng đồng,culture
DT_0071,Nhà cổ Dương Văn Hổ,Đồng Tháp,Văn hóa,Di tích lịch sử/bảo tàng,culture
DT_0063,Sông Tiền đoạn Cao Lãnh,Đồng Tháp,Thiên nhiên,Núi rừng/hồ thác/đất ngập nước,nature
DT_0012,Tháp Mười sen hồng,Đồng Tháp,Thiên nhiên,Núi rừng/hồ thác/đất ngập nước,nature
DT_0020,Văn Thánh Miếu Cao Lãnh,Đồng Tháp,Tâm linh,Đền/miếu/đình/lăng,religious
DT_0060,Vườn du lịch sinh thái Mỹ Xương,Đồng Tháp,Văn hóa cộng đồng,Chợ/làng nghề/cộng đồng,culture
DT_0074,Vườn kiểng Sa Đéc,Đồng Tháp,Văn hóa cộng đồng,Chợ/làng nghề/cộng đồng,culture
DT_0057,Vườn nhãn Châu Thành,Đồng Tháp,Văn hóa cộng đồng,Chợ/làng nghề/cộng đồng,culture
DT_0039,Vườn trái cây Lai Vung,Đồng Tháp,Văn hóa cộng đồng,Chợ/làng nghề/cộng đồng,culture
DT_0058,Vườn xoài Cao Lãnh,Đồng Tháp,Văn hóa cộng đồng,Chợ/làng nghề/cộng đồng,culture
DT_0069,Đầm sen Mỹ Hòa,Đồng Tháp,Thiên nhiên,Núi rừng/hồ thác/đất ngập nước,nature
DT_0067,Đền thờ Thiên hộ Võ Duy Dương,Đồng Tháp,Tâm linh,Đền/miếu/đình/lăng,religious
DT_0066,Đền thờ Đốc binh Kiều,Đồng Tháp,Tâm linh,Đền/miếu/đình/lăng,religious
DT_0048,Đồng sen Tân Hồng,Đồng Tháp,Văn hóa cộng đồng,Chợ/làng nghề/cộng đồng,culture
DT_0031,Bờ kè Sa Đéc,Đồng Tháp,Di tích,Điểm tham quan văn hóa,heritage
DT_0055,Cù lao Giêng phía Đồng Tháp,Đồng Tháp,Di tích,Điểm tham quan văn hóa,heritage
DT_0041,Cù lao Long Khánh,Đồng Tháp,Di tích,Điểm tham quan văn hóa,heritage
DT_0022,Cầu Cao Lãnh,Đồng Tháp,Di tích,Điểm tham quan văn hóa,heritage
DT_0046,Cửa khẩu Dinh Bà,Đồng Tháp,Di tích,Điểm tham quan văn hóa,heritage
DT_0044,Cửa khẩu Thường Phước,Đồng Tháp,Di tích,Điểm tham quan văn hóa,heritage
DT_0062,Trại rắn Đồng Tâm Đồng Tháp,Đồng Tháp,Di tích,Điểm tham quan văn hóa,heritage
